loan_amount_requested,loan_tenure_months,interest_rate_offered,cibil_score,debt_to_income_ratio,applicant_age,number_of_dependents,fraud_flag,loan_type_Car Loan,loan_type_Education Loan,loan_type_Home Loan,loan_type_Personal Loan,employment_status_Retired,employment_status_Salaried,employment_status_Self-Employed,employment_status_Student,employment_status_Unemployed,property_ownership_status_Owned,property_ownership_status_Rented,gender_Male,gender_Other
604000.0,12.0,11.66,714.0,3.17,28.0,3.0,0,0,0,0,0,1,0,0,0,0,0,1,0,0
100000.0,240.0,13.62,667.0,0.0,44.0,3.0,0,1,0,0,0,0,0,0,0,1,1,0,0,1
324000.0,120.0,10.36,647.0,13.89,27.0,4.0,0,1,0,0,0,0,0,1,0,0,0,1,0,1
100000.0,36.0,14.14,624.0,2.51,50.0,0.0,0,0,0,0,1,0,1,0,0,0,0,1,0,1
1164000.0,24.0,9.83,710.0,4.54,25.0,4.0,0,0,0,0,0,0,0,1,0,0,0,0,1,0
220000.0,36.0,8.71,768.0,14.16,46.0,1.0,0,0,0,0,1,0,0,0,0,1,0,1,1,0
475000.0,60.0,12.87,677.0,5.18,31.0,1.0,0,0,0,1,0,0,0,0,0,1,1,0,1,0
106000.0,120.0,10.22,723.0,11.17,42.0,4.0,0,0,0,0,1,0,0,0,0,0,1,0,0,0
768000.0,240.0,7.46,707.0,9.03,51.0,1.0,0,0,0,1,0,0,0,0,1,0,0,0,1,0
395000.0,12.0,8.33,696.0,0.0,40.0,4.0,0,0,1,0,0,0,1,0,0,0,0,0,1,0
256000.0,120.0,8.86,747.0,1.83,63.0,1.0,0,0,0,1,0,0,0,0,0,1,0,1,1,0
745000.0,12.0,9.78,619.0,0.0,61.0,1.0,0,0,1,0,0,0,0,1,0,0,0,1,0,0
100000.0,120.0,12.25,629.0,5.44,33.0,3.0,0,0,1,0,0,0,0,0,1,0,0,0,0,0
635000.0,240.0,11.62,673.0,3.05,55.0,3.0,0,0,0,0,1,0,0,0,1,0,0,1,0,1
100000.0,240.0,11.48,612.0,11.56,25.0,1.0,0,0,1,0,0,0,0,0,0,1,0,1,0,1
541000.0,12.0,11.86,656.0,5.7,64.0,4.0,0,0,0,1,0,0,1,0,0,0,0,1,0,0
526000.0,120.0,12.18,641.0,5.13,48.0,0.0,0,0,1,0,0,0,1,0,0,0,1,0,1,0
898000.0,240.0,10.18,683.0,6.19,54.0,0.0,0,0,0,0,1,0,0,0,0,0,0,1,0,1
582000.0,120.0,12.89,670.0,0.0,65.0,2.0,0,1,0,0,0,0,0,0,1,0,1,0,1,0
1038000.0,12.0,10.23,669.0,1.04,29.0,0.0,0,1,0,0,0,1,0,0,0,0,0,1,0,0
444000.0,24.0,8.91,749.0,6.14,50.0,3.0,0,0,1,0,0,0,0,0,0,0,0,1,1,0
104000.0,120.0,12.62,743.0,7.16,45.0,4.0,0,0,1,0,0,0,1,0,0,0,0,1,0,0
210000.0,36.0,11.92,791.0,0.0,61.0,4.0,0,0,1,0,0,0,0,0,0,1,0,0,0,0
100000.0,360.0,12.16,660.0,16.99,59.0,1.0,0,0,0,1,0,0,0,1,0,0,1,0,1,0
336000.0,12.0,11.53,674.0,6.74,55.0,2.0,0,0,1,0,0,0,1,0,0,0,0,1,0,0
875000.0,120.0,10.81,677.0,0.0,59.0,1.0,0,1,0,0,0,1,0,0,0,0,0,0,0,1
592000.0,360.0,7.87,655.0,5.01,32.0,3.0,0,0,0,1,0,0,1,0,0,0,1,0,0,1
926000.0,60.0,14.05,750.0,6.98,26.0,4.0,0,0,0,0,1,1,0,0,0,0,0,0,0,1
374000.0,240.0,10.13,675.0,10.5,25.0,3.0,0,1,0,0,0,0,0,1,0,0,0,1,0,0
596000.0,36.0,9.89,778.0,1.77,51.0,1.0,0,0,0,0,1,0,1,0,0,0,0,0,1,0
552000.0,360.0,9.34,688.0,0.0,51.0,2.0,0,0,0,0,1,0,0,0,0,1,0,1,0,0
706000.0,36.0,8.18,771.0,2.07,22.0,4.0,0,0,0,0,1,0,1,0,0,0,0,1,0,1
911000.0,60.0,12.73,661.0,7.66,63.0,0.0,0,0,0,0,0,0,0,1,0,0,0,0,0,0
306000.0,240.0,10.29,646.0,6.58,30.0,4.0,0,1,0,0,0,0,0,0,0,0,0,0,0,0
604000.0,12.0,11.03,661.0,6.82,39.0,3.0,0,0,0,0,1,0,0,0,1,0,1,0,0,1
398000.0,240.0,8.87,664.0,4.75,21.0,2.0,0,0,0,1,0,0,0,0,1,0,0,1,1,0
518000.0,12.0,14.03,704.0,6.1,61.0,3.0,0,0,1,0,0,0,0,1,0,0,0,1,0,1
460000.0,36.0,10.02,750.0,4.67,37.0,2.0,0,0,0,0,0,0,0,0,0,0,0,0,0,1
464000.0,60.0,8.58,697.0,16.74,28.0,4.0,0,1,0,0,0,0,0,1,0,0,1,0,0,1
100000.0,60.0,11.99,732.0,4.89,25.0,3.0,0,0,0,1,0,0,0,0,0,0,0,0,0,0
242000.0,36.0,10.47,645.0,17.74,33.0,1.0,0,0,0,0,1,1,0,0,0,0,1,0,0,0
427000.0,36.0,9.95,606.0,9.24,36.0,0.0,0,0,0,1,0,0,0,0,0,0,0,1,0,1
552000.0,24.0,9.48,762.0,0.0,47.0,2.0,0,0,0,1,0,0,0,0,0,0,1,0,0,1
384000.0,360.0,13.39,683.0,7.92,52.0,2.0,0,0,0,1,0,0,1,0,0,0,0,0,0,1
702000.0,12.0,7.7,747.0,7.69,28.0,2.0,0,0,1,0,0,1,0,0,0,0,1,0,0,1
100000.0,12.0,10.56,623.0,4.13,50.0,4.0,0,0,0,0,1,0,0,0,1,0,0,1,0,1
437000.0,360.0,8.85,681.0,11.15,24.0,2.0,0,0,0,0,1,0,0,0,1,0,1,0,1,0
778000.0,60.0,12.85,700.0,4.03,58.0,1.0,0,0,0,0,0,0,1,0,0,0,1,0,1,0
502000.0,360.0,9.89,710.0,2.05,53.0,4.0,0,1,0,0,0,0,0,0,1,0,0,0,0,0
326000.0,36.0,7.9,745.0,3.88,39.0,1.0,0,1,0,0,0,0,1,0,0,0,1,0,0,0
459000.0,60.0,11.56,799.0,13.31,25.0,4.0,0,0,0,0,1,0,1,0,0,0,1,0,1,0
100000.0,360.0,8.93,681.0,2.58,50.0,4.0,0,1,0,0,0,0,0,1,0,0,1,0,0,0
260000.0,36.0,12.25,609.0,0.53,48.0,4.0,0,0,1,0,0,0,0,0,1,0,0,0,1,0
457000.0,120.0,12.83,674.0,4.69,24.0,1.0,0,0,0,0,0,0,0,1,0,0,0,0,1,0
501000.0,60.0,9.26,727.0,1.6,58.0,3.0,0,0,0,1,0,1,0,0,0,0,1,0,0,0
606000.0,240.0,11.67,794.0,20.77,59.0,2.0,0,0,0,0,1,0,0,0,1,0,0,0,1,0
545000.0,240.0,7.0,770.0,5.23,28.0,3.0,0,0,1,0,0,1,0,0,0,0,0,0,0,0
184000.0,240.0,8.7,716.0,0.0,38.0,1.0,0,0,1,0,0,0,1,0,0,0,0,0,1,0
290000.0,360.0,9.92,687.0,13.26,33.0,2.0,0,0,0,0,0,0,0,0,1,0,0,0,1,0
748000.0,60.0,7.8,686.0,5.06,39.0,4.0,0,0,0,1,0,0,0,1,0,0,0,1,1,0
807000.0,36.0,10.93,666.0,0.88,32.0,3.0,0,1,0,0,0,0,0,0,0,0,0,1,1,0
270000.0,60.0,9.85,673.0,7.61,52.0,0.0,0,0,1,0,0,0,1,0,0,0,1,0,0,0
242000.0,360.0,11.33,645.0,1.7,26.0,4.0,0,0,0,1,0,0,0,0,0,0,1,0,1,0
811000.0,120.0,9.24,717.0,4.33,52.0,2.0,0,0,0,1,0,0,0,0,1,0,0,1,1,0
834000.0,12.0,12.38,803.0,6.45,37.0,1.0,0,0,0,0,0,0,0,0,1,0,0,0,0,1
603000.0,36.0,9.52,737.0,1.61,29.0,3.0,0,0,0,1,0,0,0,0,1,0,0,1,0,0
619000.0,360.0,7.0,760.0,2.41,56.0,2.0,0,0,0,1,0,0,0,0,1,0,0,1,1,0
351000.0,60.0,8.15,750.0,0.0,45.0,4.0,0,1,0,0,0,0,0,1,0,0,0,0,0,0
547000.0,120.0,8.04,694.0,9.77,34.0,0.0,0,1,0,0,0,0,0,0,0,1,1,0,0,1
403000.0,12.0,13.45,759.0,1.52,32.0,3.0,0,0,0,0,1,0,1,0,0,0,0,1,1,0
180000.0,240.0,8.21,742.0,3.3,28.0,3.0,0,0,0,1,0,0,0,0,0,1,0,0,0,0
351000.0,36.0,12.74,727.0,7.08,45.0,0.0,0,0,0,0,1,0,0,0,0,0,0,0,0,0
931000.0,120.0,7.89,640.0,0.74,64.0,2.0,0,0,1,0,0,0,0,0,0,0,1,0,0,1
230000.0,360.0,9.41,755.0,6.55,64.0,3.0,0,0,0,0,0,0,0,0,1,0,0,0,0,0
497000.0,60.0,11.02,770.0,8.51,33.0,2.0,0,0,0,0,0,0,1,0,0,0,0,0,1,0
718000.0,12.0,8.73,717.0,0.84,24.0,0.0,0,0,0,0,1,0,0,0,0,0,0,0,0,1
404000.0,240.0,11.41,753.0,1.58,55.0,0.0,0,1,0,0,0,0,1,0,0,0,1,0,0,1
591000.0,120.0,7.0,779.0,4.81,26.0,1.0,0,1,0,0,0,0,0,0,0,0,0,1,0,1
175000.0,120.0,9.85,652.0,10.07,29.0,0.0,0,0,0,0,0,0,1,0,0,0,1,0,0,0
301000.0,360.0,13.64,692.0,3.25,51.0,2.0,0,0,0,0,1,0,0,1,0,0,1,0,0,0
196000.0,60.0,12.91,759.0,11.81,28.0,0.0,0,1,0,0,0,0,0,0,1,0,0,1,0,1
975000.0,120.0,10.63,704.0,3.34,56.0,4.0,0,0,0,0,1,0,1,0,0,0,0,1,0,0
472000.0,24.0,10.99,617.0,10.29,52.0,0.0,0,1,0,0,0,0,0,0,1,0,0,1,0,0
151000.0,36.0,12.04,596.0,0.0,51.0,2.0,0,0,0,0,0,0,0,0,0,0,0,1,1,0
314000.0,360.0,9.47,677.0,5.68,57.0,1.0,0,1,0,0,0,1,0,0,0,0,1,0,0,0
664000.0,360.0,7.35,704.0,3.78,27.0,2.0,0,0,0,1,0,0,1,0,0,0,1,0,0,1
254000.0,60.0,12.91,730.0,2.65,25.0,2.0,0,0,0,0,1,0,0,0,0,1,0,0,0,0
1204000.0,60.0,11.94,732.0,6.1,58.0,0.0,0,0,1,0,0,0,0,0,0,1,0,1,0,0
340000.0,12.0,9.45,710.0,10.13,29.0,0.0,0,0,1,0,0,0,0,0,0,0,0,1,0,1
188000.0,60.0,8.49,643.0,7.01,65.0,2.0,0,0,0,0,1,0,0,1,0,0,0,1,0,0
1002000.0,360.0,9.9,710.0,6.3,61.0,1.0,0,0,0,0,1,0,0,1,0,0,1,0,0,0
158000.0,36.0,11.2,634.0,2.66,63.0,2.0,0,0,0,0,0,0,0,1,0,0,1,0,0,1
656000.0,12.0,10.5,730.0,0.0,40.0,0.0,0,0,0,0,0,0,0,0,1,0,0,1,1,0
192000.0,60.0,8.16,720.0,6.6,37.0,2.0,0,1,0,0,0,0,0,0,0,0,1,0,0,0
790000.0,120.0,10.17,816.0,5.77,55.0,3.0,0,0,0,1,0,0,0,0,0,1,0,0,1,0
405000.0,24.0,11.0,689.0,2.12,24.0,3.0,0,1,0,0,0,0,0,0,0,1,0,0,0,0
158000.0,12.0,10.54,605.0,6.55,33.0,0.0,0,1,0,0,0,0,1,0,0,0,0,1,0,0
329000.0,120.0,8.52,635.0,4.88,55.0,1.0,0,0,0,0,1,0,0,1,0,0,1,0,1,0
458000.0,360.0,7.76,788.0,8.45,51.0,2.0,0,1,0,0,0,0,0,0,0,0,1,0,1,0
118000.0,240.0,7.0,707.0,0.36,50.0,1.0,0,1,0,0,0,0,0,0,1,0,0,0,1,0
480000.0,360.0,13.56,666.0,4.12,54.0,1.0,0,0,0,0,0,0,0,0,0,0,0,1,0,0
350000.0,120.0,8.77,648.0,1.2,36.0,3.0,0,0,1,0,0,0,0,1,0,0,0,0,1,0
561000.0,120.0,11.79,593.0,17.97,48.0,1.0,0,0,1,0,0,0,0,0,1,0,0,0,1,0
100000.0,240.0,10.21,651.0,4.53,62.0,1.0,0,1,0,0,0,0,0,1,0,0,0,0,0,0
656000.0,12.0,9.86,692.0,11.04,62.0,4.0,0,0,0,1,0,0,0,0,0,0,0,0,0,0
205000.0,360.0,10.56,646.0,6.36,39.0,1.0,0,0,0,0,1,0,0,0,0,0,0,0,1,0
690000.0,240.0,8.22,730.0,0.0,26.0,0.0,0,0,1,0,0,0,1,0,0,0,0,1,0,1
194000.0,240.0,12.5,659.0,5.63,40.0,0.0,0,1,0,0,0,0,0,0,0,0,0,0,1,0
860000.0,360.0,9.09,685.0,6.3,22.0,1.0,0,0,0,0,0,1,0,0,0,0,1,0,0,0
842000.0,36.0,8.23,684.0,6.33,50.0,3.0,0,0,1,0,0,0,0,0,0,1,0,0,0,0
170000.0,24.0,10.55,736.0,17.45,42.0,2.0,0,0,1,0,0,0,0,0,0,1,1,0,1,0
132000.0,24.0,13.99,702.0,16.87,35.0,0.0,0,1,0,0,0,0,1,0,0,0,0,0,1,0
405000.0,120.0,9.95,617.0,12.74,57.0,4.0,0,0,0,0,0,0,0,0,0,0,1,0,0,0
783000.0,36.0,10.62,714.0,1.92,53.0,2.0,0,1,0,0,0,0,0,0,0,1,1,0,0,1
893000.0,60.0,7.32,692.0,1.19,58.0,2.0,0,0,0,0,1,0,1,0,0,0,0,0,1,0
268000.0,12.0,8.26,679.0,10.24,45.0,1.0,0,1,0,0,0,0,0,0,1,0,0,0,0,0
966000.0,12.0,13.95,633.0,8.31,46.0,4.0,0,0,0,0,1,0,0,0,0,0,0,0,1,0
542000.0,60.0,9.73,617.0,3.15,22.0,2.0,0,0,1,0,0,0,0,0,0,0,0,1,1,0
118000.0,120.0,9.07,714.0,5.67,63.0,0.0,0,0,0,0,1,0,0,0,0,0,0,1,0,0
439000.0,120.0,9.43,671.0,9.08,42.0,1.0,0,1,0,0,0,0,0,0,0,0,0,1,0,1
632000.0,60.0,11.36,707.0,9.46,57.0,3.0,0,1,0,0,0,0,0,1,0,0,1,0,0,0
764000.0,36.0,10.62,713.0,5.87,48.0,1.0,0,0,1,0,0,0,1,0,0,0,1,0,0,0
458000.0,12.0,10.98,654.0,4.66,33.0,2.0,0,0,0,1,0,1,0,0,0,0,1,0,0,1
621000.0,240.0,10.39,709.0,9.16,23.0,3.0,0,0,0,1,0,0,1,0,0,0,0,0,0,0
334000.0,240.0,10.86,715.0,4.87,22.0,4.0,0,0,1,0,0,1,0,0,0,0,0,0,0,1
800000.0,120.0,10.57,664.0,7.23,34.0,2.0,0,0,1,0,0,0,0,1,0,0,0,1,0,1
1106000.0,360.0,10.53,689.0,7.82,27.0,1.0,0,0,0,1,0,0,0,0,0,1,0,0,0,1
100000.0,12.0,9.63,673.0,9.5,49.0,3.0,0,0,0,0,0,0,1,0,0,0,1,0,0,0
100000.0,36.0,10.76,698.0,1.49,48.0,3.0,0,0,1,0,0,0,0,0,1,0,1,0,0,1
457000.0,24.0,8.65,647.0,2.58,63.0,3.0,0,0,0,1,0,0,0,1,0,0,0,1,0,0
108000.0,240.0,13.24,768.0,0.0,54.0,2.0,0,0,1,0,0,1,0,0,0,0,1,0,0,1
874000.0,12.0,7.34,724.0,2.56,58.0,2.0,0,0,1,0,0,0,0,0,0,0,0,0,0,1
335000.0,360.0,8.41,731.0,5.09,21.0,4.0,0,0,0,0,0,0,0,0,0,1,0,1,0,0
844000.0,60.0,10.72,784.0,6.67,46.0,1.0,0,0,1,0,0,0,0,0,1,0,0,0,1,0
348000.0,360.0,9.94,686.0,3.3,30.0,0.0,0,1,0,0,0,0,1,0,0,0,0,0,1,0
627000.0,60.0,11.2,601.0,8.45,44.0,4.0,0,0,0,1,0,0,0,0,0,1,1,0,1,0
329000.0,240.0,9.54,676.0,7.0,36.0,2.0,0,0,0,0,1,0,0,0,0,0,0,0,0,0
502000.0,24.0,11.81,706.0,0.0,53.0,3.0,0,0,0,1,0,0,1,0,0,0,0,1,0,0
413000.0,360.0,8.77,796.0,6.0,59.0,4.0,0,0,0,0,0,0,0,0,0,1,1,0,0,1
439000.0,60.0,8.84,720.0,0.0,51.0,2.0,0,0,0,0,0,0,0,0,1,0,0,1,0,0
677000.0,36.0,9.59,652.0,10.46,35.0,2.0,0,0,0,0,1,1,0,0,0,0,0,1,1,0
230000.0,24.0,11.33,730.0,7.41,30.0,3.0,0,0,0,0,1,0,0,0,0,0,0,1,0,0
878000.0,360.0,12.38,783.0,1.51,39.0,3.0,0,0,0,0,0,1,0,0,0,0,0,1,1,0
100000.0,360.0,12.99,721.0,4.14,43.0,4.0,0,0,1,0,0,0,1,0,0,0,0,0,0,0
852000.0,240.0,11.52,728.0,7.09,23.0,4.0,0,0,0,0,1,0,1,0,0,0,0,0,0,1
519000.0,36.0,13.63,696.0,12.42,51.0,4.0,0,0,1,0,0,0,0,0,0,0,1,0,1,0
458000.0,36.0,7.28,711.0,3.63,62.0,4.0,0,0,0,0,1,0,0,0,0,0,0,0,0,1
399000.0,24.0,14.73,779.0,3.05,39.0,1.0,0,0,0,0,0,0,0,0,0,0,0,1,0,1
420000.0,60.0,12.62,772.0,3.17,65.0,2.0,0,0,0,0,1,0,1,0,0,0,1,0,0,0
338000.0,360.0,12.34,768.0,7.97,29.0,3.0,0,1,0,0,0,0,0,0,0,1,1,0,0,1
329000.0,240.0,11.89,685.0,6.2,56.0,4.0,0,0,0,1,0,0,0,0,0,0,0,0,1,0
347000.0,240.0,13.07,708.0,4.76,30.0,4.0,0,0,1,0,0,1,0,0,0,0,1,0,0,0
726000.0,120.0,8.64,624.0,4.71,50.0,3.0,0,0,0,0,0,0,1,0,0,0,0,1,1,0
670000.0,60.0,9.96,746.0,8.7,57.0,2.0,0,0,1,0,0,0,0,0,0,0,1,0,0,1
521000.0,240.0,8.06,710.0,2.54,36.0,1.0,0,1,0,0,0,0,0,1,0,0,0,0,0,0
100000.0,36.0,11.23,763.0,5.24,27.0,1.0,0,0,0,1,0,1,0,0,0,0,1,0,0,1
880000.0,24.0,11.27,637.0,0.0,64.0,4.0,0,0,0,0,1,0,0,1,0,0,0,0,0,0
588000.0,12.0,9.7,613.0,4.84,58.0,0.0,0,0,0,1,0,0,0,1,0,0,1,0,0,0
258000.0,360.0,9.32,683.0,0.0,28.0,2.0,1,1,0,0,0,0,1,0,0,0,1,0,1,0
289000.0,24.0,11.78,727.0,2.48,43.0,1.0,0,1,0,0,0,0,0,0,1,0,1,0,1,0
100000.0,24.0,9.88,658.0,5.39,27.0,1.0,0,0,1,0,0,0,1,0,0,0,0,0,0,0
754000.0,120.0,9.22,609.0,7.73,31.0,2.0,0,0,0,0,1,0,1,0,0,0,1,0,0,0
279000.0,12.0,12.57,749.0,17.91,56.0,0.0,0,0,0,1,0,0,0,0,0,1,1,0,1,0
1112000.0,360.0,10.78,763.0,2.48,34.0,4.0,0,0,1,0,0,0,0,0,0,0,0,0,0,0
392000.0,36.0,10.12,801.0,17.93,31.0,3.0,0,0,0,0,1,0,1,0,0,0,0,1,0,1
763000.0,360.0,8.62,638.0,20.23,49.0,4.0,0,0,0,0,1,0,0,0,1,0,0,0,1,0
100000.0,240.0,11.41,739.0,13.68,55.0,0.0,0,0,0,0,0,0,0,0,0,0,0,0,1,0
445000.0,360.0,8.56,636.0,1.23,29.0,3.0,0,0,1,0,0,0,0,0,0,1,0,1,0,0
430000.0,120.0,7.2,753.0,9.04,53.0,0.0,0,1,0,0,0,0,1,0,0,0,0,0,0,1
292000.0,120.0,11.63,663.0,0.0,60.0,0.0,0,1,0,0,0,0,0,1,0,0,0,0,0,1
371000.0,24.0,11.09,728.0,5.13,48.0,3.0,0,0,0,1,0,0,0,0,1,0,1,0,0,0
274000.0,60.0,14.52,671.0,7.33,49.0,0.0,0,1,0,0,0,0,0,0,0,1,0,1,0,1
978000.0,36.0,8.12,633.0,0.21,59.0,1.0,0,0,0,0,0,1,0,0,0,0,0,1,0,0
795000.0,60.0,11.63,674.0,3.14,62.0,1.0,0,0,0,0,0,0,1,0,0,0,1,0,0,0
781000.0,36.0,9.37,673.0,3.04,63.0,0.0,0,1,0,0,0,0,1,0,0,0,1,0,0,1
101000.0,240.0,7.98,689.0,19.35,33.0,1.0,0,0,0,0,0,1,0,0,0,0,1,0,0,0
694000.0,240.0,8.96,724.0,11.06,35.0,0.0,0,1,0,0,0,0,0,1,0,0,1,0,1,0
100000.0,12.0,8.72,723.0,2.68,45.0,0.0,0,0,0,0,1,0,1,0,0,0,0,1,0,0
123000.0,60.0,9.49,686.0,6.46,29.0,2.0,0,0,0,0,0,0,0,0,0,1,0,0,0,0
173000.0,120.0,7.0,732.0,6.78,59.0,1.0,0,0,0,0,1,0,0,0,0,1,0,1,0,0
699000.0,240.0,8.03,806.0,0.0,25.0,3.0,0,0,0,0,0,0,1,0,0,0,1,0,0,0
100000.0,36.0,10.71,696.0,15.72,49.0,3.0,0,0,1,0,0,0,0,0,0,1,1,0,0,1
379000.0,12.0,10.04,703.0,5.68,64.0,1.0,0,1,0,0,0,0,0,0,1,0,1,0,1,0
519000.0,36.0,9.84,695.0,11.13,28.0,3.0,0,0,0,1,0,1,0,0,0,0,1,0,0,1
220000.0,36.0,7.69,656.0,5.11,35.0,2.0,0,0,1,0,0,0,0,0,0,0,0,1,0,1
440000.0,360.0,10.35,766.0,5.12,60.0,3.0,0,1,0,0,0,0,0,0,0,0,0,0,0,1
489000.0,24.0,10.11,648.0,13.0,24.0,1.0,0,1,0,0,0,0,0,0,1,0,0,1,0,0
581000.0,24.0,13.21,747.0,5.57,25.0,2.0,0,0,0,0,0,0,0,0,1,0,0,1,1,0
982000.0,360.0,8.52,739.0,18.75,29.0,2.0,0,0,0,1,0,1,0,0,0,0,0,0,0,0
155000.0,120.0,9.92,725.0,3.0,64.0,3.0,0,0,0,0,1,0,0,0,1,0,0,0,0,1
731000.0,12.0,9.2,770.0,3.99,55.0,0.0,0,0,0,0,0,0,0,0,1,0,1,0,1,0
596000.0,60.0,10.48,646.0,5.08,65.0,4.0,0,1,0,0,0,0,0,1,0,0,1,0,1,0
492000.0,36.0,9.05,704.0,6.22,44.0,3.0,0,0,0,0,0,0,1,0,0,0,0,0,1,0
276000.0,12.0,12.29,618.0,7.36,29.0,1.0,0,0,0,0,0,0,0,1,0,0,0,0,1,0
739000.0,240.0,11.99,686.0,3.26,34.0,3.0,0,0,0,0,0,1,0,0,0,0,1,0,1,0
692000.0,360.0,10.45,710.0,17.24,28.0,4.0,0,0,0,1,0,0,0,0,0,0,1,0,1,0
423000.0,12.0,11.82,680.0,0.0,52.0,1.0,0,0,0,1,0,0,0,0,1,0,0,1,1,0
468000.0,240.0,9.72,725.0,14.79,34.0,0.0,0,0,0,0,0,0,0,0,0,0,1,0,0,0
100000.0,240.0,9.04,724.0,4.16,34.0,0.0,0,0,0,0,0,0,0,0,0,1,0,1,0,0
619000.0,12.0,9.9,739.0,2.03,60.0,0.0,1,0,1,0,0,0,0,1,0,0,1,0,1,0
943000.0,360.0,7.0,663.0,5.06,47.0,3.0,0,0,0,1,0,0,0,0,0,1,0,1,0,1
100000.0,12.0,7.78,707.0,8.1,48.0,0.0,0,0,0,0,0,0,0,1,0,0,0,0,0,1
522000.0,24.0,8.06,681.0,7.64,53.0,0.0,0,1,0,0,0,0,0,0,0,1,0,1,0,1
629000.0,240.0,10.64,667.0,6.02,43.0,0.0,0,0,0,0,0,0,0,0,0,0,0,0,1,0
424000.0,24.0,10.23,723.0,4.35,29.0,4.0,0,0,0,1,0,1,0,0,0,0,1,0,0,0
393000.0,360.0,8.52,703.0,5.7,28.0,0.0,0,0,0,0,0,0,0,1,0,0,1,0,0,1
395000.0,12.0,9.32,647.0,5.49,26.0,0.0,0,1,0,0,0,0,0,0,0,0,1,0,1,0
731000.0,240.0,10.5,733.0,2.52,40.0,0.0,0,0,1,0,0,0,0,0,0,0,0,1,1,0
692000.0,12.0,8.32,691.0,15.0,25.0,1.0,0,1,0,0,0,0,0,1,0,0,1,0,1,0
756000.0,60.0,12.03,745.0,6.9,40.0,1.0,0,1,0,0,0,0,1,0,0,0,0,1,1,0
404000.0,360.0,13.45,769.0,0.99,53.0,1.0,0,0,0,0,1,0,0,0,0,1,1,0,1,0
619000.0,24.0,7.88,731.0,8.01,36.0,3.0,0,0,0,0,0,0,1,0,0,0,0,1,0,0
779000.0,240.0,10.11,715.0,9.16,47.0,3.0,0,1,0,0,0,1,0,0,0,0,0,0,1,0
274000.0,60.0,11.7,740.0,8.47,46.0,1.0,0,0,0,0,0,0,0,0,1,0,0,1,0,1
422000.0,240.0,11.46,778.0,3.31,46.0,3.0,0,0,0,0,0,0,1,0,0,0,0,1,0,0
353000.0,60.0,11.98,685.0,4.3,56.0,2.0,0,0,0,0,0,0,0,0,1,0,0,1,1,0
776000.0,24.0,10.78,727.0,3.24,31.0,1.0,0,0,0,0,1,0,0,0,0,0,0,0,0,0
769000.0,60.0,9.96,746.0,0.0,35.0,0.0,0,0,0,0,1,0,0,0,1,0,0,0,1,0
1254000.0,24.0,8.84,759.0,3.7,55.0,1.0,0,1,0,0,0,0,0,0,0,1,1,0,1,0
447000.0,240.0,13.5,704.0,12.58,36.0,4.0,0,1,0,0,0,0,0,1,0,0,1,0,1,0
357000.0,60.0,9.67,728.0,0.45,59.0,0.0,0,1,0,0,0,1,0,0,0,0,1,0,0,1
613000.0,120.0,9.62,734.0,4.45,57.0,1.0,0,1,0,0,0,0,0,0,1,0,1,0,1,0
938000.0,36.0,7.0,758.0,6.18,56.0,2.0,1,0,0,0,1,0,0,0,1,0,0,0,1,0
1253000.0,60.0,9.46,699.0,6.5,31.0,3.0,0,0,0,1,0,1,0,0,0,0,1,0,0,0
613000.0,120.0,8.65,719.0,12.66,24.0,4.0,0,0,0,0,0,0,0,0,0,0,0,1,1,0
406000.0,120.0,10.15,801.0,8.54,21.0,4.0,0,0,0,0,1,1,0,0,0,0,0,1,1,0
218000.0,24.0,12.25,725.0,15.99,41.0,1.0,0,1,0,0,0,0,0,0,0,0,0,1,1,0
422000.0,12.0,12.64,718.0,14.22,53.0,0.0,0,0,0,0,1,0,0,0,1,0,0,1,0,0
265000.0,360.0,12.1,572.0,10.06,36.0,3.0,0,0,0,1,0,0,0,0,0,1,1,0,0,1
173000.0,12.0,10.71,699.0,6.38,43.0,4.0,0,0,1,0,0,0,0,0,1,0,0,1,1,0
337000.0,36.0,8.74,764.0,7.67,61.0,1.0,0,0,1,0,0,0,0,1,0,0,0,0,0,1
775000.0,36.0,12.48,636.0,9.03,30.0,4.0,0,1,0,0,0,1,0,0,0,0,1,0,1,0
917000.0,36.0,10.67,692.0,4.02,23.0,4.0,0,0,0,0,0,0,0,0,0,0,1,0,0,1
475000.0,24.0,9.77,667.0,5.34,21.0,3.0,0,1,0,0,0,0,0,0,0,1,1,0,0,1
149000.0,36.0,9.88,733.0,6.52,37.0,2.0,0,0,1,0,0,0,0,0,1,0,0,1,0,0
683000.0,36.0,14.08,708.0,0.0,62.0,2.0,0,1,0,0,0,0,0,1,0,0,0,1,0,0
705000.0,360.0,8.2,661.0,9.73,60.0,3.0,0,0,1,0,0,1,0,0,0,0,0,1,1,0
1048000.0,36.0,9.04,654.0,4.76,33.0,3.0,0,0,0,1,0,0,1,0,0,0,0,0,0,1
524000.0,60.0,9.7,768.0,11.74,58.0,4.0,0,0,0,0,1,0,1,0,0,0,0,1,0,0
613000.0,60.0,15.35,704.0,5.05,50.0,4.0,0,0,0,1,0,0,0,0,0,1,1,0,0,0
909000.0,12.0,12.92,709.0,8.28,59.0,3.0,0,0,1,0,0,0,0,0,0,1,0,0,0,0
525000.0,24.0,8.61,716.0,10.93,55.0,1.0,0,0,0,0,1,0,0,1,0,0,0,0,0,0
1002000.0,24.0,10.49,688.0,11.88,56.0,2.0,0,0,0,1,0,0,0,0,0,0,0,1,0,1
601000.0,24.0,9.96,698.0,3.35,60.0,2.0,0,0,1,0,0,0,0,0,1,0,1,0,0,0
914000.0,360.0,9.05,584.0,4.85,53.0,1.0,0,1,0,0,0,0,0,1,0,0,0,0,1,0
176000.0,120.0,11.68,775.0,5.48,31.0,4.0,0,0,0,0,0,0,0,0,0,1,1,0,0,1
309000.0,12.0,14.78,766.0,0.0,21.0,3.0,0,1,0,0,0,0,0,0,0,1,0,0,1,0
295000.0,12.0,8.35,686.0,3.27,49.0,3.0,0,0,0,0,1,0,0,0,0,1,0,1,1,0
1078000.0,60.0,8.05,739.0,7.38,54.0,0.0,0,0,1,0,0,1,0,0,0,0,0,1,0,1
554000.0,60.0,8.18,726.0,5.68,37.0,1.0,0,0,0,0,1,0,0,0,1,0,0,1,0,1
823000.0,12.0,7.0,706.0,1.21,35.0,2.0,0,0,0,1,0,0,0,1,0,0,1,0,0,1
682000.0,36.0,10.84,822.0,2.99,48.0,2.0,0,1,0,0,0,0,0,0,0,0,1,0,1,0
833000.0,240.0,8.78,636.0,5.81,32.0,0.0,0,1,0,0,0,0,0,0,0,0,0,0,1,0
795000.0,24.0,8.82,766.0,4.29,21.0,2.0,0,0,0,0,0,0,0,0,0,0,1,0,0,0
367000.0,12.0,10.3,668.0,1.64,35.0,1.0,0,0,0,1,0,1,0,0,0,0,1,0,1,0
672000.0,24.0,10.61,724.0,3.55,56.0,1.0,0,1,0,0,0,0,0,1,0,0,0,0,1,0
476000.0,240.0,9.33,635.0,4.89,43.0,0.0,0,0,0,0,0,0,0,1,0,0,1,0,0,1
100000.0,24.0,10.96,718.0,3.48,53.0,2.0,0,0,0,0,1,0,0,0,0,1,0,1,1,0
960000.0,12.0,13.18,632.0,20.0,46.0,4.0,0,1,0,0,0,0,0,0,0,1,0,1,1,0
430000.0,360.0,11.88,640.0,8.96,24.0,0.0,0,0,0,0,1,0,0,0,1,0,0,1,0,1
310000.0,12.0,10.09,673.0,3.6,35.0,3.0,0,0,0,1,0,1,0,0,0,0,0,0,0,0
325000.0,36.0,12.91,640.0,3.99,30.0,3.0,0,0,0,0,0,1,0,0,0,0,0,0,1,0
854000.0,12.0,13.37,637.0,8.46,48.0,0.0,0,0,0,0,0,0,0,0,1,0,0,1,0,0
653000.0,12.0,10.94,723.0,2.36,62.0,0.0,0,0,1,0,0,0,0,0,0,1,0,0,0,0
871000.0,24.0,9.59,716.0,1.01,59.0,4.0,0,1,0,0,0,0,0,1,0,0,0,0,0,1
863000.0,120.0,9.39,716.0,6.58,40.0,1.0,0,0,0,0,0,0,1,0,0,0,1,0,1,0
857000.0,12.0,13.39,783.0,7.48,47.0,2.0,0,1,0,0,0,0,0,0,1,0,1,0,1,0
392000.0,240.0,10.58,674.0,4.49,61.0,0.0,0,0,0,0,0,0,0,0,0,0,0,1,0,0
929000.0,24.0,7.64,758.0,8.63,55.0,2.0,0,0,1,0,0,0,1,0,0,0,0,1,0,0
100000.0,240.0,10.34,712.0,11.37,59.0,3.0,0,0,1,0,0,0,0,0,1,0,0,0,0,0
1074000.0,240.0,9.17,645.0,0.63,54.0,1.0,0,0,1,0,0,0,0,1,0,0,0,1,0,1
289000.0,24.0,7.4,726.0,4.11,35.0,3.0,0,0,0,1,0,1,0,0,0,0,0,1,0,0
767000.0,120.0,7.25,612.0,2.11,34.0,2.0,0,0,0,0,0,0,1,0,0,0,0,1,1,0
562000.0,360.0,12.33,709.0,10.79,25.0,4.0,0,0,0,0,0,0,0,0,0,1,1,0,0,0
932000.0,60.0,10.76,714.0,1.4,33.0,0.0,0,0,0,0,1,0,0,0,0,0,1,0,0,0
678000.0,240.0,11.48,735.0,4.4,42.0,1.0,0,1,0,0,0,0,0,0,1,0,0,0,1,0
220000.0,360.0,10.55,647.0,1.65,48.0,2.0,0,0,0,0,0,0,0,0,0,0,0,1,0,1
147000.0,60.0,8.44,678.0,8.14,24.0,3.0,0,0,0,0,0,0,0,0,0,1,1,0,0,0
349000.0,240.0,9.5,703.0,5.15,42.0,1.0,0,0,1,0,0,0,0,1,0,0,0,0,1,0
736000.0,60.0,10.34,729.0,14.76,38.0,4.0,0,0,1,0,0,0,0,1,0,0,1,0,1,0
346000.0,60.0,9.75,665.0,8.09,40.0,4.0,0,0,1,0,0,0,0,0,0,0,0,1,1,0
329000.0,12.0,10.9,677.0,2.58,53.0,3.0,0,0,0,0,1,0,0,0,1,0,1,0,0,0
100000.0,36.0,9.34,715.0,8.24,29.0,2.0,0,0,0,0,1,0,0,0,0,0,0,0,0,1
1077000.0,360.0,9.94,700.0,0.0,35.0,4.0,0,0,1,0,0,0,1,0,0,0,0,0,0,0
519000.0,24.0,8.48,722.0,2.16,34.0,3.0,0,0,1,0,0,0,0,1,0,0,0,1,1,0
172000.0,24.0,8.23,667.0,2.86,58.0,4.0,0,0,0,0,0,0,0,0,0,1,0,0,1,0
280000.0,120.0,12.01,732.0,16.54,25.0,2.0,0,0,1,0,0,0,1,0,0,0,0,1,1,0
892000.0,240.0,9.82,748.0,10.63,57.0,1.0,0,1,0,0,0,0,0,0,0,1,0,1,1,0
542000.0,12.0,10.64,678.0,5.37,49.0,4.0,0,1,0,0,0,0,0,0,1,0,0,0,0,0
714000.0,36.0,10.61,721.0,5.61,24.0,4.0,0,1,0,0,0,0,0,0,0,0,0,1,0,1
630000.0,36.0,8.35,733.0,0.0,40.0,0.0,0,0,0,0,0,1,0,0,0,0,1,0,0,1
421000.0,360.0,10.55,727.0,1.25,45.0,4.0,0,0,1,0,0,0,0,1,0,0,1,0,0,1
574000.0,24.0,11.53,719.0,5.18,54.0,4.0,0,1,0,0,0,0,0,0,0,0,0,1,0,1
445000.0,240.0,9.41,733.0,13.28,38.0,2.0,0,0,0,1,0,0,0,0,0,1,0,0,0,0
200000.0,60.0,8.42,637.0,14.32,22.0,3.0,0,0,0,0,1,0,0,0,0,1,1,0,1,0
492000.0,120.0,9.92,651.0,0.21,27.0,3.0,0,0,0,1,0,1,0,0,0,0,1,0,0,1
219000.0,12.0,11.35,665.0,10.74,48.0,3.0,0,0,1,0,0,0,0,0,0,0,1,0,0,1
779000.0,60.0,9.62,741.0,3.12,36.0,0.0,0,1,0,0,0,0,1,0,0,0,0,0,0,0
575000.0,36.0,10.76,708.0,2.11,53.0,4.0,0,0,0,0,0,0,0,0,0,0,0,1,1,0
288000.0,240.0,7.96,691.0,4.55,26.0,1.0,0,0,0,0,0,0,0,0,1,0,0,0,1,0
100000.0,240.0,9.88,653.0,19.53,45.0,1.0,0,0,0,1,0,0,0,0,0,0,0,0,1,0
733000.0,120.0,7.79,593.0,1.58,32.0,2.0,0,0,0,0,0,0,0,0,0,1,0,1,0,0
439000.0,24.0,13.89,821.0,5.77,46.0,4.0,0,0,1,0,0,1,0,0,0,0,0,0,0,0
424000.0,120.0,10.28,768.0,20.58,43.0,2.0,0,1,0,0,0,0,0,0,1,0,0,0,1,0
338000.0,36.0,10.66,634.0,5.07,27.0,2.0,1,1,0,0,0,0,0,1,0,0,0,0,1,0
1109000.0,12.0,7.0,635.0,5.65,45.0,2.0,0,0,0,0,0,0,0,0,0,0,0,0,1,0
619000.0,12.0,8.4,729.0,11.11,44.0,1.0,0,1,0,0,0,0,0,1,0,0,0,0,1,0
100000.0,36.0,13.01,672.0,3.34,61.0,0.0,0,0,0,0,0,1,0,0,0,0,0,0,0,1
743000.0,120.0,10.69,798.0,13.33,44.0,3.0,0,0,1,0,0,0,0,1,0,0,0,1,1,0
601000.0,360.0,11.86,778.0,3.52,65.0,2.0,0,0,0,0,1,0,0,0,0,1,0,1,0,0
462000.0,12.0,13.03,621.0,9.49,38.0,2.0,0,0,0,0,0,0,0,0,0,0,0,0,1,0
556000.0,120.0,13.27,725.0,6.77,64.0,3.0,0,1,0,0,0,0,0,0,1,0,0,0,1,0
344000.0,36.0,12.93,736.0,7.85,25.0,0.0,0,0,1,0,0,0,1,0,0,0,0,1,0,1
100000.0,12.0,10.8,670.0,2.76,41.0,3.0,0,0,0,0,0,0,0,0,0,0,0,0,0,1
100000.0,36.0,11.74,597.0,15.24,52.0,2.0,0,1,0,0,0,0,0,1,0,0,0,0,0,1
536000.0,120.0,12.49,718.0,5.65,55.0,2.0,0,0,0,1,0,0,0,0,0,0,0,0,1,0
310000.0,12.0,8.41,709.0,6.78,46.0,4.0,0,1,0,0,0,0,1,0,0,0,1,0,0,1
883000.0,360.0,10.73,677.0,7.19,26.0,2.0,0,1,0,0,0,0,1,0,0,0,0,1,1,0
990000.0,60.0,8.69,647.0,1.81,25.0,0.0,0,1,0,0,0,0,1,0,0,0,0,0,0,0
540000.0,36.0,7.0,777.0,16.53,42.0,0.0,0,0,0,0,0,0,0,0,1,0,0,0,1,0
488000.0,24.0,8.93,704.0,8.88,54.0,2.0,0,0,0,1,0,0,0,0,0,0,0,1,0,0
630000.0,36.0,10.27,688.0,16.44,44.0,3.0,0,0,0,1,0,0,1,0,0,0,0,1,0,1
242000.0,12.0,13.13,623.0,0.0,53.0,1.0,0,0,0,1,0,1,0,0,0,0,1,0,0,0
363000.0,360.0,9.37,716.0,10.54,31.0,3.0,0,0,0,1,0,0,0,0,0,1,0,0,1,0
312000.0,360.0,14.28,693.0,4.19,29.0,3.0,0,0,0,1,0,0,0,1,0,0,0,0,0,1
970000.0,240.0,10.14,731.0,18.5,35.0,4.0,0,0,1,0,0,0,0,0,0,1,1,0,0,1
590000.0,240.0,12.91,684.0,0.41,34.0,2.0,0,0,0,1,0,0,0,0,1,0,0,1,0,1
660000.0,12.0,7.49,700.0,10.2,58.0,3.0,0,1,0,0,0,0,0,0,0,1,0,1,1,0
207000.0,60.0,10.06,716.0,4.73,30.0,3.0,0,0,1,0,0,1,0,0,0,0,1,0,0,0
469000.0,12.0,7.28,665.0,4.3,23.0,2.0,0,0,1,0,0,0,0,0,1,0,0,0,0,1
456000.0,36.0,10.45,730.0,0.0,44.0,1.0,0,0,1,0,0,0,0,1,0,0,0,1,1,0
584000.0,120.0,9.73,650.0,9.52,56.0,4.0,0,0,0,1,0,0,0,0,1,0,0,0,0,1
470000.0,360.0,12.52,691.0,0.0,31.0,0.0,0,0,0,0,0,0,0,0,0,1,1,0,0,1
213000.0,360.0,13.42,688.0,5.48,51.0,4.0,0,0,1,0,0,0,0,0,0,0,0,1,1,0
176000.0,360.0,11.43,677.0,13.27,34.0,0.0,0,0,1,0,0,1,0,0,0,0,0,1,1,0
701000.0,24.0,10.16,647.0,4.86,25.0,4.0,0,0,0,1,0,0,0,1,0,0,1,0,0,0
243000.0,240.0,13.21,616.0,5.43,23.0,0.0,0,1,0,0,0,0,0,1,0,0,0,0,0,1
883000.0,120.0,8.36,710.0,18.63,61.0,3.0,0,0,0,1,0,1,0,0,0,0,0,0,0,1
812000.0,60.0,8.89,753.0,5.76,24.0,0.0,0,0,0,0,0,1,0,0,0,0,1,0,1,0
486000.0,60.0,11.7,730.0,17.07,53.0,0.0,0,0,0,1,0,0,0,0,0,0,0,0,1,0
804000.0,24.0,10.42,667.0,1.1,50.0,1.0,0,0,0,1,0,0,0,0,1,0,1,0,0,1
401000.0,60.0,12.54,739.0,1.57,30.0,1.0,0,0,0,0,1,0,0,1,0,0,0,0,1,0
906000.0,360.0,8.96,700.0,6.16,29.0,1.0,0,1,0,0,0,0,0,1,0,0,0,1,1,0
337000.0,120.0,10.36,679.0,7.65,29.0,4.0,0,0,0,1,0,0,0,0,0,0,0,0,0,1
103000.0,360.0,10.45,712.0,6.25,55.0,0.0,0,0,0,0,0,1,0,0,0,0,1,0,0,0
941000.0,240.0,9.4,738.0,1.61,58.0,3.0,0,1,0,0,0,1,0,0,0,0,0,0,0,1
568000.0,360.0,7.0,616.0,6.55,37.0,2.0,0,1,0,0,0,0,1,0,0,0,0,0,0,0
551000.0,240.0,9.82,674.0,1.27,37.0,4.0,0,0,0,1,0,0,0,0,0,1,1,0,0,1
709000.0,24.0,12.03,702.0,11.5,64.0,3.0,0,0,0,0,0,0,0,0,1,0,0,0,0,1
698000.0,24.0,8.37,619.0,14.37,62.0,4.0,0,0,0,0,1,0,0,0,0,1,0,0,1,0
445000.0,360.0,12.62,665.0,2.85,55.0,3.0,0,0,0,0,0,1,0,0,0,0,0,0,0,1
643000.0,120.0,10.62,750.0,0.0,21.0,3.0,0,1,0,0,0,0,0,1,0,0,1,0,0,1
790000.0,360.0,9.8,775.0,0.0,26.0,2.0,0,0,0,1,0,0,0,0,0,0,0,0,1,0
810000.0,36.0,7.4,690.0,1.72,59.0,1.0,0,0,0,0,0,0,0,0,1,0,0,1,0,1
215000.0,120.0,12.29,615.0,4.98,50.0,0.0,0,0,0,1,0,0,0,0,0,1,0,0,0,1
100000.0,36.0,10.19,719.0,8.15,28.0,3.0,0,0,0,0,0,0,0,0,0,1,1,0,0,1
336000.0,36.0,15.28,704.0,7.13,62.0,1.0,0,0,0,1,0,0,1,0,0,0,1,0,0,0
534000.0,360.0,10.3,775.0,4.15,25.0,1.0,0,0,1,0,0,0,0,1,0,0,1,0,0,1
545000.0,12.0,7.0,638.0,10.11,62.0,0.0,0,0,0,0,0,0,0,1,0,0,1,0,1,0
241000.0,60.0,13.36,705.0,8.84,60.0,1.0,0,0,0,0,1,0,0,0,0,0,0,0,0,1
429000.0,240.0,7.84,707.0,5.66,48.0,0.0,0,1,0,0,0,0,0,1,0,0,0,0,0,0
621000.0,36.0,9.58,658.0,4.3,48.0,2.0,0,0,0,0,0,1,0,0,0,0,1,0,0,1
631000.0,60.0,11.2,727.0,9.11,40.0,4.0,0,0,1,0,0,0,0,0,0,1,0,1,1,0
551000.0,12.0,13.89,792.0,0.0,48.0,0.0,0,1,0,0,0,0,1,0,0,0,0,0,0,1
413000.0,240.0,9.09,728.0,10.18,32.0,4.0,0,0,0,0,1,0,1,0,0,0,0,0,0,1
645000.0,360.0,9.42,752.0,7.47,28.0,4.0,0,0,0,1,0,0,0,0,1,0,0,1,0,0
312000.0,360.0,8.52,686.0,9.35,54.0,4.0,0,0,0,1,0,1,0,0,0,0,0,0,1,0
180000.0,60.0,8.96,726.0,4.11,33.0,0.0,0,0,0,1,0,0,0,0,1,0,0,0,1,0
173000.0,12.0,7.77,771.0,9.34,50.0,4.0,0,0,0,0,1,0,0,0,0,0,0,0,0,0
112000.0,24.0,11.69,681.0,7.83,26.0,4.0,0,0,0,0,1,0,1,0,0,0,0,0,0,0
840000.0,36.0,13.35,625.0,8.06,21.0,3.0,0,0,1,0,0,1,0,0,0,0,1,0,1,0
900000.0,240.0,11.72,717.0,11.46,44.0,1.0,0,0,0,0,0,1,0,0,0,0,0,1,0,1
813000.0,360.0,8.75,702.0,2.43,25.0,2.0,0,1,0,0,0,0,0,0,1,0,1,0,1,0
554000.0,36.0,8.45,689.0,0.0,38.0,0.0,0,1,0,0,0,0,0,0,0,0,1,0,0,0
404000.0,60.0,10.36,736.0,7.69,62.0,3.0,0,0,1,0,0,1,0,0,0,0,0,0,0,0
204000.0,240.0,10.81,701.0,9.21,61.0,0.0,0,0,0,0,1,0,0,1,0,0,1,0,1,0
100000.0,60.0,10.05,637.0,6.33,35.0,0.0,0,0,0,0,0,1,0,0,0,0,0,1,0,0
100000.0,24.0,7.86,659.0,4.72,63.0,1.0,0,0,1,0,0,0,0,0,1,0,0,0,0,1
461000.0,360.0,11.58,721.0,3.39,52.0,3.0,0,0,0,0,1,1,0,0,0,0,0,0,0,0
1251000.0,12.0,7.0,589.0,20.36,60.0,2.0,0,0,1,0,0,1,0,0,0,0,1,0,0,0
1027000.0,360.0,12.06,724.0,2.49,24.0,3.0,0,0,1,0,0,0,0,0,0,1,1,0,0,1
334000.0,12.0,13.99,715.0,12.93,56.0,1.0,0,0,0,1,0,0,0,0,0,1,1,0,0,0
100000.0,24.0,11.22,665.0,15.56,38.0,0.0,0,0,0,1,0,0,0,0,0,1,0,0,1,0
800000.0,24.0,10.55,689.0,5.0,34.0,0.0,0,0,0,0,1,0,0,1,0,0,1,0,0,0
420000.0,360.0,11.92,625.0,1.32,37.0,1.0,0,0,1,0,0,0,1,0,0,0,1,0,0,1
844000.0,240.0,12.01,645.0,8.54,36.0,3.0,0,0,1,0,0,0,0,0,0,0,0,1,0,0
796000.0,24.0,13.93,629.0,8.05,35.0,3.0,0,0,0,0,0,0,1,0,0,0,1,0,0,1
1050000.0,120.0,7.18,724.0,10.9,53.0,1.0,0,0,0,0,0,0,1,0,0,0,0,1,0,1
738000.0,240.0,9.88,725.0,9.73,50.0,1.0,0,0,1,0,0,0,1,0,0,0,0,1,1,0
204000.0,120.0,8.26,665.0,5.65,47.0,0.0,0,0,0,0,1,0,0,0,1,0,1,0,0,0
887000.0,36.0,9.71,766.0,5.84,44.0,4.0,0,0,1,0,0,0,0,1,0,0,0,0,0,1
100000.0,36.0,9.23,734.0,6.31,28.0,0.0,0,0,0,0,0,0,0,0,1,0,1,0,1,0
465000.0,120.0,10.9,721.0,7.86,58.0,3.0,0,0,0,1,0,0,0,1,0,0,0,1,0,0
559000.0,36.0,7.61,708.0,0.18,54.0,3.0,0,0,1,0,0,0,0,0,1,0,1,0,0,0
258000.0,240.0,9.44,750.0,2.91,38.0,4.0,0,0,0,0,0,0,0,0,0,0,0,0,0,0
264000.0,120.0,9.49,701.0,6.61,58.0,0.0,0,1,0,0,0,0,0,0,0,1,0,0,0,0
146000.0,360.0,11.88,674.0,4.7,29.0,1.0,0,0,0,1,0,0,0,0,0,0,1,0,0,0
802000.0,360.0,9.85,647.0,1.67,61.0,4.0,0,0,0,0,0,0,0,0,0,1,1,0,0,0
705000.0,360.0,9.31,636.0,3.23,30.0,0.0,0,0,0,0,0,0,0,1,0,0,0,0,1,0
408000.0,120.0,7.0,640.0,0.97,33.0,0.0,0,0,0,0,1,0,1,0,0,0,0,1,0,0
362000.0,12.0,10.53,680.0,6.28,27.0,2.0,0,0,1,0,0,0,0,0,0,1,0,0,1,0
353000.0,240.0,12.55,694.0,1.54,42.0,1.0,0,0,1,0,0,0,0,1,0,0,0,0,1,0
264000.0,60.0,11.65,643.0,6.36,64.0,0.0,0,0,0,1,0,0,1,0,0,0,1,0,0,0
100000.0,12.0,9.75,742.0,2.65,64.0,3.0,0,0,0,0,1,0,0,0,0,0,0,1,1,0
556000.0,240.0,10.4,729.0,7.17,31.0,4.0,0,0,1,0,0,0,0,0,0,1,0,1,0,1
373000.0,36.0,14.11,720.0,3.11,22.0,4.0,0,1,0,0,0,1,0,0,0,0,1,0,0,1
676000.0,60.0,10.6,653.0,12.42,61.0,3.0,0,1,0,0,0,0,0,0,0,0,1,0,1,0
890000.0,120.0,8.63,770.0,2.95,25.0,1.0,0,0,0,0,1,0,0,0,1,0,0,1,0,1
182000.0,12.0,11.58,712.0,10.63,31.0,1.0,0,0,0,0,1,0,0,0,1,0,0,1,1,0
100000.0,60.0,8.86,663.0,1.96,50.0,1.0,0,0,0,1,0,0,0,0,0,0,0,0,0,0
657000.0,360.0,10.18,602.0,1.84,56.0,3.0,0,1,0,0,0,0,0,0,0,0,1,0,0,0
544000.0,12.0,10.6,743.0,5.34,34.0,1.0,0,0,0,0,1,0,0,1,0,0,0,0,0,1
571000.0,240.0,12.75,687.0,10.0,25.0,4.0,0,0,1,0,0,0,1,0,0,0,0,0,1,0
475000.0,240.0,13.1,698.0,9.7,40.0,2.0,0,1,0,0,0,0,0,0,0,1,1,0,1,0
168000.0,60.0,9.19,788.0,6.0,32.0,4.0,0,0,0,1,0,0,0,1,0,0,1,0,0,1
723000.0,120.0,8.31,751.0,0.57,29.0,1.0,0,0,0,1,0,0,0,1,0,0,0,1,0,0
583000.0,240.0,10.0,817.0,8.59,36.0,4.0,0,0,1,0,0,0,1,0,0,0,1,0,1,0
100000.0,120.0,9.73,704.0,7.1,44.0,0.0,0,1,0,0,0,0,0,0,0,1,0,1,1,0
245000.0,120.0,14.24,707.0,3.97,55.0,4.0,0,0,1,0,0,0,1,0,0,0,0,0,0,0
955000.0,24.0,9.18,732.0,9.2,30.0,0.0,0,0,0,0,0,0,1,0,0,0,0,1,1,0
777000.0,60.0,12.46,727.0,10.95,40.0,2.0,0,0,0,1,0,1,0,0,0,0,0,1,0,1
655000.0,12.0,9.99,742.0,2.85,21.0,1.0,0,0,0,0,1,0,0,0,0,0,1,0,0,1
336000.0,360.0,8.68,666.0,0.0,60.0,2.0,0,0,0,1,0,1,0,0,0,0,0,0,0,0
218000.0,24.0,10.18,674.0,12.5,44.0,2.0,0,0,1,0,0,1,0,0,0,0,0,1,0,0
433000.0,120.0,13.19,694.0,7.05,35.0,0.0,0,1,0,0,0,1,0,0,0,0,1,0,0,1
642000.0,36.0,10.15,761.0,6.6,39.0,1.0,0,0,0,0,0,1,0,0,0,0,0,1,0,1
854000.0,24.0,12.49,724.0,1.93,53.0,1.0,0,0,0,1,0,0,0,0,0,0,0,1,0,1
437000.0,12.0,10.32,683.0,7.09,30.0,3.0,0,0,1,0,0,1,0,0,0,0,0,0,0,1
617000.0,12.0,11.27,733.0,8.64,57.0,1.0,0,0,0,1,0,0,1,0,0,0,0,0,0,0
806000.0,240.0,14.92,750.0,3.69,37.0,0.0,0,1,0,0,0,1,0,0,0,0,0,0,1,0
832000.0,120.0,12.47,735.0,7.64,21.0,4.0,0,1,0,0,0,0,0,0,0,0,0,0,0,1
201000.0,36.0,9.7,709.0,7.16,65.0,4.0,0,0,0,0,1,0,0,1,0,0,0,1,0,0
639000.0,60.0,10.39,761.0,2.71,56.0,2.0,0,0,0,0,0,1,0,0,0,0,0,0,1,0
254000.0,240.0,10.45,610.0,16.08,62.0,3.0,0,0,0,0,0,0,0,0,0,0,1,0,0,1
514000.0,120.0,12.69,650.0,4.51,41.0,1.0,0,1,0,0,0,1,0,0,0,0,0,1,1,0
500000.0,360.0,8.03,701.0,3.88,33.0,0.0,0,0,0,0,0,0,0,0,1,0,1,0,1,0
687000.0,24.0,8.4,637.0,1.79,61.0,3.0,0,0,0,0,0,0,0,0,1,0,0,1,0,0
802000.0,24.0,9.54,741.0,2.74,36.0,2.0,0,0,0,0,1,0,0,0,0,1,0,1,0,0
326000.0,120.0,8.58,684.0,0.37,32.0,4.0,0,0,0,1,0,0,0,0,1,0,0,0,1,0
758000.0,240.0,9.9,715.0,7.5,48.0,3.0,0,0,1,0,0,0,0,0,0,1,0,0,0,0
392000.0,24.0,9.18,679.0,3.46,57.0,0.0,0,0,0,0,0,0,0,1,0,0,1,0,1,0
581000.0,360.0,13.0,701.0,4.18,33.0,0.0,0,0,1,0,0,0,0,0,0,0,0,0,0,0
1069000.0,60.0,12.02,758.0,11.61,31.0,2.0,0,0,0,1,0,0,0,0,1,0,0,1,0,0
1057000.0,60.0,11.28,738.0,5.03,58.0,2.0,0,1,0,0,0,0,0,1,0,0,1,0,0,1
688000.0,120.0,12.7,650.0,4.5,35.0,1.0,0,0,1,0,0,0,0,0,0,1,0,1,1,0
100000.0,120.0,11.21,637.0,3.52,35.0,3.0,0,0,1,0,0,0,1,0,0,0,1,0,1,0
100000.0,120.0,10.64,693.0,7.58,46.0,1.0,0,0,0,0,1,0,1,0,0,0,0,0,1,0
782000.0,240.0,12.2,670.0,14.0,45.0,3.0,0,0,0,1,0,0,0,1,0,0,0,1,1,0
611000.0,12.0,13.63,640.0,2.56,48.0,4.0,0,0,0,1,0,0,0,0,0,1,0,0,0,1
223000.0,36.0,10.49,746.0,2.35,54.0,3.0,0,0,0,1,0,0,1,0,0,0,0,0,0,1
588000.0,36.0,10.67,594.0,0.12,30.0,1.0,0,0,0,0,0,1,0,0,0,0,0,1,0,1
283000.0,36.0,11.63,749.0,0.0,53.0,2.0,0,1,0,0,0,0,1,0,0,0,1,0,0,0
100000.0,360.0,14.3,682.0,2.88,23.0,3.0,0,0,0,0,1,0,0,0,0,1,0,1,0,1
100000.0,60.0,13.7,693.0,0.0,37.0,4.0,0,0,0,0,1,0,1,0,0,0,1,0,0,0
620000.0,360.0,10.79,706.0,5.87,57.0,0.0,0,0,0,0,0,0,1,0,0,0,0,1,1,0
566000.0,12.0,9.52,706.0,10.82,31.0,0.0,0,0,0,0,0,0,0,1,0,0,1,0,1,0
436000.0,60.0,10.27,740.0,5.28,38.0,3.0,0,0,0,1,0,0,1,0,0,0,1,0,1,0
100000.0,36.0,12.47,774.0,4.63,29.0,4.0,0,0,0,0,0,1,0,0,0,0,1,0,0,0
901000.0,36.0,7.0,690.0,5.98,49.0,4.0,0,0,0,0,1,1,0,0,0,0,0,0,0,1
350000.0,240.0,11.44,636.0,3.08,24.0,1.0,0,0,0,0,1,0,1,0,0,0,0,0,1,0
319000.0,120.0,12.27,743.0,2.48,53.0,1.0,0,0,0,0,0,0,0,0,1,0,1,0,0,0
893000.0,12.0,7.0,750.0,4.82,46.0,3.0,0,0,1,0,0,1,0,0,0,0,0,1,0,0
675000.0,120.0,9.39,693.0,2.14,59.0,2.0,0,0,1,0,0,1,0,0,0,0,1,0,0,0
930000.0,36.0,10.94,643.0,6.14,61.0,2.0,0,0,0,1,0,0,1,0,0,0,1,0,0,0
393000.0,24.0,9.91,732.0,17.31,34.0,1.0,0,1,0,0,0,0,0,0,0,1,0,0,0,0
408000.0,360.0,8.22,589.0,1.93,23.0,4.0,0,0,0,0,0,0,0,1,0,0,0,1,1,0
239000.0,12.0,13.74,777.0,19.93,23.0,0.0,0,0,0,0,1,1,0,0,0,0,0,1,0,0
705000.0,120.0,9.14,698.0,12.81,44.0,4.0,0,0,0,0,1,0,0,0,0,0,0,0,1,0
239000.0,120.0,8.98,669.0,10.81,64.0,2.0,0,1,0,0,0,0,0,0,1,0,0,0,0,1
453000.0,36.0,7.47,619.0,5.75,57.0,0.0,0,0,0,0,0,0,1,0,0,0,0,1,0,1
220000.0,24.0,11.25,760.0,8.41,55.0,4.0,0,0,1,0,0,0,0,0,0,1,1,0,0,1
583000.0,240.0,9.78,673.0,15.0,50.0,1.0,0,0,0,0,1,0,0,0,0,1,0,1,1,0
100000.0,12.0,8.63,712.0,3.43,56.0,2.0,0,0,0,0,0,0,0,1,0,0,1,0,0,1
971000.0,60.0,9.53,730.0,4.99,46.0,1.0,0,0,0,0,0,0,0,0,0,0,0,0,1,0
500000.0,120.0,13.7,731.0,7.88,52.0,4.0,0,0,0,0,0,0,0,0,0,0,0,0,0,1
777000.0,240.0,9.2,634.0,5.98,26.0,3.0,0,0,1,0,0,0,0,0,0,1,0,1,1,0
643000.0,24.0,8.1,745.0,14.04,35.0,2.0,0,0,0,0,1,0,0,0,1,0,1,0,1,0
231000.0,12.0,12.75,663.0,0.0,46.0,3.0,0,0,1,0,0,1,0,0,0,0,0,0,0,0
533000.0,36.0,9.1,643.0,13.29,30.0,2.0,0,0,0,1,0,0,0,0,1,0,1,0,1,0
575000.0,360.0,7.77,658.0,0.0,38.0,0.0,0,0,0,0,1,0,0,0,0,1,0,1,0,0
365000.0,24.0,10.78,744.0,19.89,52.0,2.0,0,0,0,0,0,0,0,1,0,0,0,0,0,1
100000.0,12.0,10.26,763.0,3.97,56.0,3.0,0,0,1,0,0,1,0,0,0,0,0,1,0,0
840000.0,360.0,10.01,762.0,13.45,30.0,4.0,0,0,1,0,0,1,0,0,0,0,1,0,1,0
199000.0,120.0,14.39,749.0,1.62,59.0,2.0,0,1,0,0,0,0,0,0,1,0,1,0,0,1
508000.0,240.0,7.94,646.0,1.99,37.0,2.0,0,0,0,0,0,0,0,0,0,0,1,0,0,0
542000.0,36.0,9.79,699.0,1.18,43.0,0.0,0,0,0,0,1,0,0,0,0,1,0,1,0,1
100000.0,360.0,9.74,729.0,5.29,64.0,4.0,0,0,0,0,1,0,0,0,0,1,1,0,0,0
114000.0,120.0,11.14,684.0,2.5,56.0,2.0,0,0,0,0,1,0,0,0,1,0,0,0,0,1
550000.0,360.0,7.0,739.0,14.18,62.0,2.0,0,0,0,0,1,1,0,0,0,0,1,0,1,0
797000.0,120.0,10.41,653.0,2.22,41.0,1.0,1,0,0,1,0,0,0,1,0,0,0,0,0,1
591000.0,60.0,9.72,673.0,2.38,40.0,1.0,0,0,0,1,0,1,0,0,0,0,1,0,0,0
925000.0,12.0,8.58,699.0,1.36,59.0,0.0,0,1,0,0,0,0,1,0,0,0,1,0,0,0
425000.0,120.0,10.75,711.0,5.08,28.0,4.0,0,0,0,0,1,0,0,0,1,0,0,0,0,1
247000.0,24.0,8.21,678.0,7.89,48.0,4.0,0,0,0,0,1,1,0,0,0,0,0,1,0,0
360000.0,60.0,10.11,729.0,11.88,37.0,2.0,0,0,0,1,0,0,0,0,1,0,1,0,0,0
377000.0,12.0,13.14,633.0,7.66,32.0,2.0,0,1,0,0,0,0,0,0,1,0,1,0,0,1
1270000.0,120.0,8.66,719.0,6.24,25.0,3.0,0,0,0,0,1,0,0,1,0,0,0,0,0,0
835000.0,24.0,7.0,712.0,7.79,44.0,1.0,0,0,0,0,1,0,0,0,0,0,0,0,0,1
729000.0,120.0,9.85,671.0,7.58,30.0,1.0,0,0,0,1,0,0,0,0,1,0,1,0,0,0
393000.0,240.0,9.38,664.0,7.18,38.0,2.0,0,0,0,0,1,1,0,0,0,0,1,0,1,0
530000.0,360.0,8.31,625.0,17.57,48.0,2.0,0,0,0,1,0,1,0,0,0,0,0,0,1,0
308000.0,120.0,8.86,707.0,0.0,35.0,2.0,0,0,0,0,0,0,0,0,0,0,0,0,0,0
671000.0,24.0,12.91,629.0,15.17,41.0,0.0,0,0,0,0,0,1,0,0,0,0,0,0,0,0
352000.0,60.0,7.61,660.0,5.55,29.0,3.0,0,1,0,0,0,1,0,0,0,0,0,0,0,0
100000.0,12.0,10.69,677.0,6.35,34.0,2.0,0,0,0,0,1,0,0,0,0,1,0,0,0,1
316000.0,24.0,8.22,763.0,0.0,58.0,0.0,0,1,0,0,0,0,0,0,0,1,0,1,0,0
646000.0,120.0,10.75,641.0,0.66,41.0,1.0,0,1,0,0,0,0,0,1,0,0,0,0,0,0
184000.0,60.0,8.78,693.0,2.1,38.0,3.0,0,0,0,1,0,0,0,1,0,0,0,1,0,0
100000.0,240.0,10.16,706.0,0.93,25.0,2.0,0,1,0,0,0,0,0,0,0,0,1,0,0,1
346000.0,120.0,10.89,689.0,5.25,27.0,2.0,0,0,0,0,1,0,0,0,0,0,0,1,0,0
282000.0,24.0,10.05,762.0,0.0,29.0,0.0,0,1,0,0,0,0,0,0,1,0,1,0,0,1
751000.0,36.0,8.88,723.0,11.0,45.0,2.0,0,1,0,0,0,0,0,0,1,0,0,0,1,0
198000.0,24.0,11.01,729.0,9.43,56.0,2.0,0,0,0,1,0,0,1,0,0,0,0,1,0,1
579000.0,12.0,8.88,818.0,5.06,37.0,3.0,0,1,0,0,0,0,0,0,0,0,0,1,0,1
100000.0,36.0,7.0,686.0,12.44,54.0,4.0,0,0,0,1,0,0,0,0,1,0,0,0,0,0
286000.0,24.0,12.44,714.0,3.32,24.0,2.0,0,0,0,0,1,0,0,0,0,1,0,0,0,0
100000.0,12.0,12.41,733.0,11.06,32.0,3.0,0,0,0,1,0,0,0,0,0,0,0,1,0,1
100000.0,12.0,7.69,715.0,3.32,47.0,3.0,0,0,0,1,0,0,0,1,0,0,1,0,1,0
376000.0,24.0,11.53,654.0,4.71,53.0,3.0,0,0,0,0,0,0,0,0,0,1,0,0,0,0
154000.0,240.0,10.36,663.0,5.54,49.0,2.0,0,0,0,0,0,0,0,0,0,0,0,0,1,0
802000.0,24.0,9.98,734.0,5.65,34.0,3.0,0,0,1,0,0,0,0,0,0,1,1,0,0,1
100000.0,240.0,13.61,764.0,6.54,64.0,4.0,0,1,0,0,0,0,0,0,0,0,1,0,0,1
316000.0,120.0,9.75,691.0,2.37,37.0,0.0,0,0,1,0,0,0,0,1,0,0,0,0,1,0
100000.0,240.0,8.49,700.0,16.43,59.0,3.0,0,0,0,1,0,0,0,0,0,0,1,0,0,1
1082000.0,120.0,7.24,703.0,9.93,62.0,2.0,0,0,0,0,0,1,0,0,0,0,1,0,1,0
518000.0,12.0,10.21,686.0,5.45,56.0,4.0,0,0,0,1,0,0,0,1,0,0,0,0,0,0
142000.0,120.0,9.99,783.0,4.82,39.0,2.0,0,0,0,1,0,0,0,1,0,0,0,0,1,0
549000.0,240.0,10.82,723.0,0.14,64.0,0.0,0,0,0,0,1,1,0,0,0,0,0,0,0,1
365000.0,360.0,9.29,725.0,2.82,54.0,0.0,0,0,0,0,0,1,0,0,0,0,1,0,0,0
999000.0,24.0,12.81,761.0,0.0,53.0,2.0,0,0,1,0,0,0,0,0,0,1,0,0,0,0
478000.0,240.0,8.6,664.0,2.86,26.0,4.0,0,0,1,0,0,0,1,0,0,0,0,0,0,1
296000.0,24.0,8.42,643.0,0.36,52.0,3.0,0,1,0,0,0,1,0,0,0,0,0,1,0,1
597000.0,24.0,10.37,702.0,19.16,64.0,2.0,0,0,0,0,0,0,0,1,0,0,1,0,0,1
108000.0,240.0,11.79,724.0,1.85,29.0,1.0,0,0,1,0,0,0,0,0,0,1,1,0,0,1
150000.0,120.0,11.85,665.0,8.07,51.0,0.0,0,0,1,0,0,0,0,0,0,0,0,1,1,0
553000.0,60.0,7.0,701.0,8.55,32.0,0.0,0,0,1,0,0,0,0,1,0,0,1,0,1,0
188000.0,120.0,9.06,645.0,0.0,38.0,0.0,0,0,0,0,0,0,0,0,0,0,0,0,0,1
706000.0,36.0,7.05,670.0,5.99,45.0,2.0,0,0,0,1,0,0,0,0,1,0,0,1,1,0
261000.0,24.0,7.15,676.0,6.35,45.0,4.0,0,1,0,0,0,0,1,0,0,0,0,0,1,0
363000.0,120.0,7.0,754.0,6.19,62.0,1.0,0,0,1,0,0,0,0,0,0,0,0,0,1,0
884000.0,120.0,7.01,736.0,18.43,53.0,0.0,0,1,0,0,0,0,0,0,0,0,1,0,0,0
954000.0,240.0,9.09,661.0,5.81,49.0,1.0,0,0,0,1,0,0,0,0,1,0,0,1,0,1
784000.0,120.0,10.65,691.0,6.54,45.0,0.0,0,0,0,1,0,0,0,1,0,0,0,1,1,0
624000.0,120.0,13.28,718.0,8.45,56.0,0.0,0,0,1,0,0,0,0,0,1,0,1,0,0,1
180000.0,360.0,11.24,680.0,0.38,57.0,0.0,0,0,1,0,0,0,0,1,0,0,1,0,0,0
819000.0,240.0,12.54,693.0,0.0,46.0,3.0,0,0,0,1,0,0,0,0,0,1,0,0,0,1
100000.0,120.0,11.0,622.0,2.7,60.0,3.0,0,1,0,0,0,0,0,0,0,0,0,1,0,1
627000.0,60.0,10.63,696.0,8.51,48.0,4.0,0,0,0,0,0,0,0,0,0,1,0,0,1,0
810000.0,12.0,10.16,739.0,0.41,42.0,1.0,0,1,0,0,0,1,0,0,0,0,1,0,0,0
1137000.0,360.0,10.84,674.0,2.8,40.0,0.0,0,0,1,0,0,1,0,0,0,0,0,1,0,1
359000.0,24.0,13.36,660.0,3.47,40.0,4.0,0,1,0,0,0,0,0,0,0,0,0,1,0,0
459000.0,240.0,14.91,633.0,0.0,49.0,0.0,0,0,0,1,0,0,0,1,0,0,1,0,0,1
433000.0,24.0,11.14,721.0,2.53,34.0,3.0,0,0,0,1,0,0,0,0,1,0,0,1,1,0
938000.0,120.0,7.69,667.0,18.48,54.0,2.0,0,0,0,0,1,0,0,0,0,0,1,0,0,0
1107000.0,36.0,9.9,713.0,3.27,50.0,4.0,0,0,0,0,0,0,0,0,0,0,0,0,0,1
347000.0,360.0,10.3,677.0,0.0,30.0,3.0,0,0,0,0,0,0,0,1,0,0,0,0,0,0
458000.0,240.0,8.96,724.0,2.91,39.0,1.0,0,1,0,0,0,0,1,0,0,0,0,1,1,0
498000.0,240.0,7.0,619.0,6.92,34.0,1.0,0,0,1,0,0,0,0,1,0,0,0,0,1,0
836000.0,240.0,11.82,734.0,1.6,43.0,2.0,0,0,1,0,0,1,0,0,0,0,0,0,1,0
533000.0,12.0,11.13,649.0,0.0,30.0,2.0,0,0,0,0,0,0,0,1,0,0,0,1,0,0
262000.0,12.0,9.1,754.0,5.29,26.0,4.0,0,0,0,0,0,0,0,0,1,0,0,1,0,0
1039000.0,24.0,9.53,728.0,0.0,40.0,2.0,0,0,0,1,0,0,0,1,0,0,1,0,1,0
100000.0,60.0,11.21,660.0,5.25,47.0,1.0,0,0,1,0,0,0,0,0,0,1,0,1,0,1
578000.0,36.0,11.65,753.0,5.22,60.0,4.0,0,0,1,0,0,0,0,0,0,1,0,1,0,0
560000.0,360.0,9.92,764.0,5.24,26.0,3.0,0,0,0,1,0,0,0,0,1,0,0,1,0,0
378000.0,12.0,8.3,704.0,18.81,64.0,3.0,0,0,0,0,0,0,0,1,0,0,0,0,1,0
608000.0,120.0,12.85,701.0,5.66,58.0,4.0,0,0,1,0,0,0,0,0,0,0,0,1,1,0
229000.0,240.0,9.09,713.0,9.9,37.0,2.0,0,0,0,0,0,0,1,0,0,0,1,0,0,0
411000.0,60.0,9.49,817.0,5.43,65.0,1.0,0,0,0,0,1,0,0,0,1,0,0,1,0,0
741000.0,60.0,13.24,671.0,0.0,36.0,2.0,0,1,0,0,0,1,0,0,0,0,0,0,1,0
169000.0,240.0,14.77,822.0,7.19,35.0,0.0,0,0,0,0,0,0,0,0,0,0,0,1,0,0
100000.0,240.0,12.18,751.0,9.83,36.0,2.0,0,0,0,0,1,0,0,1,0,0,0,0,0,1
790000.0,24.0,10.4,675.0,0.52,65.0,3.0,0,0,0,0,0,0,0,0,1,0,1,0,0,1
567000.0,36.0,11.16,676.0,5.28,38.0,3.0,0,0,0,0,0,0,1,0,0,0,0,0,1,0
227000.0,60.0,9.1,719.0,2.78,58.0,1.0,0,0,0,0,0,0,0,0,1,0,0,1,0,1
736000.0,24.0,10.64,661.0,7.89,39.0,2.0,0,1,0,0,0,0,0,0,0,1,0,1,0,0
912000.0,240.0,9.9,709.0,5.55,49.0,2.0,0,0,1,0,0,0,1,0,0,0,0,1,1,0
476000.0,36.0,9.91,697.0,4.34,25.0,0.0,0,1,0,0,0,0,0,0,1,0,1,0,0,0
902000.0,24.0,15.99,681.0,0.0,28.0,1.0,0,0,0,1,0,0,1,0,0,0,0,1,0,1
402000.0,360.0,12.39,765.0,13.3,63.0,4.0,0,0,0,0,1,0,0,0,1,0,0,0,0,0
441000.0,240.0,14.48,714.0,1.36,46.0,2.0,0,0,0,0,0,0,0,1,0,0,0,0,0,0
244000.0,120.0,10.29,687.0,3.64,33.0,4.0,1,0,0,0,1,0,0,0,0,1,0,1,0,0
303000.0,360.0,11.14,769.0,14.37,52.0,2.0,0,0,0,0,1,0,1,0,0,0,0,1,0,1
380000.0,12.0,13.64,753.0,3.27,31.0,1.0,0,0,0,0,1,0,0,0,0,1,0,0,1,0
533000.0,360.0,10.64,761.0,11.72,46.0,4.0,0,1,0,0,0,0,0,0,1,0,0,1,0,0
677000.0,360.0,8.67,674.0,17.06,54.0,2.0,0,0,1,0,0,0,0,0,0,0,0,0,0,0
613000.0,60.0,10.58,722.0,0.0,58.0,2.0,0,0,0,0,0,0,0,0,0,0,0,0,0,0
267000.0,24.0,11.18,751.0,6.33,46.0,4.0,0,1,0,0,0,1,0,0,0,0,0,0,0,0
336000.0,120.0,12.19,700.0,0.0,63.0,1.0,0,0,0,0,1,1,0,0,0,0,0,1,1,0
1042000.0,60.0,11.38,646.0,2.19,48.0,2.0,0,0,0,1,0,1,0,0,0,0,0,1,0,0
942000.0,12.0,10.08,699.0,1.86,55.0,0.0,0,1,0,0,0,0,1,0,0,0,0,0,0,1
191000.0,36.0,8.64,666.0,4.04,35.0,3.0,0,0,0,0,1,0,1,0,0,0,0,1,0,0
267000.0,12.0,7.65,703.0,11.93,23.0,4.0,0,1,0,0,0,1,0,0,0,0,1,0,1,0
619000.0,60.0,12.06,680.0,19.91,54.0,3.0,0,0,0,1,0,0,0,0,0,1,0,0,0,0
337000.0,360.0,13.15,730.0,3.35,38.0,0.0,0,0,0,0,1,0,0,1,0,0,1,0,1,0
260000.0,120.0,8.47,717.0,7.72,37.0,3.0,0,1,0,0,0,0,0,0,0,0,0,0,0,1
770000.0,360.0,7.0,669.0,0.0,47.0,4.0,0,0,1,0,0,0,0,0,1,0,0,1,0,1
237000.0,36.0,9.06,768.0,8.05,58.0,0.0,0,0,0,1,0,0,1,0,0,0,0,0,0,0
388000.0,36.0,8.6,676.0,0.7,23.0,3.0,1,0,0,1,0,0,1,0,0,0,0,0,0,0
794000.0,60.0,7.83,725.0,3.58,27.0,0.0,0,0,1,0,0,0,0,0,0,1,0,0,1,0
530000.0,36.0,11.02,584.0,13.62,39.0,2.0,0,1,0,0,0,1,0,0,0,0,1,0,0,0
100000.0,36.0,11.56,780.0,0.0,60.0,4.0,0,1,0,0,0,1,0,0,0,0,1,0,0,0
667000.0,24.0,7.23,638.0,3.52,28.0,1.0,0,0,0,0,0,0,1,0,0,0,0,1,0,0
100000.0,24.0,11.79,646.0,7.29,37.0,0.0,0,0,1,0,0,0,0,0,1,0,0,0,0,0
520000.0,12.0,9.44,704.0,3.16,34.0,3.0,0,0,1,0,0,1,0,0,0,0,1,0,0,1
221000.0,24.0,10.65,638.0,4.79,28.0,2.0,0,0,0,1,0,0,0,0,1,0,0,1,1,0
328000.0,240.0,9.5,683.0,8.59,27.0,1.0,0,0,0,0,1,0,0,0,0,0,0,0,1,0
688000.0,24.0,15.28,722.0,5.74,26.0,1.0,0,0,0,0,0,0,0,0,1,0,0,0,1,0
727000.0,240.0,8.48,708.0,15.66,37.0,1.0,0,1,0,0,0,0,0,0,0,0,0,1,0,1
903000.0,120.0,11.76,758.0,1.92,27.0,1.0,0,0,1,0,0,0,0,0,0,0,1,0,1,0
487000.0,36.0,8.48,669.0,0.0,47.0,0.0,0,0,0,0,0,0,0,1,0,0,1,0,1,0
712000.0,120.0,12.13,740.0,9.7,60.0,1.0,0,1,0,0,0,0,1,0,0,0,1,0,0,1
784000.0,24.0,11.38,707.0,6.99,40.0,0.0,0,0,0,1,0,0,0,1,0,0,0,1,0,1
646000.0,360.0,7.78,733.0,9.22,55.0,2.0,0,1,0,0,0,0,0,0,0,0,0,1,1,0
732000.0,60.0,9.96,705.0,7.81,38.0,1.0,0,0,1,0,0,0,1,0,0,0,0,0,1,0
385000.0,240.0,9.29,706.0,8.36,33.0,3.0,0,0,0,0,1,1,0,0,0,0,0,1,0,1
339000.0,240.0,7.76,701.0,14.11,60.0,3.0,0,0,0,0,0,0,0,1,0,0,0,0,0,0
652000.0,120.0,14.5,676.0,11.48,47.0,2.0,0,0,1,0,0,0,1,0,0,0,1,0,0,0
441000.0,240.0,8.14,737.0,4.77,31.0,1.0,0,0,1,0,0,0,0,0,1,0,0,1,1,0
100000.0,120.0,7.17,741.0,2.33,49.0,1.0,0,0,0,0,0,0,0,0,0,0,0,0,1,0
808000.0,60.0,14.45,649.0,2.33,37.0,0.0,0,0,1,0,0,1,0,0,0,0,0,0,0,1
100000.0,60.0,10.02,637.0,3.9,22.0,3.0,1,0,0,0,1,0,0,0,0,1,0,0,0,0
232000.0,12.0,11.03,642.0,17.86,23.0,4.0,0,0,1,0,0,0,0,0,0,0,1,0,1,0
676000.0,24.0,12.37,693.0,9.94,26.0,3.0,0,0,0,0,0,0,0,0,1,0,1,0,1,0
201000.0,12.0,13.59,713.0,7.73,50.0,4.0,0,0,0,1,0,0,0,0,1,0,0,1,0,1
1084000.0,36.0,7.0,703.0,6.38,31.0,4.0,0,0,0,0,0,0,0,1,0,0,0,1,0,0
966000.0,360.0,11.38,663.0,3.92,52.0,2.0,0,1,0,0,0,0,1,0,0,0,0,1,1,0
454000.0,240.0,9.73,709.0,8.26,22.0,2.0,0,0,0,1,0,0,1,0,0,0,1,0,0,1
174000.0,12.0,14.34,790.0,13.58,29.0,4.0,0,1,0,0,0,0,0,0,1,0,0,1,0,0
759000.0,240.0,8.53,633.0,8.87,42.0,2.0,0,0,0,0,0,0,1,0,0,0,0,0,0,1
502000.0,360.0,8.87,696.0,0.0,36.0,0.0,0,0,1,0,0,0,0,1,0,0,1,0,0,0
1162000.0,36.0,14.13,711.0,7.45,38.0,1.0,0,0,1,0,0,0,1,0,0,0,0,1,0,1
381000.0,12.0,9.7,695.0,7.58,32.0,1.0,0,0,0,1,0,0,0,0,0,0,1,0,0,1
276000.0,240.0,8.61,587.0,2.01,35.0,2.0,0,0,1,0,0,0,0,0,0,0,1,0,1,0
548000.0,240.0,8.38,669.0,12.94,26.0,0.0,0,0,0,1,0,0,0,0,1,0,1,0,1,0
920000.0,360.0,11.99,710.0,15.44,48.0,3.0,0,0,0,1,0,0,0,0,0,0,0,1,1,0
100000.0,240.0,8.23,699.0,5.18,27.0,0.0,0,0,1,0,0,0,0,1,0,0,1,0,1,0
638000.0,240.0,9.43,785.0,0.0,53.0,3.0,0,0,0,1,0,0,0,0,1,0,1,0,0,1
126000.0,24.0,9.29,703.0,5.64,21.0,4.0,0,0,1,0,0,0,0,0,0,0,0,0,1,0
982000.0,120.0,10.73,688.0,2.58,49.0,1.0,0,0,0,1,0,0,0,0,0,0,0,1,0,1
653000.0,12.0,7.0,712.0,9.07,27.0,2.0,0,0,0,1,0,0,0,0,1,0,1,0,0,1
563000.0,360.0,10.32,702.0,8.1,61.0,0.0,0,1,0,0,0,0,0,0,0,0,0,0,0,1
630000.0,36.0,11.45,671.0,10.54,46.0,4.0,0,0,0,0,1,0,0,0,0,1,1,0,0,0
545000.0,24.0,10.91,665.0,5.93,33.0,1.0,0,0,0,1,0,0,1,0,0,0,0,1,1,0
646000.0,360.0,12.98,704.0,13.18,55.0,0.0,0,0,0,1,0,0,0,0,0,1,0,0,0,0
721000.0,120.0,9.41,670.0,2.51,57.0,3.0,0,0,0,0,0,0,0,0,0,1,1,0,0,1
1086000.0,36.0,10.26,714.0,9.75,52.0,3.0,0,0,1,0,0,0,1,0,0,0,0,0,0,1
422000.0,24.0,8.95,696.0,10.94,48.0,1.0,0,1,0,0,0,0,0,0,1,0,1,0,0,1
155000.0,36.0,15.39,725.0,7.24,57.0,1.0,0,1,0,0,0,0,0,1,0,0,1,0,0,1
370000.0,24.0,12.75,682.0,2.1,58.0,2.0,0,0,1,0,0,0,0,1,0,0,1,0,0,1
744000.0,24.0,12.41,656.0,4.88,34.0,3.0,0,0,1,0,0,1,0,0,0,0,1,0,0,1
615000.0,240.0,7.0,737.0,3.12,36.0,4.0,0,1,0,0,0,0,0,0,1,0,0,0,0,0
1183000.0,12.0,10.93,741.0,0.32,63.0,2.0,0,0,0,0,1,1,0,0,0,0,0,1,1,0
759000.0,12.0,12.85,578.0,18.53,44.0,3.0,0,0,0,0,0,1,0,0,0,0,1,0,0,1
620000.0,60.0,10.04,696.0,3.93,33.0,0.0,0,0,0,1,0,0,0,0,0,1,1,0,0,1
147000.0,12.0,10.73,665.0,4.39,57.0,4.0,0,1,0,0,0,0,0,1,0,0,1,0,0,1
333000.0,24.0,11.24,656.0,10.2,64.0,2.0,0,0,1,0,0,0,0,0,1,0,1,0,0,1
338000.0,24.0,10.63,725.0,3.66,44.0,1.0,0,0,0,0,1,0,1,0,0,0,0,0,0,0
793000.0,36.0,10.21,669.0,1.56,60.0,3.0,0,0,1,0,0,0,0,0,0,1,1,0,0,1
100000.0,24.0,7.0,686.0,4.29,64.0,1.0,0,0,0,1,0,1,0,0,0,0,1,0,1,0
659000.0,24.0,10.93,690.0,10.71,44.0,4.0,0,0,0,0,1,0,0,1,0,0,0,0,0,0
721000.0,36.0,10.5,759.0,4.35,31.0,3.0,0,0,1,0,0,0,0,0,1,0,0,0,0,1
100000.0,24.0,8.49,761.0,6.8,22.0,1.0,0,1,0,0,0,1,0,0,0,0,1,0,0,0
722000.0,24.0,12.32,591.0,4.51,21.0,1.0,0,0,0,0,1,0,0,1,0,0,1,0,0,0
369000.0,12.0,7.0,664.0,4.46,49.0,3.0,0,0,1,0,0,0,1,0,0,0,1,0,1,0
715000.0,120.0,9.96,693.0,4.56,41.0,4.0,0,0,0,0,1,0,0,0,1,0,0,0,0,0
504000.0,240.0,7.78,732.0,5.01,29.0,3.0,0,0,0,1,0,0,1,0,0,0,1,0,0,1
673000.0,120.0,12.65,724.0,5.14,64.0,0.0,0,1,0,0,0,0,0,0,1,0,0,0,0,1
509000.0,360.0,11.66,755.0,15.43,63.0,1.0,0,0,0,1,0,1,0,0,0,0,0,0,0,0
276000.0,360.0,7.5,693.0,10.44,58.0,4.0,0,0,0,0,1,1,0,0,0,0,0,0,1,0
382000.0,360.0,12.25,682.0,3.0,26.0,4.0,0,1,0,0,0,0,0,0,0,1,0,0,1,0
613000.0,120.0,10.18,664.0,7.49,38.0,4.0,0,0,0,0,1,0,0,0,1,0,0,0,0,0
233000.0,360.0,12.38,664.0,8.86,58.0,2.0,0,0,1,0,0,1,0,0,0,0,1,0,0,1
354000.0,24.0,7.98,727.0,13.39,46.0,4.0,0,0,0,0,0,0,0,0,1,0,0,0,0,1
607000.0,360.0,12.98,741.0,3.76,37.0,3.0,0,0,1,0,0,1,0,0,0,0,0,0,0,1
1160000.0,36.0,12.45,717.0,11.79,38.0,3.0,0,0,0,0,1,1,0,0,0,0,1,0,0,0
753000.0,240.0,9.71,574.0,4.3,41.0,0.0,0,0,0,0,0,0,0,0,1,0,1,0,0,0
619000.0,12.0,8.77,690.0,4.22,34.0,3.0,0,1,0,0,0,0,0,1,0,0,0,1,1,0
720000.0,24.0,7.71,782.0,13.0,42.0,3.0,0,0,1,0,0,1,0,0,0,0,1,0,0,0
506000.0,240.0,8.04,698.0,8.82,27.0,1.0,0,1,0,0,0,1,0,0,0,0,0,1,1,0
339000.0,240.0,11.0,592.0,8.62,47.0,0.0,0,0,0,0,1,0,0,0,0,0,0,0,1,0
361000.0,240.0,11.33,633.0,1.03,48.0,4.0,0,0,0,1,0,0,0,0,1,0,0,0,0,0
168000.0,60.0,9.8,705.0,7.28,62.0,0.0,0,0,0,1,0,0,0,0,0,0,0,1,0,1
212000.0,24.0,13.94,719.0,1.37,33.0,1.0,0,0,1,0,0,0,0,0,0,0,0,1,0,0
921000.0,240.0,9.65,691.0,3.11,25.0,2.0,0,1,0,0,0,0,0,1,0,0,0,0,0,1
411000.0,240.0,8.43,719.0,8.73,58.0,1.0,0,0,0,0,1,0,1,0,0,0,0,1,1,0
803000.0,60.0,8.33,730.0,2.23,62.0,4.0,0,1,0,0,0,0,0,0,0,1,0,0,0,0
535000.0,240.0,8.25,647.0,8.46,56.0,4.0,0,0,1,0,0,0,0,0,0,1,0,1,0,1
664000.0,24.0,10.29,695.0,11.8,33.0,4.0,0,0,0,0,1,0,0,0,1,0,0,0,1,0
824000.0,240.0,9.0,640.0,3.96,41.0,1.0,0,1,0,0,0,0,0,0,1,0,1,0,0,0
488000.0,36.0,8.39,665.0,0.0,45.0,3.0,0,0,0,0,1,0,0,1,0,0,0,1,0,0
991000.0,360.0,9.93,712.0,5.75,22.0,3.0,0,1,0,0,0,0,0,0,0,1,1,0,0,1
485000.0,360.0,10.7,678.0,5.26,55.0,4.0,0,1,0,0,0,0,0,0,1,0,0,0,1,0
149000.0,60.0,11.33,712.0,0.0,22.0,2.0,0,0,0,0,1,1,0,0,0,0,1,0,0,1
100000.0,120.0,10.51,695.0,1.17,64.0,2.0,0,0,0,0,0,0,0,0,0,0,0,0,0,0
673000.0,120.0,12.45,775.0,0.0,53.0,1.0,0,0,0,0,0,1,0,0,0,0,0,1,0,0
539000.0,24.0,10.03,677.0,10.74,49.0,3.0,0,0,1,0,0,1,0,0,0,0,1,0,0,0
715000.0,120.0,12.39,650.0,2.07,22.0,1.0,0,0,0,1,0,0,0,0,0,1,0,1,0,0
946000.0,12.0,10.1,698.0,0.0,59.0,4.0,1,1,0,0,0,0,0,0,1,0,0,1,0,0
510000.0,360.0,9.55,688.0,12.09,33.0,2.0,0,0,0,0,0,0,1,0,0,0,0,0,1,0
752000.0,240.0,13.6,641.0,7.83,35.0,2.0,0,1,0,0,0,0,0,0,0,1,1,0,0,0
226000.0,240.0,8.13,654.0,15.02,40.0,1.0,0,0,0,0,0,0,0,0,0,1,1,0,0,0
352000.0,360.0,14.46,755.0,7.69,44.0,3.0,0,1,0,0,0,1,0,0,0,0,0,1,1,0
551000.0,120.0,10.2,669.0,5.76,21.0,3.0,0,0,0,0,1,0,0,1,0,0,1,0,0,0
459000.0,36.0,11.06,698.0,1.51,32.0,4.0,0,0,0,0,1,0,0,0,0,1,0,0,0,1
100000.0,24.0,7.0,664.0,5.39,35.0,4.0,0,0,1,0,0,1,0,0,0,0,0,1,1,0
731000.0,36.0,7.91,597.0,5.67,44.0,1.0,0,0,0,0,1,0,0,1,0,0,1,0,1,0
379000.0,36.0,10.73,725.0,16.09,41.0,1.0,0,0,0,0,0,0,0,0,0,1,0,1,0,0
100000.0,24.0,10.64,747.0,5.3,24.0,0.0,0,0,0,0,0,0,0,1,0,0,1,0,0,1
667000.0,120.0,9.68,588.0,18.4,22.0,3.0,0,0,0,0,0,1,0,0,0,0,1,0,0,1
867000.0,24.0,13.03,736.0,0.0,23.0,3.0,0,0,0,1,0,1,0,0,0,0,0,1,1,0
635000.0,120.0,12.57,622.0,10.3,40.0,1.0,0,0,0,1,0,1,0,0,0,0,1,0,0,1
136000.0,240.0,8.92,768.0,0.0,23.0,1.0,0,0,1,0,0,0,0,0,0,1,0,1,0,0
217000.0,120.0,8.17,768.0,5.75,26.0,3.0,0,0,0,0,0,0,1,0,0,0,0,0,0,1
634000.0,12.0,9.96,733.0,9.39,57.0,0.0,0,0,0,1,0,0,1,0,0,0,0,0,0,1
576000.0,120.0,12.79,667.0,15.33,47.0,2.0,0,0,0,0,1,1,0,0,0,0,0,0,0,0
665000.0,36.0,9.38,615.0,19.72,39.0,1.0,0,1,0,0,0,0,0,0,0,1,0,1,0,0
576000.0,60.0,11.42,679.0,4.79,23.0,3.0,0,1,0,0,0,1,0,0,0,0,0,0,0,0
370000.0,120.0,8.84,706.0,0.0,46.0,0.0,0,0,0,0,1,0,1,0,0,0,0,1,0,1
697000.0,360.0,12.45,638.0,19.43,35.0,4.0,0,0,0,1,0,0,0,0,0,1,0,1,1,0
724000.0,240.0,8.36,703.0,4.9,25.0,2.0,0,0,1,0,0,0,0,0,0,1,1,0,1,0
798000.0,36.0,8.66,670.0,6.29,64.0,3.0,0,0,1,0,0,0,0,0,0,0,0,1,0,0
276000.0,120.0,7.0,693.0,6.38,55.0,1.0,0,1,0,0,0,0,0,0,0,0,1,0,0,0
392000.0,360.0,10.09,613.0,20.78,47.0,0.0,0,0,1,0,0,0,0,0,0,0,0,0,0,1
1091000.0,24.0,9.33,783.0,9.87,63.0,2.0,0,1,0,0,0,1,0,0,0,0,0,0,0,1
703000.0,120.0,7.38,713.0,4.98,21.0,1.0,0,0,0,1,0,0,0,0,0,1,0,0,0,0
819000.0,60.0,9.3,705.0,4.7,54.0,4.0,0,0,1,0,0,0,0,0,0,1,0,1,0,0
262000.0,120.0,12.08,715.0,0.0,33.0,2.0,0,0,0,0,0,0,1,0,0,0,0,1,1,0
184000.0,360.0,8.78,597.0,9.61,41.0,3.0,0,0,0,0,1,0,0,0,0,0,0,0,0,0
283000.0,12.0,7.43,756.0,13.4,43.0,4.0,0,1,0,0,0,0,1,0,0,0,0,1,0,0
213000.0,240.0,13.78,655.0,5.19,56.0,4.0,0,0,1,0,0,0,0,0,0,1,0,1,0,1
176000.0,60.0,11.17,770.0,6.02,50.0,3.0,0,0,0,0,1,0,0,0,1,0,0,0,1,0
119000.0,120.0,9.87,693.0,6.09,24.0,0.0,0,0,0,1,0,0,0,0,0,1,1,0,1,0
615000.0,240.0,11.38,649.0,12.0,25.0,2.0,0,1,0,0,0,0,0,0,0,1,0,0,0,0
903000.0,12.0,12.02,698.0,5.87,28.0,4.0,0,1,0,0,0,0,0,0,0,0,1,0,1,0
749000.0,120.0,9.12,652.0,4.56,44.0,1.0,0,0,1,0,0,0,0,0,0,1,0,1,0,1
1079000.0,12.0,11.23,725.0,5.31,53.0,0.0,1,0,0,1,0,0,0,0,1,0,0,1,0,1
104000.0,60.0,11.95,796.0,11.43,36.0,4.0,0,1,0,0,0,0,0,1,0,0,0,0,0,0
100000.0,12.0,7.85,738.0,2.59,30.0,2.0,0,0,0,1,0,1,0,0,0,0,0,0,0,1
214000.0,24.0,10.62,636.0,0.8,48.0,0.0,0,0,0,1,0,0,1,0,0,0,0,0,0,1
100000.0,240.0,10.33,687.0,6.08,48.0,3.0,0,0,0,0,0,0,0,1,0,0,0,1,1,0
959000.0,120.0,10.72,722.0,0.0,28.0,4.0,0,0,0,0,0,0,0,0,0,0,1,0,0,0
589000.0,240.0,12.32,754.0,7.4,32.0,3.0,0,0,0,0,0,0,0,1,0,0,1,0,0,1
632000.0,24.0,7.57,733.0,4.61,56.0,4.0,0,0,1,0,0,0,0,0,0,1,0,0,1,0
512000.0,60.0,13.15,718.0,0.85,60.0,2.0,0,0,1,0,0,1,0,0,0,0,1,0,0,0
802000.0,360.0,9.88,631.0,11.47,35.0,4.0,0,0,0,0,0,0,0,0,0,0,0,1,0,0
266000.0,12.0,14.3,753.0,3.74,44.0,0.0,0,0,0,0,0,0,0,0,0,0,0,1,1,0
244000.0,240.0,12.08,613.0,2.16,26.0,1.0,0,0,0,0,0,0,1,0,0,0,0,1,1,0
222000.0,36.0,7.57,633.0,16.13,48.0,1.0,0,0,0,0,0,0,0,0,1,0,0,1,1,0
592000.0,60.0,7.73,682.0,8.32,44.0,4.0,0,0,0,1,0,0,0,0,0,1,0,1,0,0
153000.0,60.0,7.76,744.0,0.15,63.0,4.0,0,0,0,0,1,1,0,0,0,0,0,1,0,0
531000.0,120.0,9.01,726.0,6.48,34.0,4.0,0,1,0,0,0,0,0,1,0,0,0,1,0,1
231000.0,36.0,8.31,710.0,1.33,21.0,0.0,0,0,0,1,0,0,0,1,0,0,1,0,0,1
618000.0,24.0,9.65,695.0,9.28,63.0,0.0,0,0,1,0,0,1,0,0,0,0,0,1,0,1
326000.0,60.0,9.18,721.0,3.37,29.0,1.0,0,1,0,0,0,0,0,0,0,0,0,0,0,0
314000.0,60.0,7.75,689.0,12.45,43.0,0.0,0,0,0,1,0,0,0,0,0,1,0,1,0,0
929000.0,24.0,8.13,746.0,0.9,21.0,3.0,0,0,0,1,0,0,0,0,1,0,1,0,0,1
608000.0,12.0,7.0,615.0,7.62,21.0,3.0,0,0,0,0,1,1,0,0,0,0,0,1,1,0
846000.0,60.0,9.0,683.0,5.86,54.0,3.0,0,0,0,0,0,1,0,0,0,0,0,0,0,0
100000.0,24.0,9.8,761.0,20.5,48.0,0.0,0,1,0,0,0,0,0,0,1,0,0,0,0,0
699000.0,24.0,12.02,680.0,6.06,28.0,1.0,0,0,0,0,1,0,0,0,1,0,0,0,0,1
667000.0,240.0,10.56,767.0,8.97,59.0,1.0,0,0,0,0,0,0,0,0,0,0,0,0,0,0
272000.0,120.0,7.5,676.0,13.37,32.0,0.0,0,1,0,0,0,0,0,0,0,0,0,0,1,0
832000.0,12.0,8.3,685.0,3.23,41.0,2.0,0,0,0,0,0,0,0,1,0,0,0,1,0,0
702000.0,120.0,7.97,699.0,12.97,37.0,3.0,0,1,0,0,0,0,0,0,0,0,0,1,0,0
327000.0,120.0,10.51,695.0,2.25,43.0,0.0,0,0,0,0,1,0,1,0,0,0,0,1,0,1
596000.0,36.0,7.89,724.0,9.55,34.0,1.0,0,0,0,0,0,0,0,0,0,0,1,0,1,0
601000.0,24.0,11.36,667.0,5.62,43.0,3.0,0,0,0,0,0,0,0,1,0,0,1,0,1,0
204000.0,120.0,10.55,654.0,10.15,21.0,2.0,0,0,0,1,0,0,0,1,0,0,0,1,0,0
434000.0,24.0,9.44,732.0,10.71,22.0,4.0,0,0,0,1,0,0,0,0,0,0,1,0,1,0
244000.0,60.0,7.65,636.0,4.7,31.0,2.0,0,0,0,0,1,1,0,0,0,0,0,1,0,0
530000.0,60.0,9.43,760.0,5.76,23.0,4.0,0,1,0,0,0,1,0,0,0,0,0,1,0,1
1099000.0,12.0,10.78,775.0,2.3,52.0,3.0,0,0,1,0,0,0,1,0,0,0,0,0,0,0
599000.0,24.0,10.67,710.0,11.44,38.0,1.0,0,0,0,0,0,0,0,0,1,0,0,0,1,0
661000.0,240.0,12.14,622.0,2.87,37.0,4.0,0,1,0,0,0,1,0,0,0,0,0,1,0,0
841000.0,240.0,10.42,683.0,8.17,54.0,0.0,0,1,0,0,0,0,1,0,0,0,0,0,0,0
1138000.0,60.0,11.34,706.0,2.43,48.0,1.0,0,0,0,0,1,0,0,1,0,0,1,0,0,1
597000.0,60.0,15.45,756.0,11.85,44.0,1.0,0,0,0,1,0,0,0,0,1,0,0,0,1,0
467000.0,36.0,10.67,695.0,4.11,61.0,3.0,0,0,0,1,0,0,0,0,0,0,0,0,1,0
569000.0,240.0,9.28,714.0,5.5,60.0,4.0,0,1,0,0,0,0,1,0,0,0,1,0,0,1
236000.0,120.0,13.21,681.0,6.09,39.0,1.0,0,1,0,0,0,0,0,0,0,0,0,1,1,0
477000.0,120.0,14.68,652.0,2.93,54.0,4.0,0,1,0,0,0,0,0,0,0,1,1,0,0,1
800000.0,36.0,13.58,727.0,18.01,59.0,2.0,0,0,0,0,1,0,0,1,0,0,0,0,1,0
154000.0,120.0,11.67,680.0,13.77,26.0,1.0,0,0,0,0,1,0,0,0,0,1,0,1,0,0
548000.0,360.0,13.24,737.0,20.0,65.0,0.0,0,0,1,0,0,0,1,0,0,0,0,0,0,1
479000.0,120.0,12.73,734.0,7.95,60.0,3.0,0,0,0,1,0,1,0,0,0,0,1,0,1,0
608000.0,24.0,11.53,740.0,19.58,34.0,3.0,0,0,0,0,1,0,1,0,0,0,1,0,1,0
281000.0,60.0,7.0,729.0,6.32,41.0,0.0,0,1,0,0,0,0,0,0,1,0,0,1,0,0
639000.0,36.0,9.0,705.0,10.23,39.0,3.0,0,0,0,0,1,0,0,0,1,0,1,0,1,0
100000.0,360.0,10.69,708.0,8.39,55.0,3.0,0,0,1,0,0,1,0,0,0,0,1,0,0,1
506000.0,24.0,9.8,646.0,5.3,36.0,2.0,0,0,1,0,0,0,0,1,0,0,0,0,1,0
822000.0,120.0,13.95,718.0,5.06,32.0,1.0,1,0,0,0,0,0,0,0,0,1,0,0,0,1
419000.0,120.0,13.76,727.0,4.58,47.0,4.0,0,0,1,0,0,1,0,0,0,0,0,1,1,0
526000.0,12.0,10.89,705.0,4.37,25.0,1.0,0,0,1,0,0,0,0,0,1,0,1,0,0,1
860000.0,120.0,13.9,742.0,7.08,22.0,1.0,0,0,0,0,1,0,0,0,0,0,0,0,1,0
762000.0,120.0,9.67,678.0,0.71,44.0,4.0,0,1,0,0,0,0,1,0,0,0,1,0,0,0
624000.0,36.0,8.31,729.0,8.01,53.0,1.0,0,0,0,0,1,0,0,0,0,0,0,1,0,0
368000.0,60.0,9.24,641.0,0.66,51.0,4.0,0,0,0,0,1,0,0,0,1,0,0,1,0,1
610000.0,24.0,8.88,738.0,1.71,63.0,2.0,0,0,0,0,1,1,0,0,0,0,1,0,0,1
100000.0,36.0,13.83,710.0,1.99,30.0,1.0,0,0,0,1,0,0,0,0,1,0,0,0,0,0
623000.0,120.0,7.51,691.0,4.79,44.0,0.0,0,0,0,1,0,0,0,0,1,0,1,0,1,0
100000.0,360.0,8.5,668.0,1.7,57.0,3.0,0,1,0,0,0,0,0,0,1,0,1,0,0,0
613000.0,12.0,14.37,725.0,4.84,30.0,3.0,0,0,1,0,0,1,0,0,0,0,0,0,0,0
100000.0,360.0,9.4,702.0,8.2,62.0,1.0,0,1,0,0,0,0,0,1,0,0,0,0,0,0
291000.0,36.0,9.72,699.0,6.41,48.0,4.0,0,0,0,0,0,0,1,0,0,0,0,0,0,1
110000.0,24.0,9.7,619.0,2.29,53.0,2.0,0,0,0,0,1,0,0,1,0,0,0,0,0,0
441000.0,60.0,10.08,694.0,3.1,51.0,0.0,0,0,1,0,0,1,0,0,0,0,1,0,1,0
244000.0,120.0,9.76,776.0,2.52,63.0,4.0,0,0,1,0,0,0,0,0,0,1,1,0,0,0
283000.0,240.0,10.3,662.0,3.62,49.0,2.0,0,0,1,0,0,1,0,0,0,0,0,1,0,0
362000.0,240.0,11.3,685.0,2.0,49.0,2.0,0,1,0,0,0,0,0,0,1,0,0,1,0,0
1117000.0,12.0,10.59,656.0,6.01,34.0,0.0,0,0,1,0,0,1,0,0,0,0,0,0,1,0
701000.0,240.0,10.42,734.0,4.27,49.0,1.0,0,0,0,1,0,0,0,0,0,0,1,0,0,0
370000.0,36.0,7.93,661.0,3.67,49.0,1.0,0,0,1,0,0,0,0,1,0,0,0,1,1,0
322000.0,240.0,12.29,755.0,3.67,60.0,3.0,0,1,0,0,0,1,0,0,0,0,0,0,1,0
941000.0,24.0,9.9,691.0,12.88,59.0,3.0,0,0,1,0,0,0,1,0,0,0,0,1,1,0
256000.0,60.0,10.92,652.0,6.11,51.0,4.0,0,0,0,0,0,0,0,0,1,0,0,1,0,1
1054000.0,36.0,12.18,748.0,1.48,63.0,0.0,0,0,0,0,1,0,0,0,0,1,1,0,1,0
408000.0,60.0,8.4,760.0,5.13,50.0,4.0,0,0,0,0,1,0,0,1,0,0,0,1,0,0
261000.0,24.0,9.35,662.0,11.3,59.0,1.0,0,0,0,0,0,0,0,0,0,1,0,1,0,1
757000.0,360.0,13.03,789.0,0.52,27.0,4.0,0,0,0,1,0,0,0,0,1,0,0,0,0,0
357000.0,120.0,11.55,717.0,0.0,63.0,0.0,0,0,0,0,0,0,0,0,1,0,1,0,0,0
100000.0,360.0,10.88,715.0,4.18,55.0,0.0,0,0,1,0,0,1,0,0,0,0,0,1,1,0
280000.0,240.0,10.08,727.0,5.8,31.0,0.0,0,0,0,0,1,0,1,0,0,0,0,0,0,1
702000.0,36.0,10.25,695.0,6.42,58.0,0.0,0,0,0,0,1,0,1,0,0,0,1,0,1,0
565000.0,24.0,8.03,728.0,3.6,56.0,2.0,0,1,0,0,0,0,0,0,0,1,0,1,1,0
583000.0,24.0,11.14,759.0,4.42,38.0,1.0,0,0,1,0,0,0,1,0,0,0,0,0,0,1
487000.0,24.0,9.59,736.0,5.03,24.0,1.0,0,0,0,0,0,0,0,1,0,0,1,0,0,0
832000.0,24.0,12.71,673.0,13.91,34.0,4.0,0,0,0,1,0,0,1,0,0,0,0,1,0,0
670000.0,12.0,10.1,637.0,3.33,34.0,0.0,0,0,0,1,0,0,0,1,0,0,0,1,0,1
351000.0,24.0,9.58,707.0,9.83,21.0,4.0,0,0,1,0,0,0,0,0,1,0,1,0,1,0
449000.0,60.0,9.99,687.0,7.77,21.0,0.0,0,0,1,0,0,0,0,0,0,0,0,1,0,0
130000.0,120.0,8.98,621.0,6.29,54.0,2.0,0,0,0,1,0,0,0,1,0,0,0,1,0,1
701000.0,60.0,7.84,633.0,6.46,52.0,4.0,0,0,1,0,0,0,0,0,1,0,1,0,1,0
630000.0,60.0,8.33,732.0,15.88,42.0,2.0,0,1,0,0,0,0,0,1,0,0,0,0,0,1
276000.0,12.0,10.02,711.0,0.0,54.0,3.0,0,0,0,1,0,0,1,0,0,0,1,0,0,0
955000.0,240.0,9.29,691.0,0.0,39.0,0.0,0,0,0,0,0,1,0,0,0,0,0,0,0,0
311000.0,12.0,11.96,807.0,18.69,33.0,4.0,0,0,0,0,0,1,0,0,0,0,0,0,0,1
397000.0,120.0,12.65,760.0,1.59,32.0,0.0,1,0,0,0,1,0,0,0,0,1,0,1,1,0
778000.0,24.0,9.61,692.0,12.16,59.0,3.0,0,1,0,0,0,0,0,1,0,0,0,1,0,0
120000.0,36.0,11.7,748.0,6.8,39.0,0.0,0,0,0,1,0,0,0,1,0,0,0,0,0,0
1046000.0,60.0,13.64,663.0,7.61,61.0,1.0,0,0,0,0,1,0,0,0,1,0,0,0,0,1
701000.0,240.0,9.44,665.0,4.06,63.0,1.0,0,1,0,0,0,0,1,0,0,0,0,1,0,0
248000.0,360.0,10.79,696.0,0.0,61.0,0.0,0,0,0,0,1,1,0,0,0,0,0,0,0,1
853000.0,240.0,9.28,628.0,6.75,52.0,0.0,0,0,0,1,0,0,0,0,1,0,1,0,0,0
741000.0,24.0,10.63,707.0,5.7,40.0,3.0,0,0,0,1,0,0,0,1,0,0,1,0,1,0
898000.0,24.0,10.7,717.0,2.67,27.0,4.0,0,0,0,0,0,0,1,0,0,0,0,0,0,0
389000.0,24.0,9.15,708.0,3.67,43.0,4.0,0,0,0,0,0,0,0,1,0,0,0,0,0,0
560000.0,120.0,9.67,702.0,12.5,46.0,0.0,0,0,0,0,0,0,0,0,0,0,1,0,0,1
100000.0,24.0,11.33,681.0,0.0,28.0,3.0,0,0,0,0,1,0,0,1,0,0,0,0,0,0
100000.0,12.0,13.59,650.0,19.83,24.0,3.0,0,0,0,1,0,1,0,0,0,0,1,0,0,1
178000.0,36.0,13.47,700.0,12.1,61.0,1.0,0,0,1,0,0,0,0,0,0,1,0,0,0,0
733000.0,24.0,8.08,754.0,13.66,23.0,3.0,0,1,0,0,0,1,0,0,0,0,0,0,0,0
608000.0,240.0,9.34,742.0,2.1,65.0,1.0,0,0,0,0,1,0,0,1,0,0,0,0,0,1
259000.0,240.0,9.86,738.0,4.56,55.0,1.0,0,0,1,0,0,0,0,0,1,0,0,0,1,0
115000.0,24.0,10.99,696.0,5.67,24.0,0.0,0,0,1,0,0,0,0,1,0,0,1,0,0,1
157000.0,240.0,8.0,708.0,16.94,49.0,0.0,0,0,0,1,0,0,0,0,0,1,0,1,0,0
102000.0,120.0,10.74,641.0,6.31,39.0,4.0,0,1,0,0,0,0,0,0,0,1,1,0,0,0
581000.0,60.0,12.62,715.0,12.0,21.0,1.0,0,1,0,0,0,0,0,0,0,1,0,1,0,0
367000.0,120.0,11.25,722.0,9.51,52.0,3.0,0,0,0,0,0,1,0,0,0,0,0,0,0,0
436000.0,240.0,12.13,719.0,4.45,50.0,0.0,1,0,0,0,1,0,1,0,0,0,1,0,0,0
254000.0,120.0,12.64,611.0,1.41,24.0,2.0,0,0,0,1,0,0,0,0,0,1,0,1,0,1
454000.0,360.0,10.63,704.0,0.86,58.0,4.0,0,0,0,0,0,0,0,0,0,1,1,0,1,0
193000.0,12.0,11.39,656.0,2.83,33.0,1.0,0,1,0,0,0,0,0,0,0,0,0,0,0,1
666000.0,240.0,10.49,728.0,0.0,40.0,0.0,0,1,0,0,0,0,1,0,0,0,1,0,0,1
441000.0,240.0,10.0,623.0,10.31,36.0,1.0,0,1,0,0,0,0,1,0,0,0,0,1,0,0
653000.0,24.0,12.35,704.0,5.6,58.0,2.0,0,1,0,0,0,0,0,1,0,0,1,0,0,1
100000.0,120.0,8.68,696.0,0.0,46.0,4.0,0,0,1,0,0,0,0,0,0,0,0,0,1,0
657000.0,12.0,15.26,636.0,0.22,23.0,1.0,0,0,0,1,0,0,0,0,0,1,0,0,1,0
100000.0,360.0,9.45,782.0,4.71,47.0,2.0,0,0,0,1,0,0,0,1,0,0,1,0,1,0
670000.0,240.0,9.48,766.0,1.38,60.0,4.0,0,1,0,0,0,1,0,0,0,0,0,1,0,1
754000.0,240.0,11.53,714.0,12.41,21.0,3.0,0,1,0,0,0,0,0,1,0,0,0,0,0,1
1042000.0,12.0,11.14,708.0,4.26,62.0,3.0,0,0,0,1,0,0,0,0,0,0,0,0,0,1
457000.0,120.0,12.08,742.0,5.96,31.0,4.0,0,0,0,0,1,0,0,0,0,0,0,0,0,1
783000.0,360.0,8.48,721.0,15.04,42.0,0.0,0,1,0,0,0,0,1,0,0,0,1,0,0,0
335000.0,240.0,7.0,742.0,6.57,32.0,2.0,0,0,0,1,0,0,0,0,0,1,0,0,1,0
330000.0,360.0,8.85,701.0,3.56,37.0,3.0,0,0,1,0,0,0,0,0,0,0,0,1,0,1
642000.0,360.0,10.16,779.0,0.0,38.0,3.0,0,0,0,0,0,1,0,0,0,0,1,0,0,0
639000.0,60.0,14.02,739.0,3.87,48.0,0.0,0,0,0,1,0,0,0,0,0,1,0,0,0,1
509000.0,120.0,10.62,765.0,2.77,58.0,3.0,0,0,0,1,0,0,0,1,0,0,0,1,1,0
136000.0,240.0,11.22,745.0,4.1,38.0,3.0,0,0,1,0,0,0,0,0,0,1,0,1,1,0
406000.0,360.0,8.51,729.0,5.07,30.0,1.0,0,0,0,1,0,0,1,0,0,0,0,0,1,0
591000.0,360.0,14.53,750.0,0.0,43.0,1.0,0,0,0,0,0,0,1,0,0,0,1,0,0,1
682000.0,120.0,8.29,697.0,5.66,29.0,3.0,0,0,0,0,0,0,0,0,0,0,0,1,0,1
254000.0,12.0,8.48,795.0,3.38,44.0,2.0,0,0,1,0,0,0,0,0,0,0,0,0,0,0
289000.0,36.0,12.68,640.0,3.74,26.0,1.0,0,1,0,0,0,1,0,0,0,0,1,0,1,0
317000.0,36.0,10.39,631.0,5.99,24.0,4.0,0,0,0,1,0,0,1,0,0,0,1,0,0,1
527000.0,60.0,7.0,680.0,5.01,40.0,0.0,0,0,1,0,0,0,0,1,0,0,0,1,0,0
890000.0,12.0,7.2,698.0,0.68,31.0,4.0,0,0,0,1,0,0,1,0,0,0,0,0,0,0
865000.0,120.0,7.0,681.0,0.8,35.0,0.0,0,1,0,0,0,0,0,0,1,0,0,1,1,0
381000.0,360.0,8.39,720.0,3.76,28.0,0.0,0,0,0,0,0,1,0,0,0,0,0,0,0,0
335000.0,12.0,9.22,762.0,0.35,52.0,4.0,0,0,0,0,0,0,0,1,0,0,0,1,0,0
863000.0,36.0,9.2,724.0,5.44,38.0,1.0,0,0,0,0,0,0,1,0,0,0,0,1,1,0
509000.0,12.0,8.34,673.0,2.41,65.0,1.0,0,1,0,0,0,1,0,0,0,0,0,1,1,0
735000.0,360.0,10.8,696.0,12.04,51.0,0.0,0,0,0,0,0,0,0,0,1,0,0,0,0,1
632000.0,36.0,8.87,687.0,17.09,50.0,1.0,0,0,0,0,1,1,0,0,0,0,0,1,1,0
100000.0,60.0,7.29,643.0,20.18,50.0,0.0,0,0,0,1,0,0,1,0,0,0,0,1,0,0
100000.0,12.0,9.6,752.0,13.44,55.0,2.0,0,0,0,1,0,1,0,0,0,0,0,1,0,0
1181000.0,240.0,10.28,617.0,6.35,27.0,1.0,0,0,1,0,0,0,1,0,0,0,0,1,0,1
736000.0,60.0,10.69,705.0,0.0,24.0,4.0,0,1,0,0,0,1,0,0,0,0,0,1,0,0
601000.0,60.0,11.12,590.0,7.86,56.0,1.0,0,0,0,0,0,0,1,0,0,0,0,1,0,1
702000.0,24.0,12.68,641.0,18.11,36.0,0.0,0,0,0,1,0,1,0,0,0,0,1,0,0,0
576000.0,36.0,10.07,699.0,4.04,51.0,1.0,0,0,0,1,0,0,1,0,0,0,0,0,0,1
346000.0,36.0,11.63,728.0,2.29,29.0,3.0,0,0,0,0,1,1,0,0,0,0,0,1,0,1
248000.0,360.0,9.09,686.0,5.92,58.0,2.0,0,0,1,0,0,0,0,1,0,0,0,1,0,0
695000.0,240.0,12.82,727.0,2.31,37.0,2.0,0,0,1,0,0,0,0,0,0,1,1,0,0,1
523000.0,60.0,10.02,755.0,11.44,41.0,2.0,0,0,1,0,0,1,0,0,0,0,1,0,0,0
693000.0,240.0,10.11,668.0,1.23,36.0,1.0,0,0,0,0,0,1,0,0,0,0,1,0,0,0
100000.0,240.0,9.47,653.0,11.35,40.0,2.0,0,0,1,0,0,0,1,0,0,0,0,0,0,1
713000.0,60.0,11.55,714.0,10.34,25.0,2.0,0,0,0,1,0,0,1,0,0,0,1,0,1,0
701000.0,240.0,11.58,710.0,11.81,27.0,4.0,0,0,0,1,0,0,0,1,0,0,0,0,0,1
299000.0,60.0,14.23,664.0,11.2,40.0,4.0,0,1,0,0,0,0,0,0,0,1,1,0,1,0
221000.0,360.0,11.57,666.0,7.9,63.0,0.0,0,0,0,0,0,0,0,0,0,0,1,0,0,1
703000.0,240.0,11.16,744.0,3.81,31.0,0.0,0,0,0,1,0,0,1,0,0,0,0,1,1,0
576000.0,240.0,12.98,657.0,10.68,47.0,3.0,0,0,1,0,0,1,0,0,0,0,0,0,0,1
400000.0,60.0,9.93,707.0,4.8,44.0,3.0,0,0,0,0,1,1,0,0,0,0,0,1,1,0
703000.0,240.0,11.75,665.0,6.22,57.0,2.0,0,0,0,0,0,0,0,0,0,1,0,0,1,0
219000.0,120.0,9.05,784.0,3.12,29.0,2.0,0,0,0,0,1,0,0,0,0,0,1,0,0,0
831000.0,240.0,9.45,724.0,0.0,45.0,0.0,0,1,0,0,0,0,0,0,0,1,0,1,0,1
584000.0,60.0,10.82,592.0,10.06,47.0,2.0,0,0,0,0,1,0,1,0,0,0,1,0,0,0
776000.0,24.0,10.1,741.0,4.19,29.0,1.0,0,0,0,0,0,0,0,0,1,0,0,0,1,0
718000.0,360.0,11.47,689.0,0.0,22.0,2.0,0,0,1,0,0,0,0,0,1,0,1,0,0,1
256000.0,240.0,10.23,680.0,14.15,29.0,4.0,0,0,1,0,0,0,0,0,0,1,1,0,1,0
501000.0,120.0,8.66,725.0,9.93,50.0,0.0,0,0,0,1,0,0,0,0,0,1,0,0,0,0
1276000.0,240.0,12.87,641.0,5.39,30.0,4.0,0,0,0,0,1,0,0,1,0,0,1,0,0,1
648000.0,240.0,7.0,667.0,10.79,37.0,0.0,0,0,1,0,0,1,0,0,0,0,0,0,0,1
295000.0,36.0,13.69,758.0,5.74,64.0,4.0,0,0,0,0,0,0,0,1,0,0,0,0,1,0
100000.0,240.0,11.33,644.0,2.0,50.0,0.0,0,1,0,0,0,0,0,0,0,1,1,0,1,0
433000.0,360.0,13.53,675.0,12.75,39.0,2.0,0,1,0,0,0,0,0,0,0,0,0,1,0,1
376000.0,36.0,10.98,614.0,0.0,64.0,0.0,0,0,0,0,1,0,0,0,0,0,0,1,0,1
697000.0,24.0,8.89,703.0,7.4,64.0,0.0,0,0,1,0,0,0,0,0,0,1,0,1,0,1
696000.0,240.0,10.34,783.0,0.0,41.0,1.0,0,0,0,0,0,0,0,1,0,0,0,1,1,0
209000.0,24.0,11.26,625.0,1.27,28.0,0.0,0,1,0,0,0,0,1,0,0,0,0,0,0,1
621000.0,120.0,7.0,773.0,4.67,63.0,2.0,0,0,0,0,0,0,0,0,1,0,1,0,0,0
429000.0,240.0,11.66,630.0,0.95,57.0,1.0,0,1,0,0,0,0,0,1,0,0,0,0,0,0
558000.0,360.0,12.08,729.0,5.39,43.0,2.0,0,1,0,0,0,0,0,0,0,1,1,0,0,0
376000.0,24.0,10.09,755.0,14.51,43.0,4.0,0,0,0,0,0,0,0,1,0,0,1,0,0,1
500000.0,240.0,11.92,688.0,8.7,35.0,4.0,0,0,1,0,0,0,0,1,0,0,0,1,0,0
418000.0,120.0,10.13,642.0,1.71,36.0,2.0,0,0,1,0,0,1,0,0,0,0,1,0,0,1
905000.0,36.0,7.0,687.0,2.76,21.0,2.0,0,0,1,0,0,0,0,0,0,1,0,1,0,0
954000.0,120.0,12.42,728.0,11.03,39.0,1.0,0,1,0,0,0,0,0,1,0,0,1,0,1,0
451000.0,12.0,10.86,704.0,10.68,51.0,0.0,0,0,0,1,0,0,0,1,0,0,0,1,1,0
676000.0,360.0,10.24,743.0,9.27,47.0,1.0,0,0,0,0,0,0,0,0,0,0,0,0,0,0
490000.0,360.0,12.84,738.0,5.61,27.0,0.0,0,0,1,0,0,0,0,0,1,0,1,0,0,1
665000.0,12.0,9.34,729.0,3.11,21.0,1.0,0,0,0,0,0,1,0,0,0,0,1,0,0,0
866000.0,12.0,10.25,715.0,3.92,25.0,4.0,0,0,0,0,1,0,0,1,0,0,0,0,0,1
760000.0,24.0,12.93,698.0,6.07,45.0,1.0,0,0,0,0,0,0,1,0,0,0,0,1,1,0
554000.0,12.0,12.44,671.0,17.54,57.0,3.0,0,0,0,1,0,0,1,0,0,0,0,0,0,1
198000.0,36.0,11.4,689.0,5.69,35.0,1.0,0,0,0,1,0,0,0,1,0,0,1,0,0,1
690000.0,24.0,12.56,672.0,0.0,55.0,2.0,0,1,0,0,0,0,0,1,0,0,0,1,0,0
453000.0,360.0,13.32,752.0,7.21,34.0,4.0,0,0,0,0,0,0,0,0,0,0,1,0,0,1
585000.0,12.0,10.74,655.0,17.69,61.0,2.0,0,0,0,0,0,0,0,0,1,0,1,0,1,0
430000.0,120.0,13.71,676.0,8.04,45.0,0.0,0,0,0,0,1,0,0,0,0,1,0,0,0,0
141000.0,360.0,7.57,731.0,11.56,61.0,3.0,0,0,0,0,0,0,0,0,0,0,1,0,0,1
544000.0,240.0,8.94,658.0,0.0,50.0,1.0,0,0,1,0,0,1,0,0,0,0,0,1,0,0
192000.0,36.0,9.71,667.0,0.51,64.0,0.0,0,0,1,0,0,1,0,0,0,0,1,0,0,0
286000.0,12.0,11.02,718.0,19.35,34.0,0.0,0,0,0,0,1,0,0,0,0,1,0,0,1,0
429000.0,36.0,8.87,686.0,1.99,57.0,0.0,0,0,1,0,0,0,0,1,0,0,0,0,1,0
711000.0,12.0,9.85,612.0,3.66,53.0,2.0,0,0,1,0,0,0,0,0,0,1,1,0,0,1
680000.0,12.0,11.19,628.0,7.14,47.0,3.0,0,0,1,0,0,1,0,0,0,0,0,0,0,0
555000.0,120.0,7.32,728.0,1.66,50.0,1.0,0,0,1,0,0,0,1,0,0,0,1,0,0,1
525000.0,24.0,12.36,638.0,2.5,45.0,2.0,0,0,0,0,0,0,0,0,0,1,0,0,0,1
557000.0,120.0,11.74,671.0,1.74,53.0,1.0,0,0,0,0,0,1,0,0,0,0,1,0,1,0
564000.0,12.0,14.26,639.0,0.0,45.0,4.0,0,0,0,0,0,0,1,0,0,0,0,1,0,1
133000.0,36.0,10.8,726.0,13.27,34.0,2.0,0,0,0,0,1,1,0,0,0,0,0,1,1,0
320000.0,12.0,11.25,628.0,0.23,49.0,3.0,0,0,0,0,1,0,0,0,0,0,1,0,1,0
935000.0,240.0,11.89,680.0,4.69,47.0,4.0,0,0,0,0,0,0,0,0,0,0,1,0,1,0
294000.0,12.0,9.68,713.0,9.25,26.0,3.0,0,1,0,0,0,0,0,1,0,0,0,0,0,0
495000.0,120.0,12.69,788.0,4.72,62.0,1.0,0,0,0,0,0,1,0,0,0,0,0,0,1,0
224000.0,24.0,7.5,754.0,8.85,32.0,1.0,0,0,0,0,1,0,0,0,1,0,1,0,0,1
662000.0,12.0,10.76,674.0,0.0,47.0,2.0,0,0,0,0,0,1,0,0,0,0,0,1,0,1
662000.0,12.0,9.84,707.0,3.5,45.0,0.0,0,0,1,0,0,1,0,0,0,0,1,0,0,0
1240000.0,24.0,10.53,640.0,12.37,47.0,2.0,0,1,0,0,0,0,0,0,0,0,0,1,1,0
244000.0,60.0,9.31,697.0,1.34,37.0,0.0,0,0,0,1,0,0,0,1,0,0,0,1,0,0
486000.0,12.0,8.57,622.0,6.83,50.0,1.0,0,0,0,1,0,0,0,1,0,0,0,1,0,0
100000.0,12.0,7.0,645.0,15.13,51.0,2.0,0,0,0,0,1,0,1,0,0,0,0,1,0,0
631000.0,60.0,11.71,662.0,8.04,39.0,3.0,0,1,0,0,0,0,0,0,1,0,0,0,0,0
666000.0,24.0,11.74,665.0,0.47,62.0,1.0,0,0,1,0,0,1,0,0,0,0,0,1,0,1
666000.0,24.0,9.61,685.0,18.06,52.0,4.0,0,0,0,1,0,0,0,0,0,0,1,0,0,1
252000.0,24.0,11.12,700.0,5.15,29.0,1.0,0,0,0,0,1,0,0,1,0,0,1,0,1,0
653000.0,240.0,9.82,661.0,9.63,24.0,0.0,0,1,0,0,0,0,0,0,0,1,0,1,0,0
729000.0,60.0,11.05,778.0,9.01,50.0,2.0,0,0,1,0,0,0,0,0,0,0,0,0,1,0
366000.0,120.0,12.4,666.0,6.39,42.0,0.0,0,0,0,0,1,0,0,0,0,1,1,0,0,1
177000.0,60.0,8.27,736.0,7.73,43.0,3.0,0,0,1,0,0,0,1,0,0,0,0,0,0,0
662000.0,24.0,10.18,647.0,0.0,32.0,1.0,0,1,0,0,0,0,0,1,0,0,0,0,1,0
544000.0,24.0,12.36,721.0,7.22,38.0,0.0,0,0,0,0,0,0,0,1,0,0,0,0,0,1
608000.0,120.0,7.37,715.0,2.84,49.0,2.0,0,0,0,0,0,0,0,0,0,0,0,0,0,0
350000.0,36.0,11.08,714.0,4.34,30.0,0.0,0,0,0,1,0,1,0,0,0,0,0,0,0,0
430000.0,120.0,10.89,721.0,3.08,63.0,2.0,0,0,1,0,0,0,0,0,0,0,0,0,0,1
308000.0,24.0,13.57,623.0,7.56,54.0,2.0,0,0,0,1,0,0,0,1,0,0,1,0,0,1
100000.0,24.0,15.1,705.0,13.07,55.0,3.0,0,0,0,1,0,0,0,1,0,0,1,0,0,1
352000.0,24.0,12.78,668.0,1.91,40.0,2.0,0,0,1,0,0,0,1,0,0,0,1,0,0,1
240000.0,36.0,12.27,681.0,0.0,21.0,4.0,0,0,0,0,0,0,0,0,0,0,1,0,0,0
847000.0,60.0,11.71,742.0,0.0,56.0,4.0,0,0,1,0,0,0,0,0,0,1,0,1,0,0
100000.0,360.0,11.12,702.0,7.66,49.0,1.0,0,1,0,0,0,1,0,0,0,0,1,0,1,0
660000.0,60.0,11.57,699.0,0.0,37.0,0.0,0,1,0,0,0,0,1,0,0,0,0,1,1,0
529000.0,36.0,13.58,654.0,0.0,40.0,0.0,0,0,0,1,0,0,0,0,0,0,1,0,0,1
869000.0,12.0,7.0,735.0,2.61,50.0,0.0,1,0,0,0,0,0,0,1,0,0,1,0,0,1
729000.0,12.0,12.75,718.0,3.44,29.0,0.0,0,0,1,0,0,0,0,1,0,0,0,0,0,1
754000.0,240.0,10.6,708.0,14.42,58.0,1.0,0,0,0,0,1,1,0,0,0,0,1,0,1,0
704000.0,60.0,8.66,657.0,4.42,51.0,3.0,0,0,1,0,0,0,1,0,0,0,0,0,1,0
901000.0,360.0,10.66,726.0,2.06,54.0,0.0,0,0,0,0,0,0,0,0,0,0,0,0,0,1
244000.0,12.0,11.89,775.0,8.93,43.0,3.0,0,0,0,0,0,0,0,1,0,0,0,1,1,0
967000.0,36.0,12.95,707.0,7.19,22.0,4.0,0,1,0,0,0,0,0,0,1,0,0,0,0,1
273000.0,24.0,7.0,590.0,3.4,52.0,4.0,0,0,0,0,0,1,0,0,0,0,1,0,0,0
203000.0,360.0,12.14,656.0,4.27,59.0,0.0,0,0,0,0,0,0,0,1,0,0,0,0,0,0
811000.0,60.0,11.81,725.0,9.31,62.0,1.0,0,0,0,1,0,0,0,0,1,0,0,1,0,1
100000.0,120.0,11.52,700.0,0.0,38.0,1.0,0,1,0,0,0,0,0,0,0,1,0,0,1,0
100000.0,24.0,8.26,690.0,5.63,38.0,4.0,0,0,0,1,0,0,0,0,0,1,0,0,0,0
789000.0,36.0,11.9,725.0,6.79,51.0,4.0,0,0,0,0,1,1,0,0,0,0,0,0,1,0
392000.0,120.0,10.47,707.0,6.62,47.0,1.0,0,0,0,0,0,0,0,0,0,0,1,0,1,0
298000.0,12.0,9.72,637.0,3.55,58.0,0.0,0,0,1,0,0,0,1,0,0,0,1,0,1,0
279000.0,36.0,10.16,742.0,2.73,32.0,4.0,0,0,1,0,0,0,0,0,0,0,0,1,1,0
850000.0,120.0,9.32,745.0,5.97,25.0,2.0,0,0,0,1,0,1,0,0,0,0,1,0,0,0
735000.0,36.0,10.14,646.0,2.86,35.0,4.0,0,0,1,0,0,1,0,0,0,0,0,0,0,0
327000.0,12.0,8.54,681.0,6.29,59.0,1.0,0,0,0,0,0,0,0,0,0,0,0,0,0,0
757000.0,12.0,10.83,690.0,9.97,50.0,4.0,0,0,0,0,1,0,0,0,1,0,0,1,1,0
516000.0,120.0,13.34,704.0,6.9,37.0,4.0,0,0,1,0,0,0,0,1,0,0,0,1,0,0
728000.0,60.0,10.26,700.0,4.36,42.0,4.0,0,0,0,1,0,0,0,0,0,0,1,0,0,0
625000.0,120.0,11.82,774.0,0.53,57.0,2.0,0,0,0,0,0,0,0,0,0,1,0,1,0,1
838000.0,12.0,8.37,625.0,7.28,39.0,1.0,0,0,0,0,1,0,0,0,1,0,0,0,0,1
629000.0,240.0,9.68,682.0,3.27,59.0,2.0,0,0,1,0,0,0,0,0,0,1,1,0,0,1
716000.0,36.0,10.82,711.0,5.73,40.0,2.0,0,0,0,0,1,0,0,0,0,1,0,1,0,0
672000.0,36.0,8.03,686.0,16.41,32.0,3.0,0,0,1,0,0,1,0,0,0,0,0,1,1,0
100000.0,360.0,11.85,609.0,0.0,49.0,1.0,0,1,0,0,0,0,1,0,0,0,0,1,1,0
665000.0,120.0,11.99,760.0,1.06,27.0,1.0,0,1,0,0,0,0,0,0,0,1,0,1,1,0
517000.0,36.0,8.99,708.0,12.65,65.0,1.0,0,0,0,1,0,0,0,0,1,0,0,0,1,0
1276000.0,12.0,8.32,766.0,2.86,58.0,4.0,0,0,0,0,0,0,0,0,0,1,1,0,1,0
474000.0,12.0,8.16,709.0,12.88,36.0,0.0,0,1,0,0,0,0,1,0,0,0,0,0,1,0
586000.0,360.0,10.28,623.0,5.63,45.0,1.0,0,0,0,0,0,0,0,0,0,0,0,0,1,0
1081000.0,60.0,7.09,622.0,4.98,34.0,2.0,0,0,0,1,0,0,1,0,0,0,0,0,0,1
102000.0,60.0,8.15,616.0,7.42,24.0,0.0,0,0,0,0,0,0,0,1,0,0,0,1,0,1
100000.0,120.0,10.58,710.0,18.22,30.0,4.0,0,0,1,0,0,0,0,1,0,0,0,0,0,0
451000.0,120.0,12.11,791.0,3.75,59.0,4.0,0,0,0,0,0,0,0,0,0,1,0,1,0,0
543000.0,360.0,9.19,645.0,12.31,22.0,4.0,0,0,0,0,1,0,0,1,0,0,0,0,0,0
473000.0,240.0,7.28,715.0,0.0,49.0,1.0,0,1,0,0,0,1,0,0,0,0,0,1,0,1
773000.0,60.0,10.83,666.0,3.9,59.0,4.0,0,0,0,0,1,0,0,1,0,0,1,0,0,1
384000.0,120.0,10.9,720.0,8.98,56.0,2.0,0,0,1,0,0,0,1,0,0,0,0,0,0,1
289000.0,360.0,9.36,709.0,10.04,57.0,4.0,1,0,0,0,0,0,0,0,0,0,0,1,1,0
490000.0,60.0,10.97,717.0,14.29,35.0,2.0,0,0,1,0,0,0,0,1,0,0,1,0,1,0
644000.0,240.0,11.78,681.0,14.63,51.0,0.0,0,0,0,0,0,0,1,0,0,0,0,1,0,1
523000.0,240.0,9.29,693.0,8.09,24.0,1.0,0,0,1,0,0,0,0,0,0,0,0,0,0,0
100000.0,240.0,13.68,703.0,7.78,23.0,2.0,0,0,0,1,0,0,1,0,0,0,0,0,0,1
468000.0,240.0,9.97,702.0,5.94,34.0,0.0,0,0,0,0,1,0,1,0,0,0,0,1,0,1
743000.0,36.0,11.47,689.0,15.2,26.0,2.0,0,0,0,0,0,0,0,0,1,0,0,0,0,1
574000.0,240.0,10.73,661.0,5.86,45.0,4.0,0,0,0,0,1,0,0,0,0,0,1,0,0,0
264000.0,240.0,10.61,685.0,3.91,51.0,2.0,0,0,0,0,1,0,0,0,1,0,0,0,0,1
100000.0,24.0,10.46,693.0,9.57,63.0,1.0,0,0,0,1,0,0,0,0,1,0,0,1,1,0
811000.0,24.0,8.03,802.0,19.21,46.0,2.0,0,0,0,0,0,0,0,0,0,0,0,1,0,1
396000.0,24.0,12.47,729.0,5.13,23.0,4.0,0,0,0,0,0,0,0,0,0,1,0,0,1,0
471000.0,360.0,10.62,681.0,11.17,46.0,0.0,0,0,0,0,0,0,0,0,0,1,0,0,0,0
195000.0,240.0,7.0,773.0,0.0,62.0,4.0,0,0,0,0,1,1,0,0,0,0,1,0,0,0
482000.0,60.0,13.32,686.0,10.11,25.0,0.0,0,0,1,0,0,0,0,0,0,0,0,0,0,0
186000.0,24.0,11.26,715.0,10.61,22.0,2.0,0,0,0,0,1,0,0,1,0,0,0,1,1,0
872000.0,360.0,11.23,728.0,4.18,47.0,1.0,0,0,0,1,0,0,0,0,0,1,0,0,1,0
684000.0,12.0,12.41,680.0,1.28,22.0,2.0,0,0,0,1,0,0,0,0,1,0,1,0,1,0
849000.0,240.0,7.38,712.0,2.86,58.0,4.0,0,0,0,1,0,0,0,0,0,1,0,1,1,0
526000.0,240.0,10.46,632.0,0.0,34.0,0.0,0,0,0,0,1,0,0,0,1,0,0,1,0,1
271000.0,120.0,9.29,717.0,2.64,55.0,3.0,0,0,0,1,0,0,0,0,0,1,0,0,0,1
100000.0,60.0,8.05,657.0,2.8,32.0,3.0,0,1,0,0,0,0,0,0,0,0,1,0,1,0
401000.0,60.0,10.98,642.0,5.54,54.0,1.0,0,0,0,1,0,0,0,0,0,1,1,0,1,0
252000.0,12.0,8.28,721.0,0.6,37.0,2.0,0,0,0,1,0,1,0,0,0,0,0,0,1,0
466000.0,360.0,13.72,734.0,7.33,53.0,0.0,0,0,0,1,0,0,0,0,0,1,1,0,0,1
569000.0,240.0,7.58,661.0,7.99,58.0,2.0,0,0,1,0,0,1,0,0,0,0,1,0,1,0
646000.0,60.0,11.58,649.0,1.85,63.0,1.0,0,0,0,0,1,1,0,0,0,0,0,0,0,0
297000.0,240.0,14.07,674.0,3.52,38.0,1.0,0,0,1,0,0,0,1,0,0,0,1,0,0,0
315000.0,12.0,10.94,702.0,2.88,56.0,2.0,0,0,0,1,0,0,0,1,0,0,0,1,0,1
316000.0,36.0,8.77,689.0,7.09,42.0,4.0,0,0,0,0,0,0,0,1,0,0,1,0,0,0
827000.0,12.0,10.64,759.0,6.33,25.0,2.0,0,0,0,0,1,0,0,0,0,1,0,0,1,0
100000.0,24.0,10.01,721.0,2.08,29.0,4.0,0,1,0,0,0,0,0,1,0,0,1,0,0,0
100000.0,12.0,10.74,724.0,0.43,26.0,0.0,0,0,0,0,1,0,1,0,0,0,0,0,1,0
771000.0,120.0,9.01,676.0,7.99,61.0,2.0,0,0,0,0,1,0,1,0,0,0,0,0,1,0
680000.0,36.0,12.25,634.0,7.87,54.0,4.0,0,0,0,0,1,0,0,0,1,0,1,0,0,0
641000.0,240.0,9.72,680.0,1.23,42.0,3.0,0,1,0,0,0,0,0,1,0,0,1,0,0,1
833000.0,12.0,8.25,706.0,0.0,39.0,2.0,0,1,0,0,0,0,0,1,0,0,0,0,1,0
876000.0,24.0,7.0,724.0,0.9,38.0,3.0,0,0,0,0,1,0,0,0,0,0,1,0,0,0
312000.0,360.0,15.4,607.0,7.01,46.0,0.0,0,0,0,0,1,0,0,0,0,0,1,0,0,0
100000.0,60.0,12.0,690.0,12.99,39.0,2.0,0,0,1,0,0,0,1,0,0,0,0,1,1,0
455000.0,24.0,9.96,692.0,1.34,30.0,0.0,0,0,1,0,0,1,0,0,0,0,0,1,0,0
573000.0,120.0,10.12,755.0,2.79,37.0,0.0,0,0,0,1,0,1,0,0,0,0,0,0,0,1
149000.0,36.0,12.52,707.0,3.31,30.0,3.0,0,0,0,0,1,0,0,0,0,0,1,0,0,1
452000.0,120.0,11.42,624.0,11.71,57.0,1.0,0,0,0,0,1,0,1,0,0,0,1,0,1,0
573000.0,12.0,8.52,674.0,3.61,29.0,3.0,0,1,0,0,0,0,0,1,0,0,1,0,1,0
382000.0,240.0,8.7,657.0,9.37,51.0,4.0,0,0,0,0,0,0,0,1,0,0,0,0,0,0
537000.0,36.0,12.68,702.0,5.04,30.0,1.0,0,0,0,0,0,0,0,0,1,0,0,1,0,1
709000.0,120.0,8.36,717.0,4.43,58.0,1.0,0,0,0,0,1,0,1,0,0,0,0,0,0,1
246000.0,120.0,12.24,737.0,8.05,21.0,2.0,0,1,0,0,0,0,0,0,0,1,1,0,1,0
801000.0,12.0,10.47,663.0,4.01,32.0,0.0,0,0,1,0,0,0,1,0,0,0,1,0,0,0
402000.0,24.0,10.6,673.0,9.2,50.0,0.0,0,1,0,0,0,0,0,1,0,0,0,0,0,1
504000.0,360.0,8.49,659.0,5.82,48.0,2.0,0,1,0,0,0,0,0,0,1,0,0,0,1,0
636000.0,24.0,11.14,724.0,3.85,43.0,1.0,0,1,0,0,0,0,0,0,1,0,1,0,0,1
556000.0,60.0,10.62,698.0,6.02,29.0,3.0,0,1,0,0,0,0,0,1,0,0,1,0,1,0
539000.0,120.0,10.2,703.0,1.82,32.0,0.0,1,0,0,0,0,0,0,0,0,1,0,1,1,0
239000.0,36.0,10.49,691.0,3.61,41.0,4.0,0,0,1,0,0,1,0,0,0,0,0,0,1,0
499000.0,120.0,12.96,730.0,7.1,48.0,1.0,0,0,0,0,1,0,0,0,1,0,0,1,0,1
572000.0,12.0,11.71,658.0,4.13,58.0,3.0,0,0,0,0,0,1,0,0,0,0,1,0,1,0
100000.0,36.0,12.4,632.0,3.78,52.0,2.0,0,0,0,0,0,0,1,0,0,0,0,1,1,0
892000.0,60.0,10.64,689.0,9.36,29.0,0.0,0,0,0,1,0,0,0,0,0,1,1,0,0,1
100000.0,12.0,12.34,699.0,2.2,32.0,0.0,0,0,0,0,1,0,1,0,0,0,1,0,0,0
492000.0,12.0,10.46,636.0,0.0,65.0,0.0,0,0,0,1,0,0,1,0,0,0,1,0,0,1
100000.0,120.0,8.39,674.0,7.2,28.0,1.0,0,0,0,1,0,0,1,0,0,0,0,0,0,1
798000.0,12.0,9.9,759.0,0.91,63.0,4.0,0,0,1,0,0,0,0,0,0,0,0,0,0,1
798000.0,12.0,10.21,699.0,0.37,29.0,1.0,0,0,1,0,0,1,0,0,0,0,0,0,0,1
543000.0,12.0,13.61,634.0,2.13,65.0,4.0,0,0,0,0,1,0,1,0,0,0,0,0,0,0
516000.0,36.0,13.13,746.0,11.22,23.0,3.0,0,0,0,1,0,0,0,0,1,0,0,1,1,0
100000.0,12.0,12.41,690.0,12.16,47.0,4.0,0,1,0,0,0,0,0,0,0,1,0,1,0,0
898000.0,12.0,8.45,699.0,5.01,39.0,2.0,0,0,1,0,0,1,0,0,0,0,0,1,0,0
171000.0,360.0,10.37,740.0,17.24,42.0,2.0,0,0,0,1,0,0,1,0,0,0,0,1,0,1
180000.0,24.0,10.77,713.0,0.0,32.0,2.0,0,0,0,0,0,0,0,0,1,0,1,0,1,0
570000.0,240.0,10.39,686.0,1.35,60.0,3.0,0,0,0,0,1,0,0,0,0,0,1,0,1,0
100000.0,24.0,10.23,688.0,3.71,40.0,2.0,0,0,0,1,0,0,1,0,0,0,0,0,0,0
332000.0,36.0,12.36,624.0,7.23,30.0,4.0,0,0,0,0,1,1,0,0,0,0,1,0,0,0
878000.0,24.0,8.11,821.0,8.3,43.0,0.0,0,0,1,0,0,1,0,0,0,0,0,1,0,1
377000.0,12.0,10.64,698.0,5.3,35.0,1.0,0,0,0,0,0,0,0,0,0,0,0,1,1,0
1222000.0,120.0,13.79,645.0,2.65,35.0,2.0,0,0,1,0,0,0,0,0,0,0,0,0,1,0
315000.0,360.0,11.47,719.0,10.02,59.0,0.0,0,0,0,0,1,1,0,0,0,0,1,0,0,0
558000.0,24.0,9.51,746.0,3.3,46.0,1.0,0,0,0,0,1,1,0,0,0,0,1,0,0,0
661000.0,120.0,11.11,596.0,7.44,58.0,3.0,0,0,0,0,0,0,0,0,0,1,1,0,0,0
546000.0,240.0,9.7,618.0,0.62,55.0,2.0,0,0,0,0,0,0,0,1,0,0,0,1,1,0
742000.0,24.0,9.78,596.0,8.98,31.0,0.0,0,0,1,0,0,1,0,0,0,0,1,0,1,0
687000.0,360.0,10.81,584.0,2.38,51.0,3.0,0,0,0,1,0,0,1,0,0,0,0,0,1,0
397000.0,360.0,8.0,608.0,7.71,57.0,4.0,0,0,0,0,1,0,0,0,1,0,1,0,0,0
480000.0,360.0,12.84,707.0,3.85,32.0,2.0,0,0,0,0,1,0,0,0,0,0,1,0,0,1
484000.0,120.0,11.73,721.0,4.31,43.0,1.0,0,0,0,0,1,0,1,0,0,0,0,1,0,0
918000.0,240.0,13.41,706.0,7.19,52.0,4.0,0,0,0,0,0,0,0,0,1,0,1,0,0,0
907000.0,60.0,11.0,680.0,8.81,38.0,3.0,0,0,0,0,1,0,0,0,0,0,0,0,1,0
577000.0,360.0,10.0,714.0,5.29,56.0,1.0,0,0,1,0,0,0,0,1,0,0,0,0,0,1
1029000.0,60.0,9.95,723.0,2.5,23.0,2.0,0,0,0,1,0,0,1,0,0,0,0,0,0,1
817000.0,60.0,7.68,663.0,0.0,49.0,3.0,0,0,0,0,1,0,0,0,1,0,1,0,0,1
100000.0,120.0,13.27,635.0,1.99,51.0,2.0,0,0,0,0,1,0,0,0,0,1,1,0,1,0
486000.0,60.0,10.21,681.0,0.31,41.0,1.0,0,0,0,0,1,0,0,0,0,0,1,0,0,1
100000.0,24.0,11.83,681.0,7.97,55.0,3.0,0,0,0,0,0,0,0,0,0,1,0,1,1,0
437000.0,360.0,8.9,734.0,3.74,60.0,1.0,0,0,0,0,0,0,0,1,0,0,1,0,0,0
1011000.0,36.0,11.11,642.0,4.38,23.0,3.0,0,0,0,0,1,1,0,0,0,0,1,0,0,0
219000.0,240.0,11.83,732.0,4.55,58.0,4.0,0,0,0,0,1,0,0,1,0,0,1,0,0,0
676000.0,360.0,9.17,687.0,12.52,38.0,4.0,0,0,0,0,1,0,0,0,0,1,0,0,0,1
905000.0,60.0,10.85,758.0,6.67,31.0,1.0,0,1,0,0,0,1,0,0,0,0,0,1,0,1
263000.0,240.0,8.87,803.0,4.87,51.0,3.0,0,1,0,0,0,0,0,0,1,0,0,1,1,0
443000.0,24.0,9.29,650.0,6.33,34.0,0.0,0,0,0,1,0,0,0,0,0,1,1,0,0,0
414000.0,240.0,10.53,748.0,14.43,44.0,4.0,0,1,0,0,0,1,0,0,0,0,0,1,0,1
551000.0,60.0,10.49,700.0,3.53,48.0,1.0,0,1,0,0,0,1,0,0,0,0,1,0,0,0
647000.0,12.0,8.83,693.0,5.55,65.0,4.0,0,0,0,0,0,0,1,0,0,0,0,0,0,1
319000.0,60.0,13.07,663.0,5.64,55.0,4.0,0,0,0,0,1,0,0,0,0,0,0,0,0,0
295000.0,360.0,7.77,625.0,5.63,55.0,4.0,0,0,0,1,0,0,0,1,0,0,1,0,0,1
460000.0,60.0,10.53,694.0,10.17,53.0,4.0,0,0,0,1,0,0,0,0,0,0,1,0,0,0
487000.0,240.0,8.26,674.0,0.0,21.0,3.0,0,0,0,0,0,0,0,0,1,0,0,1,1,0
716000.0,36.0,7.69,684.0,15.04,53.0,2.0,0,0,1,0,0,0,0,1,0,0,0,1,0,1
100000.0,12.0,9.39,664.0,11.06,42.0,3.0,0,0,0,0,0,0,0,0,0,0,0,0,0,1
620000.0,360.0,9.8,669.0,11.03,64.0,1.0,0,0,1,0,0,0,0,0,0,1,1,0,1,0
130000.0,60.0,14.08,686.0,7.17,24.0,2.0,1,0,0,0,1,0,1,0,0,0,0,0,0,1
646000.0,36.0,11.13,693.0,3.5,48.0,2.0,0,0,0,0,0,0,0,0,1,0,0,0,0,0
488000.0,36.0,9.87,722.0,9.37,50.0,3.0,0,0,1,0,0,0,0,1,0,0,0,0,0,1
141000.0,12.0,10.44,676.0,7.42,34.0,2.0,0,0,0,1,0,0,0,0,1,0,0,1,1,0
590000.0,12.0,10.02,685.0,8.33,44.0,2.0,0,0,0,0,1,0,0,1,0,0,0,0,0,0
193000.0,120.0,9.66,645.0,12.24,52.0,1.0,0,0,0,0,0,0,0,0,1,0,1,0,1,0
278000.0,360.0,9.76,780.0,9.66,38.0,0.0,0,1,0,0,0,0,0,0,0,1,1,0,0,0
628000.0,240.0,11.45,688.0,16.0,45.0,4.0,0,0,1,0,0,1,0,0,0,0,0,0,0,1
403000.0,240.0,12.32,703.0,10.14,47.0,0.0,0,0,0,0,0,0,0,0,0,1,0,1,0,1
335000.0,120.0,11.4,724.0,1.29,56.0,0.0,0,1,0,0,0,0,1,0,0,0,1,0,0,1
545000.0,360.0,14.67,718.0,3.17,27.0,2.0,1,0,0,0,0,0,0,0,0,0,1,0,0,0
230000.0,12.0,11.51,748.0,0.88,41.0,3.0,0,0,0,0,0,0,0,0,0,1,0,1,1,0
673000.0,60.0,10.78,702.0,4.98,44.0,1.0,0,0,0,0,1,0,0,0,0,0,0,0,0,0
580000.0,24.0,9.39,789.0,1.97,31.0,1.0,0,0,1,0,0,0,0,0,0,0,1,0,0,1
585000.0,24.0,12.64,687.0,3.59,63.0,0.0,0,0,1,0,0,1,0,0,0,0,0,1,0,1
100000.0,360.0,8.11,670.0,0.0,62.0,3.0,0,0,0,0,1,0,0,0,0,0,1,0,1,0
1221000.0,36.0,10.34,729.0,5.73,24.0,2.0,0,1,0,0,0,0,0,1,0,0,0,1,0,1
728000.0,120.0,8.86,611.0,16.56,61.0,1.0,0,0,0,1,0,0,0,0,0,0,0,1,0,0
341000.0,120.0,10.67,725.0,7.17,46.0,0.0,0,0,1,0,0,1,0,0,0,0,1,0,0,1
100000.0,60.0,9.44,704.0,6.25,42.0,4.0,0,0,0,0,0,0,0,0,1,0,0,1,0,0
894000.0,60.0,13.57,656.0,3.94,29.0,3.0,0,0,0,0,0,1,0,0,0,0,0,0,1,0
296000.0,60.0,10.84,752.0,18.25,46.0,2.0,0,1,0,0,0,0,0,0,0,0,1,0,0,0
342000.0,12.0,13.05,661.0,10.81,64.0,1.0,0,0,1,0,0,1,0,0,0,0,0,1,0,0
235000.0,120.0,8.46,756.0,17.5,49.0,2.0,0,0,0,1,0,0,0,0,1,0,0,0,1,0
188000.0,36.0,8.23,701.0,9.28,49.0,2.0,0,1,0,0,0,0,0,0,0,1,0,1,0,0
568000.0,12.0,8.9,670.0,9.15,25.0,4.0,0,0,0,0,1,0,0,1,0,0,0,1,0,1
732000.0,24.0,10.63,692.0,4.31,22.0,0.0,0,0,1,0,0,0,0,0,1,0,0,0,1,0
100000.0,12.0,10.35,583.0,13.41,62.0,1.0,0,0,0,0,0,0,0,0,1,0,0,0,0,1
340000.0,360.0,11.04,747.0,6.9,21.0,3.0,0,1,0,0,0,1,0,0,0,0,0,1,0,1
508000.0,12.0,12.05,676.0,11.65,38.0,3.0,0,0,0,0,0,0,0,0,0,0,1,0,1,0
445000.0,240.0,7.0,676.0,4.97,22.0,4.0,0,0,0,0,1,0,1,0,0,0,0,0,0,0
585000.0,36.0,10.32,639.0,5.88,30.0,3.0,0,0,0,1,0,0,0,1,0,0,1,0,0,1
532000.0,36.0,11.24,735.0,2.92,56.0,3.0,0,0,0,0,1,0,0,0,0,0,0,1,1,0
580000.0,24.0,11.69,690.0,2.59,31.0,4.0,0,0,1,0,0,1,0,0,0,0,0,1,0,1
711000.0,360.0,9.45,705.0,1.13,26.0,2.0,1,0,0,1,0,0,0,0,1,0,1,0,0,1
482000.0,36.0,9.37,734.0,0.0,42.0,4.0,0,0,1,0,0,1,0,0,0,0,0,1,1,0
379000.0,360.0,10.06,695.0,0.66,23.0,2.0,0,1,0,0,0,0,0,0,1,0,0,1,0,0
407000.0,12.0,9.42,648.0,6.14,43.0,3.0,0,1,0,0,0,0,0,1,0,0,1,0,1,0
649000.0,240.0,8.88,655.0,6.53,23.0,2.0,0,0,0,0,1,1,0,0,0,0,1,0,1,0
320000.0,120.0,9.67,714.0,4.41,52.0,2.0,0,1,0,0,0,0,1,0,0,0,1,0,1,0
419000.0,36.0,11.87,627.0,19.33,29.0,4.0,0,1,0,0,0,0,0,0,1,0,0,1,1,0
695000.0,360.0,9.83,620.0,2.39,53.0,2.0,0,0,0,1,0,0,0,0,1,0,0,0,1,0
100000.0,120.0,14.62,744.0,13.98,62.0,1.0,0,1,0,0,0,0,0,0,1,0,0,0,1,0
186000.0,240.0,9.99,705.0,15.73,60.0,2.0,0,0,0,0,0,0,0,0,0,0,1,0,0,1
281000.0,240.0,10.84,714.0,4.64,58.0,2.0,0,0,0,0,1,0,0,1,0,0,1,0,0,0
435000.0,120.0,13.74,781.0,2.73,50.0,1.0,0,0,0,1,0,1,0,0,0,0,0,0,0,0
669000.0,360.0,12.45,717.0,3.53,39.0,3.0,0,0,1,0,0,1,0,0,0,0,1,0,1,0
534000.0,24.0,11.34,653.0,3.51,32.0,4.0,0,0,1,0,0,0,0,0,1,0,0,1,0,0
228000.0,240.0,11.11,696.0,18.82,64.0,4.0,0,0,0,0,0,0,0,1,0,0,1,0,0,1
283000.0,360.0,12.54,770.0,8.01,64.0,2.0,0,0,0,0,0,0,0,0,0,0,0,0,0,0
100000.0,36.0,13.9,716.0,8.08,59.0,4.0,0,0,0,1,0,0,0,0,0,1,0,0,0,0
644000.0,360.0,9.52,730.0,2.82,37.0,1.0,0,1,0,0,0,0,0,1,0,0,0,1,0,1
700000.0,60.0,12.12,669.0,4.09,55.0,1.0,0,0,0,1,0,0,1,0,0,0,1,0,0,1
1026000.0,60.0,9.47,726.0,4.82,45.0,1.0,0,0,0,0,0,0,0,0,0,0,0,1,0,1
197000.0,24.0,12.8,755.0,7.46,58.0,2.0,0,0,0,1,0,0,0,0,0,1,0,1,1,0
401000.0,120.0,10.35,667.0,5.07,46.0,2.0,0,0,0,0,1,0,0,0,0,1,0,1,0,1
138000.0,360.0,12.36,790.0,3.92,34.0,0.0,0,0,1,0,0,0,0,1,0,0,0,0,0,1
753000.0,24.0,9.9,637.0,0.95,31.0,3.0,0,0,0,0,0,0,0,0,0,1,0,0,0,0
240000.0,36.0,12.28,786.0,7.34,35.0,0.0,0,0,0,0,1,0,0,1,0,0,0,0,1,0
654000.0,60.0,12.97,713.0,8.88,63.0,3.0,1,0,0,0,0,1,0,0,0,0,0,1,0,1
252000.0,120.0,12.06,786.0,1.25,35.0,2.0,0,0,1,0,0,0,1,0,0,0,0,1,0,1
100000.0,24.0,9.53,684.0,12.5,42.0,2.0,0,1,0,0,0,0,0,0,0,0,0,0,0,1
445000.0,60.0,11.5,630.0,2.88,38.0,3.0,0,0,1,0,0,1,0,0,0,0,1,0,0,1
509000.0,12.0,8.06,665.0,9.21,42.0,3.0,0,0,0,0,0,0,1,0,0,0,0,1,1,0
392000.0,240.0,10.6,674.0,10.58,21.0,4.0,0,0,1,0,0,0,0,0,0,0,0,1,1,0
468000.0,60.0,10.06,607.0,9.92,37.0,2.0,0,1,0,0,0,0,0,0,1,0,1,0,0,0
535000.0,60.0,13.5,662.0,3.09,40.0,1.0,0,0,0,0,1,0,0,0,0,0,1,0,1,0
100000.0,12.0,11.78,647.0,19.35,25.0,1.0,0,0,1,0,0,0,0,0,0,0,1,0,0,0
402000.0,24.0,10.97,762.0,6.74,48.0,1.0,0,0,1,0,0,0,1,0,0,0,1,0,0,0
568000.0,240.0,14.89,723.0,4.02,61.0,4.0,0,0,1,0,0,0,0,0,0,1,0,1,0,0
442000.0,240.0,10.4,691.0,5.0,41.0,1.0,0,0,0,0,0,0,0,0,0,0,0,1,0,0
1059000.0,120.0,10.56,749.0,2.29,21.0,1.0,0,0,0,1,0,0,0,1,0,0,0,0,1,0
111000.0,120.0,9.51,651.0,8.75,47.0,3.0,0,0,0,1,0,0,0,1,0,0,0,0,0,1
187000.0,120.0,7.36,724.0,4.28,35.0,3.0,0,1,0,0,0,0,1,0,0,0,1,0,1,0
100000.0,120.0,7.0,671.0,0.0,23.0,4.0,0,0,1,0,0,0,0,1,0,0,1,0,0,1
839000.0,120.0,10.12,695.0,4.65,52.0,2.0,0,1,0,0,0,0,0,0,0,1,0,1,0,1
159000.0,240.0,8.99,720.0,3.17,31.0,0.0,0,1,0,0,0,0,0,0,0,1,1,0,0,0
318000.0,120.0,10.02,638.0,15.28,52.0,1.0,0,0,1,0,0,0,0,0,0,0,1,0,0,1
370000.0,60.0,10.96,702.0,4.14,33.0,3.0,0,0,0,0,0,0,0,1,0,0,0,0,0,1
783000.0,12.0,8.8,729.0,17.13,39.0,3.0,0,0,0,0,0,0,0,0,1,0,0,1,0,0
347000.0,120.0,9.14,732.0,9.84,35.0,2.0,0,0,0,1,0,0,0,0,0,1,0,1,0,0
683000.0,120.0,10.45,652.0,6.19,52.0,2.0,0,0,0,1,0,0,0,1,0,0,1,0,1,0
1190000.0,12.0,7.0,627.0,12.36,35.0,4.0,0,0,0,1,0,1,0,0,0,0,0,1,1,0
500000.0,24.0,8.9,731.0,5.59,37.0,2.0,0,0,1,0,0,0,0,1,0,0,0,1,0,1
812000.0,24.0,9.63,673.0,4.24,31.0,2.0,0,0,0,0,0,0,0,0,0,0,1,0,1,0
159000.0,60.0,12.67,778.0,8.68,62.0,2.0,0,1,0,0,0,0,0,1,0,0,0,0,0,0
813000.0,120.0,11.51,651.0,7.64,38.0,4.0,0,1,0,0,0,0,0,1,0,0,1,0,0,0
188000.0,24.0,13.71,722.0,1.31,29.0,3.0,0,1,0,0,0,0,1,0,0,0,0,1,0,1
744000.0,12.0,7.34,696.0,11.0,27.0,3.0,0,0,0,0,1,1,0,0,0,0,0,1,1,0
100000.0,60.0,9.31,627.0,8.76,37.0,3.0,0,1,0,0,0,0,0,1,0,0,1,0,0,1
452000.0,24.0,10.91,738.0,3.89,47.0,2.0,0,0,0,0,1,0,1,0,0,0,0,1,0,1
661000.0,360.0,10.98,678.0,4.13,21.0,2.0,0,0,0,0,1,0,0,0,0,1,0,0,0,0
760000.0,24.0,11.86,660.0,0.0,48.0,4.0,0,0,0,1,0,0,1,0,0,0,0,1,0,1
778000.0,240.0,9.37,710.0,4.77,27.0,4.0,0,0,0,1,0,0,0,0,1,0,1,0,0,1
650000.0,120.0,15.48,742.0,4.03,37.0,1.0,0,0,0,1,0,0,1,0,0,0,1,0,0,0
100000.0,240.0,12.26,708.0,1.29,35.0,1.0,0,0,1,0,0,0,1,0,0,0,0,0,0,1
100000.0,60.0,11.03,633.0,3.1,39.0,4.0,0,0,1,0,0,0,0,1,0,0,0,0,0,0
321000.0,360.0,10.02,670.0,6.5,58.0,2.0,0,0,0,0,1,0,0,0,0,0,0,1,1,0
946000.0,60.0,14.69,734.0,6.22,61.0,0.0,0,0,0,1,0,0,1,0,0,0,0,0,0,0
647000.0,24.0,11.57,651.0,8.68,53.0,1.0,0,0,0,1,0,0,0,0,0,0,0,0,1,0
294000.0,12.0,9.78,647.0,17.3,46.0,2.0,0,0,0,0,0,1,0,0,0,0,0,0,0,0
944000.0,60.0,11.35,737.0,1.91,26.0,0.0,0,1,0,0,0,0,1,0,0,0,1,0,0,0
880000.0,36.0,10.48,630.0,1.95,63.0,4.0,0,1,0,0,0,1,0,0,0,0,0,1,0,1
511000.0,360.0,9.85,697.0,5.02,39.0,3.0,0,0,0,1,0,0,0,0,1,0,1,0,0,0
615000.0,60.0,15.38,756.0,5.99,49.0,3.0,0,1,0,0,0,0,0,0,0,0,0,0,0,0
1088000.0,24.0,14.52,766.0,5.96,36.0,1.0,0,0,0,1,0,0,0,1,0,0,0,0,1,0
413000.0,240.0,8.49,658.0,19.0,22.0,0.0,0,0,0,1,0,0,0,0,0,0,1,0,0,1
537000.0,24.0,10.48,714.0,8.44,36.0,0.0,0,0,0,1,0,0,1,0,0,0,0,0,0,0
557000.0,24.0,14.67,619.0,0.0,28.0,3.0,0,0,1,0,0,0,0,0,0,0,0,0,1,0
340000.0,360.0,11.6,669.0,3.72,40.0,4.0,0,0,0,0,1,0,1,0,0,0,1,0,0,1
703000.0,360.0,8.88,788.0,13.95,28.0,2.0,0,0,1,0,0,0,0,1,0,0,0,0,0,1
791000.0,360.0,8.31,680.0,4.22,65.0,4.0,0,0,1,0,0,1,0,0,0,0,0,0,1,0
100000.0,36.0,12.36,698.0,2.64,61.0,2.0,0,0,0,1,0,0,1,0,0,0,0,0,0,0
416000.0,12.0,7.53,715.0,13.29,28.0,2.0,0,1,0,0,0,1,0,0,0,0,1,0,0,0
283000.0,24.0,12.71,709.0,11.25,60.0,4.0,0,0,0,0,0,1,0,0,0,0,0,0,0,0
760000.0,24.0,11.16,704.0,6.72,35.0,1.0,0,1,0,0,0,0,0,0,1,0,0,0,1,0
100000.0,24.0,11.42,692.0,5.48,56.0,4.0,0,0,0,1,0,1,0,0,0,0,0,0,0,0
254000.0,360.0,10.59,758.0,13.0,34.0,1.0,0,0,0,0,1,0,1,0,0,0,0,0,1,0
296000.0,24.0,8.78,725.0,11.68,41.0,4.0,0,0,1,0,0,0,0,1,0,0,0,1,1,0
302000.0,36.0,9.85,722.0,6.87,58.0,2.0,0,0,1,0,0,0,0,1,0,0,1,0,0,1
479000.0,36.0,9.9,733.0,5.43,34.0,2.0,0,1,0,0,0,1,0,0,0,0,0,0,0,0
273000.0,36.0,10.11,661.0,11.34,32.0,0.0,0,1,0,0,0,1,0,0,0,0,0,0,0,1
910000.0,360.0,11.24,784.0,3.76,38.0,4.0,0,0,0,1,0,0,1,0,0,0,0,0,1,0
531000.0,60.0,10.6,619.0,0.0,33.0,0.0,0,0,0,1,0,1,0,0,0,0,0,1,0,1
373000.0,24.0,14.4,794.0,7.84,60.0,1.0,0,0,0,1,0,0,0,1,0,0,1,0,0,1
357000.0,120.0,11.63,795.0,12.35,36.0,4.0,0,1,0,0,0,0,0,0,0,1,1,0,0,1
398000.0,120.0,12.21,687.0,13.54,32.0,3.0,0,0,0,0,0,1,0,0,0,0,1,0,0,0
934000.0,24.0,11.35,715.0,13.08,61.0,3.0,0,0,1,0,0,0,0,0,0,0,1,0,0,0
821000.0,24.0,11.23,687.0,13.16,22.0,3.0,0,1,0,0,0,0,0,0,0,1,1,0,1,0
100000.0,36.0,12.22,744.0,1.62,57.0,3.0,0,1,0,0,0,0,0,1,0,0,0,0,1,0
770000.0,36.0,12.7,716.0,4.92,52.0,3.0,0,0,0,0,0,0,0,0,1,0,0,1,0,0
351000.0,60.0,14.02,739.0,11.6,24.0,2.0,0,1,0,0,0,0,0,0,0,1,0,1,0,1
168000.0,120.0,8.49,720.0,2.18,39.0,0.0,0,1,0,0,0,0,0,0,1,0,1,0,1,0
608000.0,24.0,9.81,703.0,10.91,24.0,0.0,0,0,0,1,0,0,0,0,0,1,1,0,0,0
460000.0,60.0,9.05,710.0,4.36,58.0,0.0,0,1,0,0,0,0,0,0,1,0,0,0,0,1
835000.0,12.0,11.71,672.0,13.71,47.0,0.0,0,1,0,0,0,0,0,0,0,1,1,0,0,1
100000.0,36.0,11.35,726.0,5.43,53.0,0.0,0,0,1,0,0,0,0,0,1,0,1,0,0,0
457000.0,12.0,10.3,652.0,5.56,32.0,3.0,0,1,0,0,0,0,0,0,0,1,1,0,0,1
235000.0,360.0,8.6,722.0,4.5,65.0,4.0,0,0,0,1,0,0,1,0,0,0,1,0,0,0
387000.0,24.0,12.11,666.0,1.83,60.0,2.0,0,0,0,1,0,0,0,0,0,1,1,0,0,1
600000.0,240.0,11.36,711.0,0.0,44.0,1.0,0,0,0,0,0,0,0,1,0,0,0,0,0,1
551000.0,24.0,10.36,679.0,5.26,64.0,3.0,0,0,0,0,0,0,0,0,1,0,0,1,0,1
446000.0,120.0,10.84,804.0,3.24,54.0,0.0,0,0,1,0,0,0,0,0,1,0,0,1,0,0
379000.0,120.0,9.94,739.0,12.1,50.0,1.0,1,0,0,1,0,0,1,0,0,0,0,0,0,0
100000.0,12.0,10.38,712.0,3.43,26.0,1.0,1,0,1,0,0,0,0,0,1,0,1,0,0,1
145000.0,12.0,13.36,771.0,11.84,57.0,2.0,0,0,0,0,1,0,0,0,0,0,1,0,1,0
844000.0,120.0,14.19,729.0,3.21,53.0,0.0,0,1,0,0,0,0,1,0,0,0,1,0,1,0
672000.0,60.0,15.57,679.0,18.0,48.0,3.0,0,0,0,1,0,0,0,0,0,0,1,0,0,0
488000.0,240.0,10.99,691.0,3.67,41.0,2.0,0,0,1,0,0,1,0,0,0,0,0,0,1,0
559000.0,240.0,14.03,699.0,7.36,53.0,2.0,0,0,1,0,0,0,0,1,0,0,1,0,0,0
321000.0,240.0,11.09,702.0,14.53,26.0,4.0,0,0,0,0,1,0,0,0,0,1,1,0,0,1
329000.0,360.0,10.7,673.0,0.13,35.0,0.0,0,0,0,0,0,0,0,1,0,0,1,0,0,0
629000.0,24.0,9.6,793.0,8.04,58.0,4.0,0,0,0,1,0,1,0,0,0,0,0,0,0,0
100000.0,12.0,14.26,638.0,0.79,51.0,1.0,0,0,1,0,0,0,1,0,0,0,1,0,0,0
586000.0,60.0,8.79,670.0,2.61,46.0,2.0,0,0,0,0,0,0,1,0,0,0,0,0,1,0
317000.0,36.0,7.61,765.0,6.58,65.0,3.0,0,0,0,0,1,0,0,0,0,1,0,0,1,0
1193000.0,360.0,13.12,642.0,4.33,51.0,0.0,0,1,0,0,0,0,0,0,0,1,0,0,1,0
625000.0,360.0,8.57,676.0,0.54,48.0,0.0,0,0,0,0,0,0,0,0,0,1,0,0,0,1
228000.0,120.0,10.2,700.0,7.02,47.0,4.0,0,0,0,1,0,0,0,1,0,0,0,1,0,0
488000.0,120.0,13.06,647.0,14.12,22.0,0.0,0,0,0,0,0,0,0,0,1,0,0,1,1,0
451000.0,12.0,12.74,690.0,16.16,23.0,4.0,0,0,0,0,1,0,1,0,0,0,1,0,1,0
232000.0,60.0,10.56,772.0,7.74,47.0,2.0,0,1,0,0,0,0,0,1,0,0,1,0,1,0
864000.0,60.0,11.36,640.0,7.83,51.0,3.0,0,0,0,1,0,0,0,0,0,1,0,0,0,0
219000.0,120.0,10.14,723.0,3.55,22.0,2.0,0,0,1,0,0,0,1,0,0,0,0,0,0,0
316000.0,60.0,7.55,725.0,14.77,37.0,0.0,0,0,1,0,0,0,0,0,0,1,1,0,0,1
100000.0,24.0,11.06,739.0,4.05,35.0,2.0,0,1,0,0,0,0,0,0,1,0,0,0,0,1
516000.0,24.0,10.86,681.0,12.3,41.0,4.0,0,0,1,0,0,0,0,1,0,0,1,0,1,0
727000.0,360.0,10.46,714.0,17.61,53.0,4.0,0,1,0,0,0,1,0,0,0,0,0,1,1,0
938000.0,360.0,10.94,754.0,11.42,64.0,0.0,0,0,1,0,0,0,0,0,0,1,1,0,0,1
237000.0,12.0,12.03,677.0,1.3,49.0,1.0,0,0,0,0,0,0,1,0,0,0,1,0,0,0
327000.0,120.0,12.77,783.0,1.13,50.0,3.0,0,0,1,0,0,0,0,1,0,0,1,0,0,0
324000.0,12.0,12.35,633.0,11.03,22.0,0.0,0,0,0,1,0,0,0,0,0,0,0,0,0,1
776000.0,12.0,8.04,718.0,5.53,52.0,1.0,0,0,0,0,1,0,0,0,0,1,1,0,1,0
533000.0,12.0,11.32,653.0,0.32,51.0,4.0,0,0,0,0,0,0,1,0,0,0,0,0,0,1
847000.0,360.0,8.22,680.0,2.91,58.0,2.0,0,0,0,0,0,0,0,0,0,1,0,1,1,0
502000.0,240.0,11.59,738.0,6.23,54.0,3.0,0,0,0,0,0,0,0,0,0,0,0,1,0,1
314000.0,120.0,12.12,667.0,10.85,44.0,3.0,0,0,0,0,1,0,0,0,0,1,0,0,0,0
448000.0,360.0,9.78,678.0,7.19,29.0,4.0,0,0,0,0,0,0,1,0,0,0,0,0,0,0
724000.0,12.0,13.72,693.0,2.37,53.0,1.0,0,0,0,0,1,0,0,0,0,1,0,0,0,0
536000.0,24.0,7.92,664.0,0.88,43.0,2.0,0,1,0,0,0,0,0,0,1,0,0,0,0,0
388000.0,24.0,13.39,796.0,2.76,54.0,0.0,0,0,0,1,0,0,0,1,0,0,0,1,1,0
461000.0,24.0,7.94,640.0,4.1,29.0,4.0,0,0,0,1,0,0,0,1,0,0,1,0,1,0
243000.0,360.0,13.53,655.0,0.0,50.0,1.0,0,0,0,0,0,0,0,0,0,0,1,0,0,1
563000.0,60.0,8.83,665.0,7.08,34.0,1.0,0,0,0,0,1,0,0,0,0,0,1,0,0,0
100000.0,120.0,13.5,625.0,7.24,47.0,0.0,0,0,0,0,1,0,0,1,0,0,0,1,0,1
726000.0,120.0,11.4,644.0,11.49,29.0,1.0,0,1,0,0,0,0,1,0,0,0,1,0,0,1
696000.0,240.0,8.1,722.0,0.0,50.0,3.0,0,1,0,0,0,0,0,0,0,1,1,0,0,0
347000.0,360.0,10.15,732.0,0.28,51.0,2.0,0,0,0,0,1,1,0,0,0,0,0,1,0,0
934000.0,240.0,9.4,641.0,13.3,60.0,0.0,0,0,0,1,0,0,1,0,0,0,0,1,0,0
549000.0,24.0,11.85,711.0,7.19,48.0,0.0,0,0,0,0,0,0,0,0,1,0,0,0,0,0
617000.0,36.0,7.97,739.0,9.51,42.0,0.0,0,0,0,0,0,0,0,1,0,0,0,1,1,0
581000.0,60.0,9.92,671.0,0.86,35.0,2.0,0,0,0,1,0,1,0,0,0,0,0,0,0,1
555000.0,360.0,13.11,712.0,7.52,42.0,1.0,0,0,0,0,0,1,0,0,0,0,1,0,0,0
601000.0,120.0,12.03,725.0,8.31,31.0,1.0,0,0,1,0,0,1,0,0,0,0,0,0,1,0
646000.0,24.0,9.41,697.0,11.66,21.0,1.0,0,0,0,0,1,0,0,0,0,0,0,1,0,0
613000.0,24.0,15.24,706.0,3.39,60.0,2.0,0,0,0,0,0,0,0,0,0,1,0,1,0,0
349000.0,24.0,7.0,721.0,2.42,48.0,3.0,0,0,0,1,0,1,0,0,0,0,0,1,0,1
346000.0,36.0,9.07,646.0,10.63,26.0,2.0,0,0,0,0,1,0,0,0,0,0,0,1,0,1
798000.0,12.0,12.2,715.0,3.23,40.0,2.0,0,0,0,1,0,0,1,0,0,0,0,1,1,0
502000.0,360.0,10.36,701.0,0.2,50.0,4.0,0,1,0,0,0,1,0,0,0,0,0,1,0,0
596000.0,240.0,15.06,766.0,15.0,34.0,4.0,0,0,0,0,1,0,0,1,0,0,0,1,0,0
667000.0,36.0,13.34,624.0,2.83,43.0,4.0,0,0,0,1,0,0,0,0,0,1,0,1,1,0
873000.0,36.0,8.17,700.0,4.39,59.0,2.0,0,0,0,1,0,0,0,0,1,0,1,0,1,0
896000.0,36.0,13.2,650.0,12.11,34.0,1.0,0,0,1,0,0,0,1,0,0,0,0,0,1,0
514000.0,120.0,11.04,748.0,11.04,36.0,0.0,0,0,1,0,0,0,1,0,0,0,0,0,1,0
447000.0,24.0,8.97,696.0,4.37,50.0,1.0,0,0,0,0,1,0,0,0,0,1,1,0,0,1
633000.0,60.0,7.52,691.0,6.02,43.0,3.0,0,0,1,0,0,1,0,0,0,0,0,1,0,1
472000.0,12.0,10.53,751.0,2.12,58.0,3.0,0,0,1,0,0,0,0,0,1,0,1,0,0,1
100000.0,60.0,9.88,634.0,9.15,34.0,1.0,0,0,1,0,0,0,0,0,0,0,0,0,1,0
1047000.0,12.0,8.35,721.0,7.32,60.0,4.0,0,1,0,0,0,0,0,0,0,1,0,0,0,1
384000.0,360.0,11.83,663.0,2.44,50.0,3.0,0,0,0,0,0,0,0,1,0,0,0,0,0,0
759000.0,24.0,11.16,719.0,2.0,46.0,1.0,0,0,0,0,1,1,0,0,0,0,0,1,0,0
100000.0,36.0,8.26,766.0,0.41,52.0,0.0,0,0,1,0,0,0,0,1,0,0,0,0,0,1
535000.0,60.0,8.28,710.0,4.83,24.0,4.0,0,0,0,0,0,0,1,0,0,0,0,1,0,1
840000.0,24.0,10.29,615.0,0.0,41.0,4.0,0,0,1,0,0,1,0,0,0,0,0,1,0,1
121000.0,24.0,13.61,761.0,1.04,41.0,2.0,0,0,0,0,1,1,0,0,0,0,1,0,0,0
811000.0,240.0,10.66,761.0,8.24,65.0,1.0,0,0,0,0,0,0,0,0,0,1,0,1,0,1
196000.0,24.0,9.08,694.0,2.52,60.0,0.0,0,0,1,0,0,0,1,0,0,0,0,0,0,1
545000.0,60.0,10.01,684.0,4.27,25.0,1.0,0,1,0,0,0,0,0,0,0,1,1,0,1,0
665000.0,360.0,9.89,747.0,0.0,54.0,3.0,0,1,0,0,0,1,0,0,0,0,0,0,0,0
458000.0,12.0,10.8,640.0,4.7,43.0,3.0,0,0,0,1,0,0,0,0,0,1,1,0,0,0
656000.0,240.0,14.52,703.0,2.64,42.0,3.0,0,0,0,0,0,0,1,0,0,0,0,0,1,0
749000.0,360.0,10.99,727.0,8.21,21.0,0.0,0,1,0,0,0,0,0,0,0,0,0,0,1,0
886000.0,24.0,11.77,702.0,6.99,52.0,1.0,0,0,0,0,1,0,0,0,0,0,1,0,0,1
973000.0,360.0,11.53,775.0,19.18,62.0,0.0,0,0,0,1,0,0,0,0,1,0,0,1,0,1
709000.0,24.0,10.03,749.0,8.3,23.0,3.0,0,1,0,0,0,0,1,0,0,0,1,0,0,1
895000.0,240.0,13.26,717.0,8.57,65.0,1.0,0,0,0,0,0,0,1,0,0,0,0,1,0,1
724000.0,60.0,13.5,745.0,3.31,29.0,1.0,0,0,0,1,0,0,0,0,0,0,0,1,0,1
709000.0,120.0,15.68,706.0,16.67,65.0,4.0,0,0,1,0,0,0,0,1,0,0,1,0,0,1
149000.0,240.0,11.35,659.0,14.19,26.0,3.0,0,0,0,1,0,0,1,0,0,0,1,0,1,0
300000.0,120.0,11.97,695.0,2.27,28.0,0.0,1,0,0,0,0,0,0,0,1,0,1,0,1,0
100000.0,360.0,9.21,684.0,3.11,55.0,0.0,0,0,0,0,1,0,1,0,0,0,0,0,0,1
196000.0,36.0,11.77,689.0,3.47,24.0,1.0,0,1,0,0,0,0,0,1,0,0,0,1,1,0
100000.0,12.0,10.32,704.0,20.41,54.0,4.0,0,0,0,0,0,0,0,1,0,0,1,0,0,0
828000.0,24.0,9.84,631.0,1.94,39.0,0.0,0,0,0,0,0,0,0,0,0,0,0,0,1,0
100000.0,60.0,11.87,789.0,0.19,32.0,1.0,0,0,0,0,1,0,0,1,0,0,0,1,1,0
206000.0,240.0,12.3,596.0,3.35,38.0,0.0,0,1,0,0,0,0,0,0,1,0,1,0,0,1
133000.0,36.0,7.96,728.0,6.31,49.0,1.0,0,0,0,0,0,0,0,0,0,0,0,1,0,0
432000.0,24.0,9.98,778.0,6.69,35.0,2.0,0,0,0,0,1,0,0,1,0,0,0,1,1,0
625000.0,360.0,12.73,665.0,9.87,41.0,4.0,0,0,0,0,0,0,0,0,0,1,0,1,1,0
536000.0,360.0,7.8,711.0,0.97,51.0,3.0,1,0,0,1,0,1,0,0,0,0,1,0,0,1
387000.0,24.0,12.34,695.0,16.14,59.0,2.0,0,1,0,0,0,0,0,0,1,0,0,0,0,0
555000.0,360.0,12.65,759.0,1.73,64.0,3.0,0,0,0,0,0,0,0,0,0,0,0,0,0,1
263000.0,360.0,7.0,761.0,3.5,24.0,2.0,0,0,0,0,1,0,0,0,0,0,1,0,1,0
719000.0,36.0,9.76,740.0,3.53,52.0,4.0,0,0,1,0,0,0,0,0,0,0,0,1,1,0
452000.0,240.0,13.1,603.0,0.0,41.0,0.0,0,0,0,0,0,1,0,0,0,0,1,0,0,1
253000.0,60.0,13.63,792.0,12.45,51.0,3.0,0,0,0,0,0,0,1,0,0,0,0,0,0,1
305000.0,360.0,9.61,619.0,1.59,57.0,0.0,0,0,1,0,0,0,0,0,1,0,1,0,1,0
100000.0,36.0,7.91,676.0,4.66,46.0,3.0,0,0,0,1,0,0,0,0,0,0,0,1,0,1
188000.0,60.0,8.72,688.0,8.06,62.0,3.0,0,0,0,1,0,0,0,0,0,1,0,1,0,1
588000.0,60.0,9.2,706.0,6.9,52.0,0.0,1,0,0,1,0,0,0,0,0,1,1,0,0,0
100000.0,12.0,12.51,784.0,7.85,31.0,2.0,0,0,0,0,0,1,0,0,0,0,1,0,0,0
475000.0,60.0,7.0,691.0,11.83,58.0,4.0,0,0,0,1,0,0,0,0,0,1,0,0,0,0
166000.0,12.0,8.74,660.0,3.31,54.0,1.0,0,0,0,1,0,0,0,0,0,1,0,0,1,0
600000.0,12.0,15.45,704.0,9.45,27.0,4.0,0,0,0,0,0,0,0,0,0,1,0,0,0,0
121000.0,36.0,10.47,707.0,4.85,45.0,2.0,0,0,0,0,1,1,0,0,0,0,0,0,0,1
175000.0,12.0,8.61,654.0,9.78,64.0,2.0,0,0,0,0,1,0,0,0,1,0,0,1,1,0
548000.0,240.0,8.59,687.0,4.58,46.0,1.0,0,0,0,1,0,0,0,0,0,0,0,0,1,0
547000.0,120.0,13.18,655.0,13.1,21.0,1.0,0,1,0,0,0,0,0,1,0,0,0,1,0,1
578000.0,240.0,7.69,716.0,11.68,26.0,4.0,0,0,1,0,0,0,0,0,0,1,1,0,1,0
1016000.0,36.0,11.99,647.0,4.49,47.0,4.0,0,0,0,0,1,0,0,1,0,0,1,0,1,0
229000.0,60.0,14.28,750.0,6.27,64.0,0.0,0,0,1,0,0,0,0,0,1,0,0,0,0,1
558000.0,60.0,7.01,694.0,2.79,55.0,3.0,0,0,0,1,0,0,0,0,1,0,1,0,0,1
405000.0,36.0,7.65,686.0,18.13,33.0,3.0,0,1,0,0,0,0,0,0,1,0,0,1,0,1
428000.0,120.0,7.0,728.0,6.97,46.0,0.0,0,0,0,0,1,0,0,0,1,0,0,0,0,1
712000.0,120.0,7.0,687.0,6.12,27.0,0.0,0,0,0,0,1,0,0,1,0,0,0,0,1,0
948000.0,60.0,11.25,708.0,0.0,47.0,4.0,0,0,0,0,0,0,0,0,0,0,1,0,1,0
603000.0,36.0,10.52,761.0,12.37,65.0,3.0,0,0,0,1,0,0,0,1,0,0,0,0,0,0
307000.0,12.0,8.71,729.0,3.8,44.0,4.0,0,0,0,0,0,0,0,1,0,0,0,0,0,1
480000.0,24.0,14.35,638.0,9.23,36.0,2.0,0,0,0,0,1,0,0,0,0,0,1,0,0,1
364000.0,24.0,9.54,630.0,10.82,39.0,1.0,0,0,0,0,0,1,0,0,0,0,0,1,0,0
852000.0,12.0,10.73,660.0,14.59,61.0,0.0,0,0,1,0,0,1,0,0,0,0,0,0,1,0
297000.0,24.0,10.67,712.0,6.99,41.0,3.0,0,0,0,1,0,0,0,0,0,0,0,1,0,0
529000.0,36.0,12.59,656.0,7.96,40.0,1.0,0,1,0,0,0,0,0,0,0,0,0,1,0,1
377000.0,60.0,8.23,693.0,9.62,26.0,2.0,0,0,0,0,1,0,0,1,0,0,0,0,0,1
681000.0,12.0,10.63,672.0,16.06,60.0,1.0,0,0,0,0,0,0,1,0,0,0,0,1,1,0
878000.0,60.0,10.03,661.0,0.9,45.0,4.0,0,0,1,0,0,0,1,0,0,0,1,0,0,1
579000.0,60.0,10.08,674.0,11.19,21.0,2.0,1,1,0,0,0,0,1,0,0,0,0,1,1,0
100000.0,36.0,9.78,727.0,4.49,59.0,4.0,0,0,1,0,0,0,0,0,0,1,1,0,0,0
966000.0,240.0,11.66,788.0,3.8,50.0,4.0,0,0,1,0,0,0,0,0,1,0,0,1,1,0
334000.0,12.0,7.05,685.0,4.46,54.0,2.0,0,0,1,0,0,0,0,0,0,1,0,1,0,0
529000.0,60.0,12.68,714.0,2.86,44.0,3.0,0,0,0,0,1,0,0,0,0,1,1,0,0,0
369000.0,24.0,7.41,668.0,6.61,55.0,4.0,0,0,0,1,0,0,0,0,0,1,0,0,0,1
772000.0,12.0,13.08,679.0,13.7,62.0,3.0,0,0,0,0,0,0,1,0,0,0,0,1,1,0
692000.0,60.0,7.63,659.0,0.63,53.0,2.0,0,0,0,0,0,0,1,0,0,0,0,0,0,0
831000.0,12.0,10.24,693.0,13.24,24.0,1.0,0,1,0,0,0,0,0,0,0,1,1,0,0,1
824000.0,360.0,11.78,738.0,6.29,30.0,1.0,0,0,0,1,0,1,0,0,0,0,0,0,0,0
554000.0,120.0,10.5,715.0,10.21,41.0,4.0,0,0,0,0,0,0,0,1,0,0,0,0,0,0
726000.0,360.0,11.56,718.0,1.62,65.0,2.0,0,1,0,0,0,0,0,0,0,0,0,1,0,1
574000.0,240.0,12.12,730.0,4.18,49.0,0.0,0,1,0,0,0,0,0,1,0,0,0,1,0,0
482000.0,60.0,9.73,736.0,11.67,30.0,3.0,0,0,0,0,1,0,0,0,0,0,0,1,0,1
507000.0,60.0,12.35,740.0,4.95,62.0,3.0,0,1,0,0,0,0,0,0,1,0,0,1,0,0
769000.0,360.0,8.05,762.0,2.31,34.0,4.0,0,0,0,1,0,0,0,0,0,1,1,0,0,0
317000.0,120.0,14.89,685.0,14.89,31.0,3.0,0,0,0,1,0,0,0,0,0,0,0,0,0,0
603000.0,60.0,12.15,700.0,3.4,44.0,0.0,0,0,0,1,0,0,0,0,1,0,0,1,1,0
1157000.0,360.0,12.75,789.0,15.77,45.0,0.0,0,0,0,1,0,0,0,0,0,0,0,0,1,0
750000.0,36.0,10.46,697.0,10.14,39.0,2.0,0,0,0,0,0,0,1,0,0,0,0,0,1,0
627000.0,36.0,8.85,627.0,4.42,60.0,0.0,0,0,1,0,0,0,0,0,1,0,1,0,0,1
804000.0,12.0,9.1,672.0,4.07,39.0,0.0,0,0,1,0,0,0,0,0,0,1,0,1,0,0
979000.0,240.0,7.95,614.0,4.84,38.0,4.0,0,0,0,0,1,0,0,0,1,0,0,1,0,0
347000.0,36.0,10.96,710.0,17.41,56.0,0.0,0,0,0,1,0,0,0,0,0,0,0,0,0,1
546000.0,240.0,10.56,667.0,4.93,31.0,2.0,0,0,0,0,1,1,0,0,0,0,0,0,0,0
559000.0,360.0,10.69,696.0,7.75,50.0,0.0,0,0,0,0,0,1,0,0,0,0,0,0,1,0
560000.0,12.0,10.81,680.0,1.55,54.0,1.0,0,0,0,0,0,0,1,0,0,0,1,0,0,1
862000.0,24.0,12.13,722.0,1.52,50.0,0.0,1,0,0,0,1,0,1,0,0,0,1,0,1,0
399000.0,240.0,11.21,735.0,5.56,53.0,2.0,0,0,1,0,0,0,0,1,0,0,0,1,0,0
344000.0,24.0,11.52,675.0,0.0,58.0,2.0,0,0,1,0,0,1,0,0,0,0,0,0,1,0
611000.0,240.0,8.98,721.0,18.95,34.0,1.0,0,0,0,0,0,0,0,0,0,1,0,0,0,1
790000.0,360.0,11.56,749.0,4.33,36.0,3.0,0,0,0,0,1,0,0,0,1,0,0,0,0,0
762000.0,36.0,11.57,676.0,2.46,59.0,3.0,0,0,1,0,0,0,0,0,0,0,1,0,1,0
100000.0,12.0,7.0,645.0,1.66,25.0,4.0,0,0,1,0,0,0,0,1,0,0,0,0,0,0
825000.0,36.0,12.12,600.0,10.57,29.0,1.0,0,0,1,0,0,0,0,1,0,0,1,0,0,0
412000.0,120.0,10.5,666.0,6.54,40.0,1.0,0,0,0,1,0,0,0,0,0,0,1,0,0,1
801000.0,120.0,11.62,568.0,2.24,59.0,4.0,0,0,0,1,0,1,0,0,0,0,1,0,1,0
409000.0,36.0,11.49,816.0,16.18,56.0,3.0,0,0,0,0,1,0,0,0,0,0,0,1,1,0
524000.0,240.0,11.34,726.0,5.48,26.0,3.0,0,0,1,0,0,0,1,0,0,0,0,0,0,1
275000.0,360.0,14.53,789.0,8.66,36.0,1.0,0,1,0,0,0,0,0,0,1,0,0,0,0,0
540000.0,360.0,9.51,639.0,12.32,31.0,0.0,0,0,0,0,1,1,0,0,0,0,0,0,1,0
366000.0,60.0,7.43,675.0,5.97,23.0,1.0,0,0,0,0,1,0,0,0,1,0,1,0,0,0
437000.0,120.0,10.85,749.0,1.1,53.0,0.0,0,0,0,1,0,0,0,0,0,1,0,1,0,1
311000.0,120.0,7.2,679.0,10.36,37.0,1.0,0,0,0,1,0,0,0,0,0,0,0,1,0,0
730000.0,360.0,8.28,676.0,11.73,56.0,4.0,0,0,0,1,0,0,1,0,0,0,0,0,0,1
726000.0,120.0,10.72,690.0,9.3,62.0,4.0,0,0,0,1,0,0,1,0,0,0,0,0,0,0
449000.0,36.0,12.29,599.0,3.21,28.0,2.0,0,0,1,0,0,0,0,1,0,0,1,0,0,1
100000.0,36.0,9.05,645.0,4.37,25.0,4.0,0,0,0,0,0,0,0,1,0,0,1,0,0,1
492000.0,60.0,10.4,645.0,5.71,37.0,3.0,0,0,1,0,0,0,0,0,0,0,0,1,0,0
695000.0,24.0,14.28,762.0,3.83,57.0,0.0,0,0,0,0,0,0,0,1,0,0,1,0,1,0
100000.0,60.0,9.95,704.0,4.86,40.0,2.0,0,0,1,0,0,0,1,0,0,0,0,1,0,1
1095000.0,24.0,8.74,638.0,6.42,56.0,1.0,0,0,1,0,0,0,0,0,0,1,0,0,0,0
408000.0,12.0,10.05,737.0,5.37,21.0,4.0,1,0,0,0,1,0,0,0,0,1,0,1,0,0
1073000.0,60.0,11.12,759.0,12.28,37.0,3.0,0,0,0,0,1,0,0,0,0,0,1,0,0,1
851000.0,360.0,12.03,649.0,9.19,29.0,4.0,0,0,0,0,1,0,0,0,0,1,0,1,0,1
589000.0,60.0,9.63,692.0,0.0,45.0,3.0,0,0,0,0,1,1,0,0,0,0,1,0,0,1
148000.0,360.0,9.24,724.0,4.06,38.0,4.0,0,0,1,0,0,1,0,0,0,0,0,0,1,0
1293000.0,60.0,14.9,751.0,16.61,42.0,4.0,0,0,0,0,0,0,0,0,1,0,0,0,0,1
741000.0,60.0,12.43,661.0,2.15,25.0,2.0,0,1,0,0,0,0,1,0,0,0,0,1,0,0
100000.0,12.0,10.7,696.0,0.0,37.0,2.0,0,1,0,0,0,0,0,0,0,1,1,0,0,0
756000.0,12.0,14.43,713.0,8.24,29.0,4.0,0,0,0,0,0,0,0,0,0,0,1,0,0,0
317000.0,240.0,13.44,780.0,12.91,54.0,4.0,0,0,0,1,0,0,0,0,0,0,0,0,0,1
516000.0,24.0,7.11,637.0,4.73,22.0,1.0,0,1,0,0,0,0,0,1,0,0,1,0,0,1
399000.0,360.0,11.14,709.0,10.67,30.0,3.0,0,0,0,0,1,0,0,1,0,0,0,0,0,1
542000.0,120.0,10.67,696.0,0.94,43.0,0.0,0,0,1,0,0,0,0,0,1,0,0,1,1,0
531000.0,120.0,9.54,651.0,1.67,48.0,2.0,0,0,0,0,1,0,0,0,0,0,0,0,1,0
519000.0,24.0,11.08,677.0,1.97,41.0,3.0,0,0,1,0,0,0,0,0,0,1,1,0,1,0
662000.0,120.0,11.69,706.0,7.06,30.0,0.0,0,1,0,0,0,0,0,0,1,0,1,0,1,0
443000.0,60.0,11.21,640.0,6.69,46.0,1.0,0,1,0,0,0,0,1,0,0,0,0,0,1,0
464000.0,240.0,14.54,621.0,1.9,62.0,0.0,0,0,0,0,0,0,0,0,0,0,0,1,1,0
100000.0,240.0,10.69,708.0,0.0,22.0,3.0,0,0,0,0,1,0,0,1,0,0,1,0,0,0
304000.0,24.0,10.03,656.0,10.78,40.0,2.0,0,0,1,0,0,0,1,0,0,0,0,1,0,1
642000.0,120.0,8.08,725.0,13.41,60.0,1.0,0,0,0,0,0,0,0,1,0,0,0,1,1,0
776000.0,36.0,8.2,700.0,5.39,46.0,3.0,0,1,0,0,0,0,0,0,0,1,0,1,0,1
682000.0,36.0,14.36,653.0,20.73,65.0,3.0,0,0,1,0,0,0,0,0,1,0,0,1,1,0
794000.0,12.0,12.03,769.0,4.35,48.0,1.0,0,0,1,0,0,0,0,0,0,1,0,1,0,1
157000.0,120.0,9.28,688.0,11.21,24.0,2.0,0,0,0,1,0,0,0,0,1,0,0,1,0,0
658000.0,24.0,7.19,692.0,16.46,57.0,4.0,0,0,0,0,0,0,1,0,0,0,0,1,0,1
610000.0,360.0,8.73,711.0,0.0,21.0,2.0,0,1,0,0,0,1,0,0,0,0,0,0,0,1
100000.0,24.0,10.89,663.0,4.23,44.0,1.0,0,0,0,0,0,1,0,0,0,0,0,0,0,1
551000.0,24.0,10.46,648.0,20.08,38.0,4.0,0,0,0,0,1,0,0,0,0,0,1,0,1,0
510000.0,240.0,10.96,747.0,1.14,30.0,3.0,0,0,0,0,1,0,0,0,1,0,1,0,1,0
627000.0,120.0,11.45,672.0,8.65,36.0,1.0,0,0,1,0,0,0,0,0,0,0,1,0,1,0
470000.0,24.0,12.08,693.0,15.62,53.0,2.0,0,0,1,0,0,1,0,0,0,0,0,1,0,0
519000.0,12.0,7.0,756.0,11.03,48.0,4.0,0,0,0,0,0,0,1,0,0,0,0,0,0,1
100000.0,12.0,10.83,759.0,3.09,45.0,3.0,0,0,0,0,1,1,0,0,0,0,0,1,0,0
842000.0,60.0,8.76,699.0,6.1,61.0,1.0,0,0,0,0,1,0,1,0,0,0,0,0,0,1
611000.0,120.0,8.66,729.0,3.07,50.0,4.0,0,0,0,0,1,0,0,0,0,1,1,0,0,0
1288000.0,240.0,11.91,695.0,3.68,28.0,4.0,0,1,0,0,0,0,0,1,0,0,0,0,0,1
485000.0,120.0,8.79,645.0,19.23,47.0,1.0,0,0,0,1,0,0,0,0,1,0,0,0,1,0
973000.0,60.0,10.72,724.0,6.63,37.0,3.0,0,0,1,0,0,0,0,0,0,0,0,0,0,0
771000.0,24.0,12.77,709.0,10.84,62.0,3.0,0,1,0,0,0,0,0,0,0,0,0,0,0,0
646000.0,120.0,11.46,653.0,5.43,34.0,2.0,0,0,0,0,0,1,0,0,0,0,0,0,0,0
253000.0,24.0,9.23,764.0,1.54,58.0,4.0,0,0,0,0,0,1,0,0,0,0,1,0,0,0
331000.0,24.0,7.0,737.0,2.02,32.0,0.0,0,0,0,0,1,0,0,0,0,0,0,1,1,0
826000.0,24.0,8.99,677.0,2.2,46.0,4.0,0,0,0,0,0,0,1,0,0,0,0,0,1,0
1015000.0,360.0,9.61,667.0,4.14,33.0,1.0,0,0,0,0,0,1,0,0,0,0,1,0,0,0
130000.0,36.0,12.41,662.0,1.04,62.0,3.0,0,0,0,0,1,0,0,0,0,1,0,0,1,0
530000.0,240.0,8.78,824.0,2.35,36.0,0.0,0,0,0,0,1,1,0,0,0,0,0,1,0,0
960000.0,24.0,8.27,752.0,7.48,55.0,0.0,0,0,1,0,0,1,0,0,0,0,0,1,0,1
493000.0,36.0,8.94,641.0,4.07,26.0,4.0,0,0,0,0,0,0,0,0,1,0,0,1,1,0
100000.0,36.0,8.19,655.0,2.55,61.0,0.0,0,0,0,0,0,0,0,0,1,0,1,0,0,0
673000.0,24.0,8.03,661.0,6.07,57.0,0.0,0,0,0,0,1,0,0,1,0,0,0,1,0,1
773000.0,240.0,12.97,636.0,0.0,25.0,4.0,0,0,1,0,0,0,1,0,0,0,0,1,0,0
243000.0,36.0,12.08,787.0,11.45,38.0,1.0,0,0,0,0,0,0,1,0,0,0,1,0,0,1
814000.0,120.0,13.06,705.0,7.53,62.0,4.0,0,0,1,0,0,0,0,1,0,0,1,0,1,0
533000.0,24.0,7.0,663.0,7.89,32.0,3.0,0,1,0,0,0,0,1,0,0,0,1,0,1,0
896000.0,24.0,12.82,767.0,10.4,33.0,0.0,0,1,0,0,0,0,1,0,0,0,0,0,0,0
475000.0,36.0,14.0,694.0,0.95,21.0,3.0,0,0,1,0,0,0,0,0,1,0,0,1,0,0
354000.0,12.0,7.82,716.0,7.04,53.0,0.0,0,0,0,0,1,1,0,0,0,0,0,0,0,1
100000.0,240.0,10.32,700.0,3.12,32.0,3.0,0,0,1,0,0,0,0,1,0,0,0,1,1,0
820000.0,120.0,11.39,711.0,9.34,65.0,0.0,0,1,0,0,0,0,1,0,0,0,1,0,0,1
775000.0,12.0,10.04,692.0,8.36,33.0,1.0,0,1,0,0,0,0,0,0,1,0,1,0,0,0
224000.0,120.0,8.07,772.0,19.0,49.0,3.0,0,0,0,0,1,0,0,0,1,0,0,0,1,0
608000.0,120.0,11.44,603.0,2.69,37.0,4.0,0,0,0,1,0,0,0,0,0,1,1,0,0,1
781000.0,36.0,7.38,645.0,10.66,25.0,4.0,1,0,0,0,1,0,0,0,1,0,1,0,0,0
409000.0,36.0,12.33,702.0,8.1,36.0,4.0,0,0,1,0,0,0,0,0,0,1,1,0,0,0
361000.0,360.0,9.43,652.0,15.43,21.0,3.0,0,0,0,0,0,0,0,0,1,0,0,1,1,0
565000.0,24.0,11.48,631.0,10.07,50.0,2.0,0,0,1,0,0,0,0,1,0,0,1,0,0,0
128000.0,120.0,11.98,751.0,4.95,62.0,0.0,0,1,0,0,0,0,0,0,0,1,1,0,0,0
386000.0,120.0,10.2,708.0,3.88,48.0,4.0,0,0,0,0,1,0,0,0,0,0,0,1,0,1
551000.0,240.0,8.14,762.0,10.1,38.0,3.0,0,0,0,0,1,1,0,0,0,0,1,0,0,0
796000.0,12.0,11.52,759.0,5.38,51.0,3.0,0,0,1,0,0,0,0,1,0,0,0,1,0,1
648000.0,24.0,12.0,657.0,4.37,54.0,3.0,0,0,1,0,0,0,0,0,0,1,0,1,0,1
1094000.0,120.0,11.14,695.0,6.54,37.0,3.0,0,0,0,1,0,0,0,0,0,0,0,1,1,0
482000.0,120.0,10.91,727.0,0.0,37.0,1.0,0,0,0,0,0,0,0,0,1,0,1,0,1,0
100000.0,12.0,10.1,651.0,13.51,54.0,0.0,0,0,0,1,0,0,0,0,1,0,0,0,0,1
709000.0,24.0,10.02,688.0,14.48,53.0,3.0,0,0,1,0,0,1,0,0,0,0,0,0,1,0
100000.0,60.0,7.59,711.0,0.0,22.0,4.0,0,0,0,1,0,0,0,0,0,0,1,0,1,0
235000.0,240.0,8.42,649.0,4.07,46.0,4.0,0,0,0,0,0,1,0,0,0,0,0,0,1,0
100000.0,36.0,7.0,777.0,4.68,50.0,4.0,0,0,0,0,0,0,1,0,0,0,0,0,1,0
392000.0,36.0,11.92,643.0,1.7,39.0,1.0,0,0,0,1,0,0,0,0,0,0,0,0,1,0
366000.0,24.0,12.8,642.0,6.76,55.0,4.0,0,0,0,0,0,0,0,1,0,0,0,1,1,0
661000.0,24.0,10.59,577.0,0.97,24.0,4.0,0,0,0,0,0,1,0,0,0,0,1,0,1,0
427000.0,36.0,7.69,683.0,1.74,48.0,4.0,0,0,0,1,0,0,0,0,0,0,0,0,1,0
1102000.0,120.0,10.51,701.0,15.64,39.0,1.0,0,1,0,0,0,0,0,0,1,0,0,1,0,0
514000.0,60.0,7.47,696.0,1.68,28.0,1.0,0,1,0,0,0,0,0,1,0,0,0,1,0,1
257000.0,360.0,11.88,756.0,7.83,35.0,4.0,0,0,0,0,1,0,1,0,0,0,0,1,1,0
1175000.0,24.0,11.63,802.0,4.87,35.0,1.0,0,0,0,0,1,0,0,1,0,0,0,0,0,0
824000.0,24.0,11.85,670.0,3.56,36.0,1.0,0,0,0,1,0,1,0,0,0,0,0,0,0,0
243000.0,240.0,8.79,729.0,18.03,56.0,3.0,0,0,1,0,0,0,0,1,0,0,0,0,0,0
508000.0,12.0,10.67,765.0,4.98,51.0,3.0,0,0,0,0,0,0,0,1,0,0,0,0,1,0
599000.0,240.0,11.2,722.0,4.68,39.0,2.0,0,0,0,0,0,0,1,0,0,0,0,1,0,0
185000.0,60.0,11.44,660.0,2.56,21.0,0.0,0,0,0,0,1,0,0,1,0,0,0,1,1,0
548000.0,360.0,11.26,693.0,5.2,35.0,4.0,0,0,0,0,1,0,0,0,0,0,1,0,0,1
413000.0,120.0,7.57,648.0,2.13,30.0,1.0,0,0,0,0,0,0,0,0,1,0,0,0,0,1
542000.0,360.0,10.24,656.0,5.05,59.0,4.0,0,0,0,0,1,0,0,0,1,0,0,0,0,0
813000.0,360.0,13.03,746.0,5.74,46.0,2.0,0,0,1,0,0,0,0,0,1,0,0,0,1,0
100000.0,240.0,10.71,793.0,7.14,23.0,4.0,0,1,0,0,0,0,0,0,1,0,0,1,0,0
233000.0,12.0,11.76,678.0,9.33,58.0,3.0,0,0,0,0,1,0,0,1,0,0,0,0,0,1
701000.0,36.0,10.89,663.0,3.68,27.0,1.0,0,0,0,0,0,1,0,0,0,0,1,0,0,1
731000.0,360.0,10.57,700.0,7.46,50.0,2.0,0,0,0,1,0,1,0,0,0,0,1,0,1,0
500000.0,12.0,7.8,733.0,12.13,50.0,2.0,0,0,0,1,0,0,0,0,0,1,1,0,0,0
463000.0,24.0,10.84,730.0,11.34,34.0,0.0,0,0,0,0,0,0,0,1,0,0,0,0,1,0
849000.0,360.0,12.82,640.0,3.14,41.0,3.0,0,0,1,0,0,0,0,0,0,1,0,1,1,0
503000.0,360.0,8.88,636.0,0.57,63.0,0.0,0,0,1,0,0,0,0,0,0,0,1,0,1,0
501000.0,12.0,11.27,723.0,3.34,40.0,3.0,0,0,0,1,0,0,1,0,0,0,1,0,0,1
644000.0,12.0,11.81,719.0,7.32,52.0,4.0,0,0,0,0,0,0,0,0,1,0,0,1,0,1
644000.0,360.0,10.9,676.0,16.52,64.0,1.0,0,0,0,0,0,0,0,0,0,0,0,1,1,0
385000.0,60.0,11.01,822.0,6.62,50.0,2.0,0,0,0,0,1,0,0,0,0,1,0,1,0,0
553000.0,12.0,8.81,693.0,6.79,46.0,1.0,0,0,0,0,0,1,0,0,0,0,0,1,0,0
679000.0,360.0,14.15,612.0,0.67,43.0,3.0,0,0,0,0,0,0,0,0,0,0,1,0,0,0
123000.0,120.0,13.98,602.0,1.11,57.0,0.0,0,1,0,0,0,0,0,0,0,1,1,0,1,0
100000.0,24.0,9.95,652.0,0.68,60.0,1.0,0,0,0,0,0,0,0,1,0,0,1,0,1,0
369000.0,12.0,8.1,675.0,6.58,46.0,2.0,0,0,0,0,0,0,0,1,0,0,0,0,0,0
469000.0,12.0,11.47,716.0,2.42,23.0,1.0,1,1,0,0,0,0,1,0,0,0,0,0,0,0
380000.0,360.0,7.0,718.0,3.35,50.0,4.0,0,0,1,0,0,0,0,0,0,0,1,0,0,1
892000.0,360.0,8.7,803.0,10.0,32.0,2.0,1,0,0,0,1,0,0,0,0,0,0,1,0,0
952000.0,120.0,10.06,794.0,6.41,21.0,2.0,0,0,1,0,0,0,0,0,1,0,0,0,1,0
476000.0,60.0,13.93,616.0,14.2,37.0,0.0,0,0,0,1,0,0,0,0,0,1,0,0,0,1
449000.0,360.0,9.17,647.0,9.39,27.0,1.0,0,0,0,0,1,0,0,0,0,0,0,0,0,0
480000.0,36.0,11.98,636.0,4.84,61.0,0.0,0,0,0,0,1,0,0,1,0,0,0,0,0,0
535000.0,24.0,9.29,661.0,7.24,44.0,0.0,0,0,0,0,1,0,0,0,1,0,0,1,1,0
265000.0,240.0,10.46,758.0,10.34,52.0,1.0,0,0,0,1,0,1,0,0,0,0,0,0,0,1
543000.0,60.0,8.9,699.0,12.7,22.0,2.0,0,0,0,1,0,0,0,0,1,0,1,0,0,0
752000.0,12.0,9.73,692.0,3.48,31.0,4.0,0,0,0,0,0,1,0,0,0,0,0,0,1,0
731000.0,240.0,12.64,619.0,10.55,27.0,0.0,0,0,1,0,0,0,0,0,0,0,0,0,1,0
474000.0,240.0,13.23,697.0,8.82,26.0,3.0,0,0,1,0,0,0,0,0,1,0,1,0,0,0
820000.0,240.0,9.95,734.0,1.12,46.0,1.0,0,0,0,0,0,0,0,1,0,0,0,0,1,0
433000.0,120.0,13.01,770.0,2.9,44.0,3.0,0,0,0,0,0,0,0,0,0,1,0,1,0,0
329000.0,36.0,13.64,675.0,7.45,37.0,0.0,0,0,0,0,1,0,0,0,0,1,1,0,1,0
436000.0,12.0,11.1,571.0,0.0,64.0,3.0,0,0,0,0,0,1,0,0,0,0,0,0,0,1
100000.0,120.0,7.0,656.0,4.02,41.0,3.0,0,0,0,1,0,0,1,0,0,0,1,0,0,0
386000.0,36.0,8.9,641.0,0.0,30.0,3.0,0,0,0,0,0,0,0,0,1,0,0,0,0,0
179000.0,120.0,9.77,723.0,11.02,60.0,2.0,0,0,0,1,0,0,0,0,0,0,0,0,1,0
321000.0,60.0,7.92,679.0,0.96,46.0,0.0,0,0,0,0,0,0,0,0,0,1,0,0,0,1
100000.0,360.0,9.12,633.0,9.01,61.0,3.0,0,0,0,1,0,0,0,0,0,1,0,1,0,1
100000.0,60.0,10.62,670.0,0.0,31.0,2.0,0,0,0,1,0,0,0,0,1,0,0,1,0,1
485000.0,24.0,9.75,702.0,6.26,24.0,1.0,0,0,0,0,0,0,0,0,0,0,1,0,0,0
100000.0,360.0,14.13,696.0,15.38,48.0,1.0,0,0,0,1,0,0,1,0,0,0,0,1,0,0
429000.0,240.0,13.49,693.0,13.84,30.0,0.0,0,0,0,0,0,0,0,1,0,0,0,0,0,1
354000.0,36.0,11.16,734.0,4.62,44.0,3.0,0,0,0,1,0,1,0,0,0,0,0,1,0,1
791000.0,24.0,12.41,635.0,3.52,54.0,4.0,0,0,0,0,0,0,0,0,0,0,0,0,0,0
685000.0,60.0,9.82,751.0,8.77,26.0,0.0,0,0,0,0,0,0,0,1,0,0,0,1,0,0
1160000.0,120.0,9.94,706.0,0.0,49.0,1.0,0,1,0,0,0,0,1,0,0,0,1,0,0,0
359000.0,36.0,12.7,739.0,4.55,55.0,1.0,0,0,0,0,0,0,0,0,0,0,1,0,0,0
667000.0,60.0,8.95,649.0,3.3,37.0,3.0,0,0,0,0,1,0,0,0,0,1,0,1,0,0
555000.0,120.0,9.96,660.0,2.7,27.0,4.0,0,0,0,1,0,0,1,0,0,0,0,1,0,1
454000.0,36.0,7.0,802.0,3.57,52.0,3.0,0,0,1,0,0,1,0,0,0,0,1,0,1,0
805000.0,360.0,9.1,750.0,0.0,46.0,4.0,0,1,0,0,0,0,0,0,1,0,1,0,1,0
631000.0,12.0,10.54,726.0,5.74,30.0,1.0,0,0,1,0,0,0,0,1,0,0,0,0,0,1
218000.0,12.0,8.56,580.0,10.49,56.0,4.0,0,0,1,0,0,0,0,0,0,1,0,0,1,0
553000.0,60.0,10.73,692.0,6.27,62.0,2.0,0,0,0,0,1,0,0,0,0,1,0,1,0,1
546000.0,240.0,11.99,568.0,1.97,37.0,4.0,0,1,0,0,0,0,1,0,0,0,1,0,0,0
696000.0,240.0,10.75,652.0,0.0,37.0,4.0,0,0,0,1,0,0,0,1,0,0,1,0,0,0
100000.0,24.0,13.39,642.0,18.06,48.0,3.0,0,0,0,1,0,0,1,0,0,0,0,1,0,0
646000.0,240.0,9.02,715.0,0.0,52.0,3.0,0,1,0,0,0,0,0,0,0,0,0,0,1,0
411000.0,24.0,13.1,664.0,2.3,49.0,2.0,0,0,0,1,0,0,1,0,0,0,0,0,1,0
337000.0,24.0,7.66,682.0,17.86,57.0,4.0,0,0,0,0,1,0,0,0,0,0,0,0,0,0
248000.0,240.0,9.81,663.0,3.68,31.0,0.0,0,0,0,0,0,0,0,0,1,0,0,1,0,1
406000.0,240.0,11.72,666.0,2.03,60.0,2.0,0,0,0,0,0,0,0,0,0,0,1,0,0,0
399000.0,120.0,9.17,730.0,2.52,50.0,2.0,0,1,0,0,0,0,0,0,0,0,0,1,0,0
434000.0,60.0,9.64,693.0,4.55,50.0,1.0,0,0,1,0,0,0,1,0,0,0,0,0,0,1
727000.0,12.0,10.39,653.0,8.98,59.0,0.0,0,0,0,0,1,0,0,0,1,0,0,1,1,0
438000.0,12.0,7.27,680.0,3.36,33.0,1.0,0,1,0,0,0,0,0,1,0,0,1,0,0,0
921000.0,36.0,10.23,675.0,6.91,62.0,3.0,0,0,0,0,0,0,0,1,0,0,0,1,0,0
829000.0,60.0,10.19,796.0,6.48,30.0,1.0,0,0,0,0,0,0,0,0,0,0,0,1,0,0
163000.0,240.0,8.91,627.0,0.0,51.0,0.0,0,1,0,0,0,0,0,1,0,0,0,0,0,1
100000.0,240.0,10.0,753.0,7.72,23.0,2.0,0,0,0,0,0,1,0,0,0,0,1,0,1,0
833000.0,12.0,7.0,646.0,2.24,52.0,2.0,0,1,0,0,0,0,0,0,1,0,0,1,0,0
732000.0,36.0,12.51,659.0,8.09,57.0,1.0,0,0,0,0,0,0,0,0,0,1,0,0,0,1
1005000.0,36.0,9.69,691.0,8.94,38.0,1.0,0,0,0,0,1,0,1,0,0,0,1,0,0,1
860000.0,36.0,11.21,709.0,6.66,42.0,2.0,0,0,0,0,0,1,0,0,0,0,0,1,0,0
203000.0,240.0,13.78,707.0,6.65,62.0,2.0,0,1,0,0,0,0,0,1,0,0,1,0,0,0
100000.0,240.0,11.09,701.0,7.97,22.0,4.0,0,0,0,0,1,0,0,1,0,0,0,1,0,0
803000.0,240.0,8.47,732.0,1.25,26.0,0.0,0,0,0,0,1,0,0,0,1,0,0,0,0,0
594000.0,60.0,7.34,749.0,4.29,63.0,4.0,0,0,0,1,0,0,0,1,0,0,0,1,1,0
186000.0,120.0,10.74,734.0,5.44,31.0,3.0,0,0,0,0,0,0,0,0,0,0,1,0,0,0
820000.0,24.0,9.45,639.0,2.26,45.0,1.0,0,0,0,0,0,0,0,0,1,0,1,0,0,0
607000.0,60.0,10.49,738.0,0.0,64.0,1.0,0,0,0,0,1,0,0,0,0,0,0,0,1,0
761000.0,120.0,8.07,607.0,5.74,38.0,2.0,0,1,0,0,0,1,0,0,0,0,0,0,0,1
308000.0,120.0,9.79,574.0,17.52,51.0,1.0,0,0,1,0,0,0,0,0,1,0,0,1,1,0
258000.0,60.0,8.23,716.0,1.33,46.0,4.0,0,0,1,0,0,1,0,0,0,0,0,1,0,0
953000.0,24.0,12.63,790.0,18.0,59.0,2.0,0,0,1,0,0,0,0,1,0,0,1,0,0,1
100000.0,60.0,13.66,814.0,9.0,24.0,1.0,0,0,1,0,0,1,0,0,0,0,0,1,1,0
408000.0,12.0,13.28,739.0,13.21,52.0,2.0,0,1,0,0,0,0,0,0,0,1,1,0,1,0
325000.0,60.0,7.9,657.0,4.38,56.0,4.0,0,0,0,0,0,1,0,0,0,0,1,0,0,0
572000.0,36.0,9.36,658.0,20.39,64.0,1.0,0,1,0,0,0,0,0,1,0,0,1,0,1,0
100000.0,120.0,10.56,770.0,5.75,27.0,3.0,0,0,0,0,0,0,0,0,0,0,0,0,0,1
828000.0,120.0,9.6,743.0,4.14,42.0,2.0,0,0,0,1,0,1,0,0,0,0,0,1,0,1
166000.0,12.0,11.28,626.0,8.2,63.0,0.0,0,0,1,0,0,0,0,1,0,0,0,1,0,0
728000.0,360.0,12.23,764.0,10.3,46.0,0.0,0,0,1,0,0,0,0,1,0,0,0,0,1,0
100000.0,240.0,8.16,684.0,16.67,56.0,1.0,0,1,0,0,0,0,1,0,0,0,0,1,0,0
528000.0,36.0,11.24,725.0,8.12,42.0,4.0,0,0,0,0,1,0,0,0,0,1,0,1,0,1
680000.0,24.0,11.51,709.0,0.26,24.0,4.0,0,0,1,0,0,0,0,1,0,0,0,0,1,0
585000.0,240.0,11.57,627.0,7.7,44.0,4.0,0,0,0,1,0,0,1,0,0,0,1,0,1,0
100000.0,360.0,9.37,659.0,5.41,37.0,0.0,0,0,1,0,0,0,1,0,0,0,1,0,1,0
588000.0,240.0,12.59,651.0,6.87,53.0,2.0,0,0,0,1,0,0,0,0,0,1,0,0,0,0
686000.0,24.0,9.95,702.0,9.42,22.0,4.0,0,0,0,0,1,0,1,0,0,0,0,1,0,1
375000.0,120.0,10.51,663.0,12.59,60.0,4.0,0,0,0,0,0,0,0,1,0,0,0,1,0,0
547000.0,360.0,12.69,736.0,1.12,40.0,2.0,0,0,0,0,1,0,0,0,1,0,0,0,0,1
318000.0,120.0,12.58,791.0,4.17,30.0,1.0,0,0,0,1,0,0,0,1,0,0,0,1,1,0
100000.0,12.0,7.0,641.0,9.23,63.0,0.0,0,0,0,0,1,0,0,0,0,0,1,0,1,0
680000.0,12.0,10.47,715.0,1.68,45.0,0.0,0,0,0,1,0,0,0,0,0,1,0,1,0,1
742000.0,360.0,9.83,594.0,2.08,64.0,0.0,0,0,0,1,0,0,0,0,0,1,1,0,0,1
507000.0,360.0,11.45,697.0,5.24,29.0,3.0,0,1,0,0,0,1,0,0,0,0,0,1,0,0
709000.0,240.0,9.89,630.0,4.31,34.0,4.0,0,0,0,0,0,0,0,0,0,0,0,0,1,0
939000.0,12.0,12.21,708.0,3.62,48.0,1.0,0,1,0,0,0,0,0,0,1,0,0,1,0,1
669000.0,360.0,9.84,658.0,7.06,21.0,0.0,0,0,0,1,0,0,0,1,0,0,0,0,0,0
868000.0,36.0,9.51,710.0,9.8,26.0,1.0,0,0,0,0,0,1,0,0,0,0,0,1,0,0
600000.0,12.0,10.73,765.0,5.67,37.0,4.0,0,0,1,0,0,0,0,0,1,0,0,0,1,0
100000.0,120.0,8.38,661.0,5.35,28.0,2.0,0,1,0,0,0,0,0,1,0,0,0,1,0,1
897000.0,12.0,10.87,658.0,6.53,29.0,0.0,0,0,0,0,0,0,0,0,0,1,0,0,0,0
509000.0,36.0,10.11,774.0,0.0,23.0,0.0,0,0,1,0,0,0,0,0,0,0,0,1,0,1
176000.0,12.0,10.53,601.0,0.86,38.0,0.0,0,1,0,0,0,0,0,0,0,0,1,0,0,1
282000.0,360.0,9.85,744.0,3.87,35.0,3.0,0,0,0,1,0,0,0,0,1,0,0,0,1,0
404000.0,24.0,8.8,695.0,3.63,34.0,0.0,0,0,0,0,1,0,0,1,0,0,1,0,1,0
797000.0,36.0,11.36,668.0,3.62,55.0,2.0,0,1,0,0,0,0,1,0,0,0,0,0,0,1
553000.0,120.0,10.1,678.0,2.9,51.0,3.0,0,0,0,1,0,0,1,0,0,0,0,1,0,0
130000.0,36.0,12.25,698.0,10.5,51.0,4.0,0,0,1,0,0,0,0,0,1,0,0,0,0,1
386000.0,36.0,9.87,753.0,9.55,33.0,0.0,0,0,0,0,0,0,0,0,0,0,1,0,0,0
707000.0,360.0,10.68,586.0,0.94,61.0,1.0,0,1,0,0,0,1,0,0,0,0,0,1,1,0
198000.0,36.0,12.43,801.0,8.25,59.0,2.0,0,0,0,0,1,1,0,0,0,0,1,0,0,0
491000.0,36.0,11.01,649.0,6.92,62.0,0.0,0,1,0,0,0,0,0,1,0,0,1,0,0,1
100000.0,240.0,15.92,785.0,3.14,50.0,3.0,0,0,0,0,1,1,0,0,0,0,0,1,1,0
696000.0,60.0,7.0,689.0,5.08,65.0,2.0,0,0,1,0,0,0,0,0,0,1,0,0,0,0
808000.0,240.0,9.93,828.0,0.0,60.0,3.0,0,0,1,0,0,0,1,0,0,0,0,0,1,0
468000.0,24.0,11.27,743.0,11.09,53.0,4.0,0,0,0,0,1,0,0,0,1,0,1,0,1,0
1143000.0,12.0,11.16,708.0,9.09,29.0,1.0,0,0,0,0,1,0,0,0,0,0,1,0,0,1
866000.0,36.0,8.04,678.0,13.77,28.0,1.0,0,0,0,0,0,0,0,0,1,0,0,0,1,0
415000.0,12.0,9.87,668.0,5.44,39.0,3.0,0,0,0,1,0,1,0,0,0,0,1,0,0,0
840000.0,60.0,7.79,656.0,0.0,30.0,1.0,0,0,1,0,0,1,0,0,0,0,0,0,0,0
798000.0,12.0,9.91,651.0,5.81,54.0,3.0,0,0,0,0,1,0,0,0,0,0,0,0,1,0
483000.0,240.0,7.02,701.0,7.32,25.0,2.0,0,0,0,1,0,0,0,0,1,0,0,0,0,0
649000.0,60.0,7.59,651.0,7.88,25.0,4.0,0,0,0,0,0,0,0,0,0,0,0,1,0,0
518000.0,360.0,8.82,589.0,0.0,64.0,3.0,0,1,0,0,0,0,0,1,0,0,0,1,0,1
291000.0,120.0,13.08,773.0,4.37,50.0,0.0,0,1,0,0,0,1,0,0,0,0,0,0,0,0
386000.0,120.0,8.91,730.0,1.94,29.0,0.0,1,0,0,0,1,0,1,0,0,0,0,0,0,0
100000.0,120.0,12.05,716.0,3.43,42.0,1.0,0,1,0,0,0,0,0,0,0,1,1,0,1,0
564000.0,12.0,12.48,801.0,6.37,57.0,4.0,0,0,0,0,0,0,0,1,0,0,1,0,0,1
403000.0,360.0,10.32,654.0,6.84,30.0,0.0,0,0,0,0,0,0,0,1,0,0,0,1,0,1
750000.0,240.0,12.65,717.0,1.99,42.0,2.0,0,1,0,0,0,0,0,1,0,0,1,0,0,0
239000.0,36.0,9.73,731.0,9.35,57.0,3.0,0,0,0,0,1,0,0,0,0,0,1,0,0,1
847000.0,60.0,8.83,719.0,5.45,35.0,3.0,0,0,1,0,0,0,0,0,0,0,1,0,0,0
564000.0,12.0,7.0,629.0,8.64,38.0,2.0,0,0,0,1,0,0,1,0,0,0,1,0,0,0
394000.0,60.0,14.35,653.0,13.15,48.0,2.0,0,0,0,0,0,0,0,0,0,1,0,1,0,0
232000.0,36.0,9.0,706.0,1.54,45.0,3.0,0,0,0,0,0,1,0,0,0,0,1,0,0,0
686000.0,120.0,9.7,638.0,0.78,35.0,4.0,0,0,0,0,1,0,0,0,0,1,1,0,0,1
409000.0,240.0,9.06,750.0,1.65,49.0,2.0,0,0,0,0,0,0,0,0,0,1,0,0,1,0
675000.0,24.0,11.44,740.0,14.39,55.0,2.0,0,0,0,0,0,0,0,1,0,0,0,1,0,1
539000.0,36.0,9.95,728.0,5.34,62.0,4.0,0,1,0,0,0,0,0,0,1,0,0,1,1,0
100000.0,24.0,12.05,744.0,10.4,47.0,0.0,0,0,0,0,1,0,1,0,0,0,1,0,0,0
100000.0,12.0,13.5,697.0,3.07,47.0,2.0,0,0,1,0,0,0,0,1,0,0,1,0,0,0
684000.0,24.0,11.29,711.0,9.01,48.0,1.0,0,0,0,0,1,0,1,0,0,0,0,0,0,0
222000.0,240.0,15.03,695.0,3.12,49.0,1.0,0,0,0,0,0,0,1,0,0,0,0,1,0,0
941000.0,240.0,12.23,753.0,0.0,62.0,0.0,0,0,0,1,0,0,0,1,0,0,0,0,0,0
556000.0,36.0,10.49,761.0,7.63,39.0,3.0,0,0,1,0,0,0,1,0,0,0,0,0,1,0
570000.0,60.0,11.25,609.0,3.65,57.0,2.0,0,1,0,0,0,0,0,0,1,0,1,0,0,1
842000.0,60.0,7.3,672.0,4.53,36.0,4.0,0,0,0,1,0,0,1,0,0,0,0,1,1,0
938000.0,120.0,11.31,755.0,5.87,33.0,4.0,0,0,1,0,0,1,0,0,0,0,0,0,0,0
966000.0,60.0,12.62,659.0,3.05,21.0,4.0,0,0,1,0,0,0,1,0,0,0,1,0,0,1
798000.0,240.0,13.88,640.0,2.76,53.0,0.0,0,0,1,0,0,1,0,0,0,0,1,0,1,0
624000.0,12.0,11.81,739.0,1.76,43.0,1.0,0,0,0,0,1,0,1,0,0,0,0,1,0,1
100000.0,60.0,13.37,601.0,7.44,63.0,0.0,0,1,0,0,0,0,0,0,1,0,1,0,1,0
424000.0,12.0,10.11,672.0,13.65,56.0,4.0,0,1,0,0,0,0,0,0,0,0,0,1,1,0
480000.0,360.0,9.19,784.0,7.57,33.0,2.0,0,0,0,1,0,1,0,0,0,0,0,1,0,1
745000.0,360.0,7.86,664.0,3.3,33.0,4.0,0,0,0,0,1,1,0,0,0,0,0,1,0,0
556000.0,36.0,12.21,703.0,19.84,39.0,4.0,0,0,0,0,0,0,0,0,0,0,0,1,0,1
665000.0,60.0,11.72,719.0,8.41,43.0,0.0,0,0,0,1,0,0,0,1,0,0,0,0,1,0
166000.0,24.0,11.85,582.0,16.11,31.0,1.0,0,0,0,0,0,0,1,0,0,0,0,1,1,0
462000.0,24.0,9.09,753.0,3.13,40.0,4.0,0,0,1,0,0,0,1,0,0,0,1,0,0,1
247000.0,240.0,8.97,728.0,0.0,56.0,2.0,0,0,0,1,0,0,0,0,0,1,0,1,0,1
587000.0,60.0,7.0,639.0,4.28,63.0,1.0,0,0,0,0,1,0,0,1,0,0,1,0,0,0
682000.0,240.0,7.91,665.0,1.37,65.0,1.0,0,1,0,0,0,0,0,0,1,0,0,1,0,1
375000.0,12.0,7.0,620.0,14.32,40.0,3.0,0,0,0,1,0,0,0,0,0,0,0,1,0,0
365000.0,360.0,10.92,705.0,3.66,23.0,0.0,0,0,0,1,0,0,1,0,0,0,1,0,1,0
260000.0,12.0,7.0,776.0,1.2,48.0,0.0,0,0,0,1,0,0,0,0,0,0,0,0,0,0
651000.0,60.0,9.73,668.0,2.02,42.0,4.0,0,0,0,1,0,1,0,0,0,0,0,0,0,1
1065000.0,12.0,12.18,734.0,6.17,49.0,3.0,0,0,0,0,0,1,0,0,0,0,1,0,1,0
481000.0,12.0,10.38,649.0,4.28,54.0,0.0,0,1,0,0,0,0,0,0,1,0,1,0,0,1
472000.0,240.0,13.02,689.0,0.0,42.0,1.0,0,0,0,1,0,1,0,0,0,0,0,0,0,0
485000.0,360.0,8.79,629.0,7.75,47.0,4.0,0,0,0,0,0,0,1,0,0,0,0,0,0,0
669000.0,36.0,10.18,744.0,13.89,40.0,1.0,0,0,0,1,0,1,0,0,0,0,0,1,0,0
376000.0,24.0,10.47,668.0,1.87,50.0,0.0,0,0,0,1,0,0,1,0,0,0,0,0,0,1
437000.0,60.0,10.28,658.0,0.78,49.0,0.0,0,1,0,0,0,1,0,0,0,0,0,1,0,0
370000.0,24.0,14.04,642.0,10.11,42.0,1.0,0,1,0,0,0,0,1,0,0,0,0,0,0,1
789000.0,120.0,13.58,663.0,8.95,42.0,2.0,0,0,0,0,1,1,0,0,0,0,0,1,0,1
148000.0,36.0,13.87,739.0,0.19,34.0,4.0,0,0,0,1,0,0,0,0,0,1,1,0,0,0
371000.0,12.0,10.29,811.0,6.88,62.0,1.0,0,1,0,0,0,0,0,0,1,0,1,0,0,1
284000.0,24.0,9.7,709.0,6.34,31.0,4.0,0,0,0,0,1,1,0,0,0,0,0,0,1,0
100000.0,36.0,11.6,674.0,3.88,48.0,1.0,0,1,0,0,0,0,0,0,1,0,0,0,0,0
797000.0,12.0,8.79,737.0,15.42,58.0,0.0,0,0,1,0,0,1,0,0,0,0,0,1,0,0
562000.0,24.0,10.74,739.0,3.61,29.0,3.0,0,0,0,0,1,0,0,1,0,0,0,1,1,0
100000.0,360.0,12.73,645.0,4.96,36.0,4.0,0,0,0,1,0,0,1,0,0,0,0,1,0,1
461000.0,36.0,11.64,694.0,0.43,22.0,2.0,0,1,0,0,0,0,0,1,0,0,0,0,1,0
304000.0,240.0,14.39,698.0,7.72,24.0,3.0,0,1,0,0,0,0,0,1,0,0,0,1,0,0
105000.0,360.0,9.22,743.0,8.88,51.0,1.0,0,0,1,0,0,0,1,0,0,0,0,0,0,1
680000.0,360.0,10.98,782.0,2.38,38.0,2.0,0,0,1,0,0,1,0,0,0,0,1,0,1,0
621000.0,36.0,10.83,726.0,9.7,52.0,2.0,0,1,0,0,0,0,0,1,0,0,0,0,1,0
654000.0,360.0,9.55,654.0,7.89,43.0,1.0,0,0,0,1,0,0,1,0,0,0,0,0,0,1
131000.0,60.0,11.37,674.0,8.68,38.0,3.0,0,0,0,0,0,0,0,0,1,0,1,0,0,1
119000.0,240.0,11.52,653.0,12.64,37.0,4.0,0,0,0,0,1,0,0,1,0,0,1,0,0,0
766000.0,120.0,9.67,768.0,4.44,61.0,2.0,0,0,1,0,0,0,0,0,0,1,0,0,1,0
661000.0,24.0,12.83,736.0,6.24,39.0,2.0,0,0,0,0,0,0,0,0,1,0,0,1,0,0
802000.0,360.0,7.46,717.0,4.33,63.0,0.0,0,0,1,0,0,0,1,0,0,0,0,0,0,1
720000.0,36.0,8.24,710.0,2.06,50.0,1.0,0,1,0,0,0,0,1,0,0,0,1,0,0,0
698000.0,36.0,12.19,619.0,4.71,50.0,3.0,0,0,0,0,1,0,0,1,0,0,0,0,0,0
665000.0,240.0,11.67,680.0,0.76,52.0,3.0,0,0,0,0,1,1,0,0,0,0,1,0,0,0
860000.0,36.0,13.66,671.0,7.38,57.0,0.0,0,0,0,0,0,0,0,0,0,1,1,0,0,0
602000.0,60.0,9.02,680.0,6.07,22.0,4.0,0,0,0,1,0,0,0,0,0,1,0,1,0,1
111000.0,360.0,9.87,740.0,5.5,54.0,3.0,0,1,0,0,0,0,0,0,0,0,1,0,0,0
1038000.0,120.0,7.64,754.0,9.95,32.0,3.0,0,1,0,0,0,0,0,0,0,1,0,1,0,1
444000.0,24.0,13.53,807.0,5.0,61.0,1.0,0,0,0,1,0,0,1,0,0,0,0,1,0,1
517000.0,60.0,13.03,566.0,8.51,50.0,3.0,0,0,0,0,0,0,0,0,0,0,0,1,1,0
485000.0,240.0,7.73,761.0,0.0,43.0,2.0,0,0,0,1,0,0,0,0,0,0,0,1,0,1
561000.0,36.0,11.78,723.0,6.66,56.0,2.0,0,0,0,0,0,0,0,0,0,1,0,1,0,0
142000.0,12.0,7.0,710.0,9.77,65.0,3.0,0,1,0,0,0,0,0,0,0,1,0,1,1,0
487000.0,24.0,11.5,683.0,2.42,36.0,2.0,0,0,0,0,0,1,0,0,0,0,1,0,0,1
155000.0,24.0,12.67,720.0,9.47,59.0,0.0,0,1,0,0,0,0,0,0,0,1,0,1,0,0
163000.0,120.0,9.93,624.0,3.25,64.0,0.0,0,1,0,0,0,0,0,1,0,0,0,1,0,1
135000.0,360.0,10.34,728.0,4.15,34.0,2.0,0,0,1,0,0,0,0,0,0,1,1,0,1,0
528000.0,60.0,12.17,711.0,0.0,47.0,4.0,0,0,0,0,0,1,0,0,0,0,0,1,0,0
246000.0,120.0,14.06,693.0,9.93,51.0,3.0,0,0,1,0,0,0,0,0,0,0,0,0,0,1
741000.0,24.0,8.66,705.0,5.53,28.0,1.0,0,0,0,0,1,0,0,0,0,1,0,0,0,1
624000.0,240.0,9.47,741.0,11.62,59.0,2.0,0,0,0,1,0,0,0,0,0,1,1,0,0,1
369000.0,360.0,12.31,711.0,2.86,58.0,2.0,0,0,0,0,1,0,0,0,0,0,0,1,0,0
356000.0,60.0,9.54,639.0,7.6,59.0,1.0,0,0,0,0,0,0,0,0,0,1,0,1,0,0
543000.0,24.0,8.78,665.0,0.88,24.0,1.0,0,0,0,0,1,0,0,0,0,1,0,0,0,1
337000.0,240.0,7.96,762.0,6.23,58.0,1.0,0,0,1,0,0,0,0,0,0,1,1,0,0,0
539000.0,24.0,10.18,701.0,5.01,50.0,2.0,0,0,0,0,1,0,0,0,1,0,0,1,0,1
793000.0,12.0,8.13,733.0,6.93,58.0,2.0,0,0,1,0,0,0,0,0,1,0,1,0,0,1
784000.0,240.0,7.14,674.0,4.69,43.0,4.0,0,0,1,0,0,0,1,0,0,0,0,0,0,0
128000.0,12.0,11.87,721.0,8.29,33.0,2.0,0,0,0,0,1,0,0,0,1,0,0,1,1,0
695000.0,12.0,11.08,696.0,5.2,55.0,1.0,0,1,0,0,0,0,0,0,1,0,1,0,0,0
746000.0,12.0,10.07,700.0,9.59,41.0,4.0,0,0,0,0,1,1,0,0,0,0,0,1,1,0
206000.0,36.0,10.34,699.0,6.08,27.0,0.0,0,0,0,0,0,0,0,1,0,0,0,0,0,1
884000.0,360.0,13.57,740.0,0.37,25.0,3.0,0,1,0,0,0,0,1,0,0,0,0,0,0,0
100000.0,24.0,10.12,807.0,5.56,52.0,0.0,0,0,0,0,0,0,0,0,0,1,1,0,0,1
482000.0,24.0,10.23,719.0,12.15,34.0,4.0,0,0,1,0,0,0,0,1,0,0,0,1,1,0
893000.0,36.0,11.98,728.0,2.33,42.0,2.0,0,0,1,0,0,0,0,0,0,1,0,0,0,0
657000.0,36.0,10.18,672.0,20.09,60.0,3.0,0,0,0,0,0,0,0,0,1,0,0,0,1,0
433000.0,36.0,9.45,687.0,0.0,52.0,3.0,0,0,0,0,1,1,0,0,0,0,0,0,1,0
714000.0,36.0,12.43,698.0,0.8,28.0,2.0,0,0,1,0,0,0,0,0,0,1,0,1,0,1
410000.0,36.0,8.39,638.0,6.34,48.0,4.0,0,0,0,1,0,0,0,0,1,0,0,0,1,0
764000.0,24.0,8.7,661.0,9.68,27.0,0.0,0,0,0,0,0,1,0,0,0,0,0,0,0,0
490000.0,36.0,11.63,811.0,6.94,28.0,4.0,0,0,0,1,0,0,1,0,0,0,1,0,1,0
100000.0,120.0,10.33,669.0,4.63,58.0,2.0,0,0,0,0,1,1,0,0,0,0,0,0,0,0
556000.0,24.0,10.74,659.0,4.06,49.0,0.0,0,0,0,0,0,0,0,0,0,0,1,0,0,0
146000.0,60.0,10.87,732.0,0.0,44.0,2.0,0,0,0,0,1,0,0,1,0,0,1,0,1,0
1030000.0,12.0,8.71,734.0,11.94,38.0,4.0,0,0,0,0,1,1,0,0,0,0,0,0,0,1
1031000.0,60.0,9.55,768.0,2.78,57.0,3.0,0,0,0,0,1,0,0,0,1,0,0,0,0,0
876000.0,24.0,8.49,789.0,1.79,50.0,0.0,0,0,0,1,0,0,0,0,0,0,0,1,0,0
457000.0,120.0,12.87,591.0,6.93,59.0,1.0,0,1,0,0,0,0,0,0,1,0,0,0,0,1
100000.0,60.0,13.78,706.0,3.21,64.0,0.0,0,0,0,0,1,0,1,0,0,0,0,1,0,0
329000.0,120.0,12.04,775.0,2.39,37.0,3.0,0,0,0,0,0,0,0,0,0,0,0,0,0,1
576000.0,36.0,11.15,693.0,4.88,34.0,2.0,0,0,0,1,0,1,0,0,0,0,0,1,1,0
368000.0,60.0,11.6,665.0,7.68,40.0,4.0,0,0,1,0,0,1,0,0,0,0,0,0,0,0
693000.0,60.0,10.0,680.0,2.25,33.0,0.0,0,0,0,0,0,0,1,0,0,0,0,0,1,0
601000.0,240.0,8.91,732.0,6.68,49.0,0.0,0,0,0,0,0,0,1,0,0,0,1,0,0,1
728000.0,360.0,7.0,701.0,0.31,36.0,4.0,0,0,1,0,0,0,0,0,1,0,0,1,0,0
540000.0,12.0,12.4,681.0,11.02,56.0,4.0,0,0,0,0,0,0,0,1,0,0,0,0,0,0
904000.0,36.0,10.68,701.0,8.98,33.0,3.0,0,0,1,0,0,0,0,0,1,0,0,1,0,0
941000.0,12.0,7.0,696.0,0.57,36.0,4.0,0,0,0,0,1,0,0,1,0,0,1,0,0,0
100000.0,36.0,11.98,682.0,20.33,28.0,1.0,0,0,1,0,0,0,0,0,0,1,0,0,0,1
292000.0,120.0,12.8,639.0,0.92,53.0,2.0,0,0,0,0,1,0,1,0,0,0,0,1,0,0
277000.0,24.0,9.1,672.0,6.56,41.0,2.0,0,0,0,0,0,1,0,0,0,0,1,0,0,0
100000.0,36.0,11.49,620.0,4.75,43.0,1.0,1,0,0,0,0,1,0,0,0,0,1,0,0,1
439000.0,360.0,7.41,721.0,0.0,27.0,3.0,0,0,0,0,0,0,0,0,0,0,0,1,0,1
1176000.0,240.0,9.18,761.0,8.46,62.0,0.0,1,0,1,0,0,0,0,1,0,0,0,1,0,0
429000.0,24.0,11.31,699.0,10.67,47.0,3.0,0,0,1,0,0,0,0,0,0,1,0,0,0,1
658000.0,120.0,11.1,691.0,9.56,38.0,0.0,0,0,1,0,0,0,0,0,0,1,0,0,0,0
513000.0,120.0,8.34,662.0,3.98,31.0,2.0,0,0,0,0,1,0,0,0,1,0,1,0,1,0
488000.0,60.0,10.04,704.0,0.0,59.0,0.0,0,0,0,0,1,0,0,1,0,0,0,1,0,0
147000.0,240.0,9.65,724.0,7.04,36.0,1.0,0,1,0,0,0,0,1,0,0,0,1,0,0,1
665000.0,360.0,13.57,729.0,5.63,47.0,0.0,0,1,0,0,0,0,1,0,0,0,1,0,0,1
282000.0,120.0,8.81,773.0,3.58,63.0,2.0,0,0,0,1,0,0,1,0,0,0,0,0,0,1
395000.0,36.0,7.29,645.0,7.4,50.0,0.0,0,1,0,0,0,0,0,0,0,1,0,1,0,1
917000.0,360.0,10.55,653.0,14.46,59.0,0.0,0,0,0,0,1,1,0,0,0,0,1,0,0,0
581000.0,120.0,10.77,670.0,4.49,39.0,0.0,0,0,1,0,0,0,0,0,0,0,0,1,1,0
100000.0,360.0,8.99,651.0,2.19,56.0,1.0,0,0,0,0,0,0,0,0,0,0,1,0,0,0
876000.0,120.0,9.52,700.0,3.22,35.0,3.0,0,0,0,0,0,0,1,0,0,0,1,0,0,1
349000.0,24.0,8.87,685.0,8.0,38.0,1.0,0,0,0,1,0,0,0,0,0,1,1,0,0,1
730000.0,360.0,10.51,709.0,6.0,21.0,0.0,0,0,1,0,0,1,0,0,0,0,0,0,0,1
486000.0,12.0,11.39,689.0,8.02,35.0,0.0,0,0,0,1,0,0,0,0,0,1,0,0,1,0
100000.0,360.0,11.77,693.0,0.0,38.0,1.0,0,0,1,0,0,0,0,0,0,1,0,0,0,0
730000.0,36.0,7.0,669.0,9.93,43.0,2.0,0,0,0,0,0,0,1,0,0,0,0,0,0,1
792000.0,36.0,13.47,735.0,12.99,24.0,2.0,0,0,0,0,1,0,0,0,0,1,0,0,0,1
133000.0,24.0,7.51,744.0,11.79,25.0,0.0,0,0,1,0,0,1,0,0,0,0,0,1,1,0
449000.0,240.0,7.0,681.0,7.79,37.0,1.0,1,0,0,0,0,1,0,0,0,0,1,0,0,0
1045000.0,36.0,10.38,694.0,10.53,53.0,4.0,0,0,1,0,0,0,0,0,0,1,0,1,1,0
648000.0,360.0,12.2,583.0,3.4,30.0,4.0,0,0,1,0,0,0,0,1,0,0,0,0,1,0
587000.0,240.0,8.86,618.0,5.86,55.0,4.0,0,0,0,0,0,0,0,1,0,0,0,0,0,1
228000.0,360.0,12.73,623.0,6.99,28.0,3.0,0,0,0,0,1,0,0,1,0,0,1,0,1,0
1136000.0,360.0,12.17,626.0,5.29,27.0,1.0,0,0,0,0,1,0,0,0,0,1,1,0,1,0
326000.0,60.0,9.45,654.0,1.13,58.0,0.0,0,0,0,0,0,0,0,0,0,1,1,0,0,1
561000.0,60.0,7.27,768.0,15.57,59.0,2.0,0,1,0,0,0,0,0,1,0,0,0,0,0,1
263000.0,120.0,10.39,764.0,2.79,32.0,4.0,0,0,0,1,0,0,0,0,0,1,0,1,1,0
100000.0,12.0,7.21,757.0,0.0,53.0,2.0,0,0,0,0,1,0,1,0,0,0,0,1,0,1
815000.0,24.0,10.41,796.0,2.75,51.0,0.0,0,0,0,0,1,0,0,0,0,0,0,1,0,1
772000.0,120.0,9.53,714.0,4.34,23.0,2.0,0,1,0,0,0,0,0,0,0,0,0,1,1,0
100000.0,360.0,9.62,711.0,3.28,40.0,0.0,0,1,0,0,0,0,0,0,0,1,0,1,1,0
199000.0,120.0,12.26,654.0,14.0,50.0,3.0,0,0,1,0,0,0,0,0,0,0,1,0,0,1
402000.0,12.0,12.37,678.0,3.69,26.0,4.0,0,0,1,0,0,0,0,0,1,0,0,0,0,0
509000.0,12.0,9.88,718.0,4.77,54.0,0.0,0,0,0,0,0,1,0,0,0,0,0,0,0,1
150000.0,240.0,9.05,650.0,19.92,21.0,2.0,0,1,0,0,0,0,0,0,1,0,0,0,1,0
377000.0,360.0,8.96,643.0,6.0,47.0,4.0,0,0,0,0,0,0,0,1,0,0,1,0,0,1
1007000.0,120.0,12.67,732.0,7.79,25.0,2.0,0,0,0,1,0,0,1,0,0,0,0,0,0,0
454000.0,60.0,12.56,767.0,14.4,27.0,2.0,0,0,0,0,1,0,0,0,0,0,1,0,0,0
304000.0,240.0,14.09,652.0,7.05,49.0,4.0,0,1,0,0,0,1,0,0,0,0,1,0,0,1
718000.0,24.0,12.03,746.0,0.0,61.0,3.0,0,0,0,0,1,0,0,0,1,0,0,1,0,1
100000.0,36.0,8.49,601.0,17.33,48.0,4.0,0,1,0,0,0,0,0,0,0,0,0,0,0,0
285000.0,24.0,10.14,749.0,2.66,21.0,4.0,0,0,0,0,1,0,0,0,0,0,0,0,1,0
439000.0,36.0,10.73,717.0,3.39,64.0,2.0,0,0,0,0,1,0,0,1,0,0,0,0,1,0
349000.0,24.0,14.3,717.0,7.41,22.0,1.0,0,0,1,0,0,0,0,1,0,0,0,0,1,0
386000.0,60.0,12.43,690.0,5.12,31.0,1.0,0,0,0,1,0,0,0,1,0,0,0,0,0,1
173000.0,12.0,9.96,705.0,0.0,25.0,0.0,0,0,0,1,0,0,0,0,1,0,0,0,0,0
822000.0,12.0,9.44,663.0,4.95,42.0,2.0,0,0,0,0,0,0,0,0,1,0,0,0,1,0
242000.0,24.0,11.09,748.0,3.81,54.0,2.0,0,1,0,0,0,0,0,1,0,0,0,0,1,0
593000.0,12.0,8.63,657.0,4.9,43.0,1.0,0,0,0,0,0,0,0,0,1,0,0,0,1,0
657000.0,120.0,9.99,634.0,3.0,42.0,0.0,0,0,0,0,0,0,0,0,1,0,0,0,1,0
834000.0,24.0,11.61,707.0,14.85,62.0,4.0,0,0,0,1,0,0,0,0,1,0,1,0,1,0
664000.0,360.0,9.79,683.0,8.2,65.0,1.0,0,0,0,0,1,0,0,0,1,0,1,0,0,1
100000.0,120.0,7.29,689.0,6.07,42.0,3.0,0,0,1,0,0,0,0,0,0,1,0,0,0,0
437000.0,12.0,13.61,726.0,5.97,39.0,1.0,0,1,0,0,0,0,0,1,0,0,1,0,0,1
1251000.0,12.0,8.19,701.0,2.36,48.0,3.0,0,1,0,0,0,0,0,1,0,0,0,1,1,0
876000.0,60.0,9.14,657.0,6.35,43.0,0.0,0,0,0,0,1,0,0,0,1,0,0,0,1,0
120000.0,360.0,11.35,730.0,6.2,46.0,1.0,0,0,0,1,0,0,1,0,0,0,0,0,1,0
650000.0,24.0,11.87,727.0,20.16,35.0,2.0,0,0,0,1,0,0,0,0,0,0,1,0,0,0
223000.0,36.0,10.83,577.0,7.07,59.0,4.0,0,1,0,0,0,0,0,1,0,0,0,0,0,1
317000.0,240.0,10.6,626.0,0.0,39.0,1.0,0,0,0,1,0,0,0,1,0,0,1,0,0,0
995000.0,120.0,10.45,693.0,4.5,62.0,4.0,0,0,0,0,0,0,0,0,0,0,0,1,0,1
1154000.0,240.0,10.56,737.0,4.98,23.0,1.0,0,0,0,0,1,0,0,0,1,0,1,0,0,0
100000.0,360.0,10.5,703.0,4.28,47.0,3.0,0,0,0,0,0,0,0,1,0,0,0,1,1,0
213000.0,24.0,10.81,602.0,3.38,34.0,1.0,0,0,0,0,0,1,0,0,0,0,0,1,0,1
310000.0,12.0,10.35,664.0,5.57,50.0,4.0,0,0,0,1,0,1,0,0,0,0,1,0,0,0
735000.0,60.0,10.05,699.0,5.19,32.0,4.0,0,0,0,0,1,1,0,0,0,0,1,0,1,0
350000.0,12.0,14.59,744.0,4.94,28.0,4.0,0,1,0,0,0,0,0,0,1,0,0,0,0,1
683000.0,36.0,12.41,675.0,1.46,50.0,0.0,0,1,0,0,0,1,0,0,0,0,0,0,0,1
256000.0,12.0,11.2,740.0,2.56,35.0,1.0,0,0,0,0,1,0,0,0,0,1,0,0,0,1
182000.0,240.0,11.05,738.0,1.23,22.0,4.0,0,0,0,0,1,0,1,0,0,0,0,1,0,0
441000.0,12.0,9.66,705.0,6.47,47.0,4.0,0,1,0,0,0,0,1,0,0,0,1,0,0,0
546000.0,360.0,9.78,649.0,1.46,60.0,1.0,0,1,0,0,0,1,0,0,0,0,0,1,0,0
381000.0,12.0,9.83,649.0,6.81,36.0,1.0,0,0,0,0,0,0,0,1,0,0,1,0,1,0
266000.0,360.0,13.71,761.0,4.99,41.0,2.0,0,0,0,1,0,0,0,0,1,0,0,0,0,0
601000.0,360.0,8.74,704.0,0.0,58.0,1.0,0,0,0,1,0,1,0,0,0,0,1,0,0,1
506000.0,60.0,9.04,709.0,0.87,47.0,3.0,0,0,0,0,0,1,0,0,0,0,1,0,0,0
666000.0,120.0,12.98,630.0,12.41,52.0,1.0,0,0,1,0,0,0,0,0,0,1,0,1,0,0
616000.0,24.0,8.86,716.0,0.0,40.0,2.0,0,1,0,0,0,1,0,0,0,0,0,0,1,0
1116000.0,12.0,9.28,670.0,18.9,25.0,2.0,0,0,0,0,0,1,0,0,0,0,1,0,0,0
417000.0,120.0,11.26,725.0,2.94,27.0,1.0,0,0,1,0,0,0,0,1,0,0,1,0,1,0
254000.0,36.0,9.44,643.0,2.56,42.0,0.0,0,0,0,0,1,0,0,0,1,0,0,1,0,1
431000.0,120.0,11.47,751.0,5.82,37.0,0.0,0,1,0,0,0,0,0,0,0,0,0,0,1,0
542000.0,360.0,10.76,644.0,6.0,45.0,3.0,0,0,0,0,1,0,0,1,0,0,0,1,0,0
728000.0,360.0,10.85,646.0,0.0,55.0,3.0,1,0,0,0,1,0,1,0,0,0,0,1,1,0
362000.0,360.0,8.06,686.0,3.22,31.0,2.0,0,0,0,1,0,0,0,0,0,0,0,0,1,0
454000.0,12.0,9.9,696.0,18.0,22.0,1.0,0,0,0,0,0,0,0,1,0,0,0,0,0,0
560000.0,240.0,13.25,745.0,2.06,25.0,4.0,0,0,0,0,0,0,0,0,0,1,1,0,0,0
1029000.0,360.0,13.75,698.0,2.98,25.0,0.0,0,0,1,0,0,1,0,0,0,0,0,1,1,0
739000.0,360.0,13.14,704.0,12.19,42.0,2.0,0,0,0,0,0,0,0,0,0,1,0,0,0,0
399000.0,120.0,10.56,712.0,6.04,29.0,0.0,0,0,0,0,0,0,1,0,0,0,1,0,0,0
100000.0,360.0,11.49,653.0,0.39,51.0,2.0,0,0,1,0,0,0,0,0,0,0,1,0,0,1
145000.0,240.0,13.36,709.0,11.78,61.0,1.0,0,0,0,1,0,0,0,1,0,0,1,0,1,0
100000.0,24.0,8.16,636.0,2.31,63.0,3.0,0,0,1,0,0,0,0,0,1,0,0,1,0,0
100000.0,120.0,12.41,699.0,9.59,55.0,1.0,0,1,0,0,0,0,1,0,0,0,0,0,1,0
358000.0,36.0,10.28,686.0,8.96,30.0,4.0,0,0,0,0,0,0,0,1,0,0,1,0,0,1
743000.0,12.0,7.0,721.0,4.1,39.0,0.0,0,0,0,0,0,0,0,1,0,0,0,1,0,1
950000.0,120.0,7.0,665.0,6.15,65.0,4.0,0,1,0,0,0,0,1,0,0,0,0,0,1,0
742000.0,240.0,14.42,691.0,6.04,37.0,2.0,0,0,1,0,0,1,0,0,0,0,0,1,1,0
545000.0,120.0,13.29,685.0,7.58,23.0,0.0,0,0,1,0,0,0,1,0,0,0,1,0,0,0
235000.0,24.0,10.24,677.0,4.31,42.0,1.0,0,0,1,0,0,0,0,0,0,1,0,0,1,0
214000.0,24.0,9.83,727.0,7.12,47.0,0.0,0,0,0,0,0,1,0,0,0,0,1,0,1,0
518000.0,24.0,9.51,671.0,1.33,38.0,4.0,0,0,1,0,0,0,0,0,1,0,1,0,0,1
522000.0,120.0,10.68,626.0,12.36,35.0,0.0,0,1,0,0,0,0,0,1,0,0,0,1,0,1
858000.0,360.0,10.08,684.0,0.44,32.0,2.0,0,0,0,0,1,1,0,0,0,0,1,0,1,0
330000.0,360.0,7.0,727.0,4.09,21.0,3.0,0,0,0,0,0,0,0,0,1,0,0,0,0,1
571000.0,360.0,10.3,640.0,0.0,43.0,1.0,0,1,0,0,0,0,1,0,0,0,1,0,1,0
340000.0,36.0,7.35,636.0,6.04,56.0,4.0,0,0,0,1,0,0,0,0,0,1,0,0,1,0
685000.0,360.0,12.37,629.0,4.34,61.0,1.0,0,0,0,0,0,0,0,0,1,0,1,0,1,0
662000.0,360.0,11.37,753.0,7.39,54.0,0.0,0,0,0,0,0,0,0,0,1,0,0,0,0,0
343000.0,360.0,15.26,615.0,0.43,65.0,1.0,0,0,1,0,0,0,0,0,0,1,0,0,0,1
597000.0,36.0,9.0,687.0,13.16,24.0,0.0,0,0,1,0,0,0,0,1,0,0,0,1,0,1
675000.0,24.0,9.83,703.0,4.74,27.0,0.0,0,1,0,0,0,0,0,0,0,1,0,0,0,0
211000.0,36.0,10.49,658.0,1.81,59.0,4.0,0,0,1,0,0,0,0,0,0,1,0,1,0,0
557000.0,36.0,10.75,697.0,19.75,27.0,3.0,0,0,0,0,0,0,1,0,0,0,0,0,1,0
386000.0,12.0,10.4,705.0,14.25,56.0,4.0,0,0,0,0,0,0,0,0,1,0,0,1,1,0
705000.0,240.0,10.72,719.0,6.54,41.0,4.0,0,0,0,1,0,1,0,0,0,0,0,0,1,0
980000.0,120.0,9.86,712.0,1.86,59.0,1.0,0,0,0,0,1,1,0,0,0,0,0,1,0,0
100000.0,60.0,7.82,706.0,15.47,31.0,0.0,0,0,0,0,0,1,0,0,0,0,1,0,1,0
545000.0,240.0,13.06,749.0,7.7,59.0,0.0,0,0,0,0,1,0,0,0,0,0,0,0,0,0
100000.0,360.0,8.5,725.0,0.0,42.0,4.0,0,0,0,0,0,1,0,0,0,0,0,0,0,1
746000.0,120.0,8.64,707.0,7.41,28.0,0.0,0,0,0,0,1,0,0,0,0,0,0,1,0,0
942000.0,36.0,8.34,734.0,6.5,45.0,3.0,0,0,0,1,0,0,1,0,0,0,1,0,0,1
851000.0,12.0,11.75,684.0,6.08,29.0,0.0,0,0,0,1,0,1,0,0,0,0,0,0,1,0
675000.0,60.0,14.13,657.0,7.45,34.0,2.0,0,0,0,0,0,0,0,0,0,1,0,0,0,0
682000.0,360.0,7.4,721.0,7.18,49.0,3.0,0,0,0,1,0,1,0,0,0,0,0,0,1,0
534000.0,240.0,9.88,704.0,3.36,29.0,3.0,0,1,0,0,0,0,0,1,0,0,1,0,0,0
100000.0,240.0,13.96,645.0,8.3,33.0,1.0,0,0,0,1,0,0,0,1,0,0,0,0,0,1
703000.0,60.0,7.94,698.0,19.08,64.0,2.0,1,0,0,1,0,0,0,0,0,1,1,0,0,1
673000.0,12.0,9.5,653.0,0.47,44.0,2.0,0,0,0,0,0,0,0,0,0,1,0,0,0,1
384000.0,60.0,12.04,685.0,9.21,30.0,0.0,0,0,0,0,0,0,0,0,0,0,0,1,0,0
141000.0,24.0,8.19,665.0,10.1,59.0,3.0,0,0,1,0,0,0,0,0,0,0,1,0,0,1
551000.0,240.0,12.82,690.0,2.28,65.0,4.0,0,1,0,0,0,0,1,0,0,0,0,1,1,0
100000.0,36.0,10.98,680.0,0.0,51.0,4.0,0,0,0,0,0,0,0,0,0,1,0,1,0,1
729000.0,12.0,7.1,632.0,2.03,52.0,3.0,0,0,0,0,1,0,0,0,1,0,1,0,0,1
519000.0,60.0,9.76,682.0,3.76,24.0,0.0,0,1,0,0,0,0,1,0,0,0,0,1,0,1
208000.0,24.0,8.13,756.0,6.0,34.0,3.0,0,1,0,0,0,1,0,0,0,0,0,0,0,0
290000.0,60.0,11.92,656.0,13.84,62.0,3.0,0,0,0,0,1,0,0,1,0,0,0,0,0,1
462000.0,240.0,10.04,785.0,11.71,24.0,1.0,0,0,0,1,0,0,0,1,0,0,1,0,0,0
377000.0,24.0,13.97,681.0,3.27,34.0,4.0,0,0,0,0,0,0,0,0,0,0,0,1,1,0
198000.0,240.0,9.89,743.0,6.57,50.0,3.0,0,0,0,0,0,0,0,1,0,0,0,0,0,0
1043000.0,36.0,9.52,622.0,4.48,54.0,4.0,0,0,0,1,0,1,0,0,0,0,0,0,0,0
788000.0,24.0,12.98,717.0,0.0,40.0,2.0,0,1,0,0,0,0,0,0,0,1,0,0,0,0
646000.0,120.0,7.9,648.0,2.96,48.0,2.0,0,1,0,0,0,0,0,0,0,1,1,0,1,0
449000.0,120.0,9.6,707.0,12.99,27.0,1.0,0,0,1,0,0,0,0,0,1,0,1,0,0,0
100000.0,12.0,10.56,716.0,0.0,49.0,3.0,0,0,0,0,1,0,0,0,0,1,1,0,0,1
100000.0,12.0,11.31,702.0,5.94,40.0,4.0,0,0,1,0,0,1,0,0,0,0,1,0,0,1
759000.0,120.0,10.38,752.0,0.0,39.0,4.0,0,0,0,0,0,0,0,0,0,1,0,0,1,0
1103000.0,24.0,10.34,705.0,1.55,53.0,0.0,0,0,1,0,0,0,1,0,0,0,0,0,0,1
385000.0,24.0,11.67,641.0,9.38,55.0,3.0,0,1,0,0,0,1,0,0,0,0,0,0,0,0
100000.0,240.0,7.3,695.0,7.79,34.0,3.0,0,0,0,0,0,1,0,0,0,0,1,0,0,0
100000.0,36.0,9.58,636.0,9.48,39.0,2.0,0,0,1,0,0,0,0,0,0,0,1,0,0,1
212000.0,360.0,11.21,680.0,8.15,28.0,4.0,0,1,0,0,0,1,0,0,0,0,0,1,0,0
353000.0,240.0,9.89,704.0,0.99,64.0,1.0,0,0,1,0,0,0,0,0,0,0,0,0,1,0
629000.0,120.0,15.97,730.0,2.87,43.0,4.0,0,0,0,0,1,0,0,0,0,1,0,1,0,1
448000.0,24.0,11.71,616.0,13.17,23.0,3.0,0,0,0,1,0,0,0,0,0,1,1,0,1,0
570000.0,120.0,13.74,676.0,5.87,60.0,4.0,0,0,0,0,1,0,0,0,0,1,1,0,1,0
560000.0,24.0,11.27,626.0,0.0,33.0,4.0,0,0,0,1,0,0,0,0,0,1,1,0,0,1
204000.0,12.0,8.74,695.0,6.93,23.0,1.0,0,1,0,0,0,0,1,0,0,0,0,1,0,1
270000.0,360.0,11.65,666.0,7.78,40.0,3.0,0,0,0,1,0,0,0,0,1,0,0,0,1,0
138000.0,24.0,12.61,646.0,10.5,63.0,2.0,0,0,0,1,0,0,0,0,1,0,1,0,0,1
811000.0,60.0,7.0,649.0,14.04,60.0,2.0,0,0,1,0,0,0,0,0,0,0,0,0,0,1
439000.0,240.0,14.69,724.0,0.0,48.0,4.0,0,1,0,0,0,0,0,0,0,0,1,0,1,0
898000.0,24.0,10.36,732.0,1.43,58.0,0.0,0,0,1,0,0,0,1,0,0,0,0,0,0,1
737000.0,120.0,12.32,643.0,3.59,27.0,3.0,0,0,1,0,0,0,0,0,0,1,0,1,1,0
100000.0,12.0,8.61,716.0,0.0,37.0,2.0,0,0,1,0,0,0,0,0,0,0,0,0,0,1
349000.0,36.0,10.75,725.0,4.35,56.0,4.0,0,0,0,0,1,0,0,1,0,0,0,1,0,1
294000.0,36.0,8.2,673.0,8.93,32.0,2.0,0,1,0,0,0,0,0,0,1,0,0,1,0,0
728000.0,36.0,8.06,699.0,4.05,48.0,2.0,0,0,0,0,0,0,0,0,1,0,1,0,0,1
156000.0,12.0,11.71,663.0,11.49,35.0,2.0,0,0,0,1,0,0,0,0,1,0,0,1,1,0
410000.0,36.0,11.45,688.0,4.41,36.0,3.0,0,0,0,0,0,0,0,0,0,1,1,0,0,0
693000.0,60.0,12.95,630.0,5.8,48.0,1.0,0,0,1,0,0,0,0,0,1,0,0,1,0,1
105000.0,240.0,9.37,703.0,11.89,49.0,4.0,0,0,1,0,0,1,0,0,0,0,0,1,0,1
638000.0,60.0,11.32,671.0,2.97,65.0,1.0,1,0,0,0,0,0,0,1,0,0,1,0,0,1
628000.0,120.0,7.83,729.0,4.32,60.0,3.0,0,0,1,0,0,1,0,0,0,0,0,0,1,0
258000.0,360.0,11.09,742.0,0.0,24.0,4.0,0,1,0,0,0,0,0,1,0,0,1,0,0,1
466000.0,360.0,9.17,742.0,8.35,43.0,0.0,0,0,0,1,0,0,1,0,0,0,1,0,0,1
287000.0,360.0,7.0,673.0,5.56,65.0,3.0,0,0,0,0,0,0,0,0,0,1,0,1,0,1
547000.0,120.0,11.19,655.0,11.22,24.0,4.0,0,0,0,0,1,1,0,0,0,0,0,0,0,0
100000.0,120.0,10.68,688.0,10.06,34.0,1.0,0,0,1,0,0,0,1,0,0,0,1,0,0,1
463000.0,120.0,7.74,638.0,1.09,58.0,4.0,0,0,0,0,0,0,1,0,0,0,0,0,0,0
666000.0,12.0,7.09,694.0,9.93,49.0,1.0,0,0,0,1,0,0,0,0,1,0,0,0,0,1
490000.0,60.0,9.43,731.0,0.0,29.0,1.0,0,0,0,1,0,0,0,1,0,0,1,0,1,0
100000.0,24.0,11.26,678.0,1.47,51.0,2.0,0,0,0,0,0,0,0,0,0,0,1,0,0,0
551000.0,60.0,11.18,764.0,5.47,54.0,4.0,0,1,0,0,0,0,0,1,0,0,0,1,0,1
333000.0,12.0,12.99,644.0,5.85,26.0,1.0,0,0,1,0,0,0,0,0,0,0,1,0,0,0
712000.0,12.0,12.78,706.0,1.76,35.0,4.0,0,0,0,1,0,0,0,1,0,0,1,0,0,1
674000.0,60.0,12.23,801.0,1.51,47.0,1.0,0,0,1,0,0,0,0,0,0,0,0,0,0,0
219000.0,120.0,9.56,694.0,2.42,42.0,1.0,0,0,0,0,1,0,1,0,0,0,0,1,0,0
711000.0,36.0,9.0,749.0,5.1,40.0,2.0,0,0,1,0,0,0,0,0,0,0,1,0,0,1
614000.0,60.0,10.73,736.0,0.0,51.0,4.0,0,0,0,0,1,0,0,0,0,1,0,1,0,0
443000.0,36.0,11.47,747.0,4.89,33.0,1.0,0,1,0,0,0,0,0,0,0,0,1,0,0,1
355000.0,120.0,10.37,700.0,10.25,51.0,1.0,0,0,1,0,0,0,0,0,0,0,1,0,0,1
552000.0,24.0,7.0,623.0,3.75,62.0,4.0,0,1,0,0,0,0,0,0,1,0,0,1,1,0
345000.0,24.0,8.5,703.0,5.49,30.0,3.0,0,1,0,0,0,0,0,0,1,0,0,1,1,0
612000.0,24.0,7.41,773.0,2.28,50.0,0.0,0,0,1,0,0,0,1,0,0,0,0,0,1,0
587000.0,240.0,12.35,640.0,1.77,49.0,2.0,0,0,0,0,1,0,0,1,0,0,1,0,0,0
1063000.0,240.0,9.62,649.0,6.41,30.0,3.0,0,0,0,0,0,1,0,0,0,0,0,0,1,0
336000.0,36.0,9.72,796.0,6.38,58.0,0.0,0,1,0,0,0,0,0,0,1,0,0,1,0,1
985000.0,120.0,8.69,728.0,13.59,36.0,0.0,0,0,0,1,0,1,0,0,0,0,1,0,0,0
341000.0,60.0,12.95,648.0,7.96,57.0,3.0,0,0,0,1,0,0,0,0,0,0,0,1,0,0
320000.0,240.0,7.41,681.0,4.72,37.0,3.0,0,0,0,1,0,0,0,0,0,1,0,0,0,0
298000.0,36.0,10.69,738.0,2.49,43.0,2.0,0,0,0,1,0,1,0,0,0,0,0,0,0,0
108000.0,12.0,8.06,692.0,4.14,28.0,4.0,0,0,1,0,0,0,0,0,0,1,0,0,1,0
737000.0,60.0,10.07,742.0,1.66,56.0,3.0,0,0,0,1,0,1,0,0,0,0,0,1,0,1
513000.0,60.0,13.07,609.0,0.29,34.0,2.0,0,0,0,1,0,0,1,0,0,0,0,1,1,0
180000.0,60.0,11.82,762.0,0.5,64.0,0.0,0,0,0,1,0,0,0,0,0,1,0,0,0,1
407000.0,60.0,7.99,691.0,8.85,57.0,0.0,0,0,0,0,1,0,1,0,0,0,0,1,0,0
312000.0,120.0,9.57,740.0,5.37,26.0,3.0,0,1,0,0,0,1,0,0,0,0,0,1,0,0
787000.0,12.0,11.95,686.0,1.13,41.0,2.0,0,0,0,0,1,0,1,0,0,0,0,1,0,0
613000.0,240.0,8.67,684.0,12.04,26.0,2.0,0,1,0,0,0,0,1,0,0,0,1,0,1,0
718000.0,60.0,7.93,681.0,13.76,52.0,1.0,0,1,0,0,0,0,0,0,0,0,0,0,0,1
618000.0,36.0,8.09,674.0,0.0,48.0,3.0,0,1,0,0,0,0,0,1,0,0,1,0,1,0
430000.0,240.0,9.73,689.0,6.19,22.0,4.0,0,0,0,1,0,0,0,0,0,1,0,0,0,1
673000.0,36.0,8.26,724.0,4.94,24.0,4.0,0,1,0,0,0,0,1,0,0,0,1,0,0,0
510000.0,60.0,11.24,643.0,5.16,45.0,3.0,0,1,0,0,0,0,1,0,0,0,0,0,1,0
784000.0,120.0,10.92,690.0,8.05,31.0,0.0,0,0,1,0,0,0,0,0,0,0,1,0,0,0
267000.0,24.0,10.76,645.0,8.0,38.0,1.0,0,1,0,0,0,0,1,0,0,0,0,1,1,0
703000.0,12.0,9.48,567.0,4.83,47.0,3.0,0,0,0,0,1,0,0,0,1,0,0,1,0,0
100000.0,36.0,15.03,696.0,6.51,44.0,4.0,0,0,0,0,0,0,1,0,0,0,1,0,0,1
573000.0,360.0,12.43,664.0,6.52,49.0,2.0,0,1,0,0,0,0,0,1,0,0,1,0,0,1
201000.0,240.0,10.87,731.0,8.53,51.0,3.0,0,0,0,1,0,0,0,1,0,0,1,0,1,0
100000.0,120.0,9.32,682.0,0.18,64.0,1.0,0,0,0,0,0,1,0,0,0,0,0,1,1,0
775000.0,24.0,9.36,761.0,11.0,43.0,4.0,0,0,0,1,0,0,0,0,0,0,1,0,0,0
976000.0,360.0,11.89,670.0,1.21,50.0,1.0,0,0,0,1,0,0,0,0,1,0,0,0,0,1
637000.0,24.0,11.38,672.0,3.58,47.0,2.0,0,0,0,1,0,0,1,0,0,0,0,1,0,0
561000.0,24.0,11.55,722.0,2.42,49.0,2.0,0,1,0,0,0,0,0,0,1,0,0,1,0,0
505000.0,12.0,10.3,676.0,5.43,59.0,3.0,0,1,0,0,0,0,0,1,0,0,1,0,1,0
100000.0,24.0,7.8,668.0,3.61,44.0,3.0,0,0,0,0,0,0,0,0,0,0,0,1,0,1
314000.0,120.0,9.73,819.0,1.36,39.0,1.0,0,0,1,0,0,1,0,0,0,0,1,0,0,1
250000.0,120.0,10.01,694.0,14.0,24.0,0.0,0,0,0,0,1,0,0,1,0,0,0,0,1,0
284000.0,36.0,8.49,752.0,5.61,34.0,0.0,0,0,0,0,0,0,0,1,0,0,1,0,0,0
752000.0,24.0,10.49,652.0,0.0,63.0,1.0,0,0,0,1,0,0,0,0,1,0,0,0,0,0
1072000.0,240.0,12.01,608.0,1.3,62.0,3.0,0,1,0,0,0,0,0,0,0,1,0,1,1,0
307000.0,12.0,10.78,730.0,10.0,41.0,1.0,0,0,0,0,1,0,0,0,0,1,0,0,1,0
1023000.0,12.0,11.86,640.0,9.26,65.0,0.0,0,0,0,1,0,1,0,0,0,0,0,1,0,0
100000.0,120.0,10.68,727.0,4.75,27.0,0.0,0,1,0,0,0,0,1,0,0,0,0,0,1,0
601000.0,12.0,10.98,682.0,4.4,57.0,0.0,0,0,0,0,0,0,0,0,1,0,0,0,0,0
724000.0,360.0,8.19,623.0,11.09,49.0,3.0,0,0,1,0,0,0,0,1,0,0,1,0,0,0
728000.0,240.0,11.56,703.0,0.43,57.0,3.0,0,0,1,0,0,0,0,0,1,0,1,0,0,0
216000.0,120.0,7.51,753.0,2.71,62.0,3.0,0,0,1,0,0,0,0,1,0,0,0,0,1,0
960000.0,120.0,8.8,709.0,11.16,47.0,3.0,0,1,0,0,0,0,0,1,0,0,1,0,0,1
100000.0,120.0,11.48,783.0,6.62,64.0,2.0,0,1,0,0,0,0,0,0,0,0,0,1,0,1
697000.0,60.0,13.69,683.0,3.47,53.0,1.0,0,0,0,1,0,0,1,0,0,0,0,0,1,0
490000.0,60.0,12.75,747.0,0.0,57.0,3.0,0,0,0,0,1,0,0,1,0,0,1,0,0,0
100000.0,60.0,10.31,750.0,9.27,23.0,1.0,0,0,0,0,0,0,0,1,0,0,0,1,0,1
470000.0,12.0,10.09,687.0,2.77,38.0,3.0,0,1,0,0,0,1,0,0,0,0,0,0,0,0
1162000.0,240.0,11.04,765.0,1.85,47.0,2.0,0,0,0,0,0,0,0,0,0,0,0,0,1,0
529000.0,36.0,11.39,692.0,1.82,22.0,1.0,0,0,0,0,1,0,1,0,0,0,1,0,0,0
754000.0,36.0,13.54,658.0,18.35,54.0,3.0,0,0,0,0,0,0,0,0,0,0,1,0,1,0
654000.0,12.0,14.6,779.0,16.15,44.0,3.0,0,0,0,0,1,1,0,0,0,0,0,0,1,0
622000.0,240.0,12.16,685.0,10.63,49.0,1.0,0,0,1,0,0,0,0,0,0,1,0,0,1,0
364000.0,240.0,10.2,704.0,8.38,27.0,0.0,0,0,0,0,0,0,0,0,0,1,0,0,0,0
540000.0,60.0,10.71,659.0,0.0,49.0,1.0,0,0,0,0,0,0,0,0,0,0,0,0,1,0
542000.0,360.0,7.82,726.0,6.23,44.0,4.0,0,1,0,0,0,0,0,0,1,0,1,0,0,0
210000.0,120.0,9.62,752.0,2.91,42.0,2.0,0,0,1,0,0,0,0,1,0,0,0,1,0,1
406000.0,360.0,8.76,669.0,2.24,64.0,2.0,0,0,0,1,0,0,0,0,1,0,1,0,0,0
920000.0,24.0,13.4,734.0,8.45,58.0,2.0,0,0,1,0,0,1,0,0,0,0,0,1,1,0
100000.0,360.0,12.73,717.0,3.77,63.0,3.0,0,0,1,0,0,0,0,1,0,0,0,0,0,0
278000.0,360.0,9.89,647.0,0.14,51.0,3.0,1,0,1,0,0,0,0,0,1,0,1,0,1,0
774000.0,12.0,14.81,712.0,0.88,21.0,4.0,0,0,0,1,0,0,0,0,1,0,0,0,0,1
695000.0,360.0,7.22,738.0,17.67,36.0,0.0,0,0,0,1,0,0,0,1,0,0,0,1,0,0
227000.0,24.0,9.95,741.0,2.87,56.0,2.0,0,0,0,1,0,0,1,0,0,0,0,1,0,1
477000.0,360.0,12.33,636.0,2.68,29.0,4.0,0,0,0,1,0,0,1,0,0,0,1,0,1,0
719000.0,60.0,11.31,755.0,7.82,45.0,4.0,0,0,0,0,0,0,0,0,1,0,0,0,1,0
598000.0,24.0,8.44,712.0,7.2,48.0,3.0,0,1,0,0,0,1,0,0,0,0,1,0,0,0
293000.0,36.0,11.33,683.0,3.15,39.0,1.0,0,0,0,0,1,0,0,0,0,0,0,1,0,0
561000.0,24.0,12.89,715.0,6.2,54.0,4.0,0,1,0,0,0,1,0,0,0,0,1,0,0,0
497000.0,36.0,12.76,750.0,8.0,24.0,3.0,0,0,1,0,0,0,0,1,0,0,0,1,0,1
984000.0,24.0,10.69,728.0,3.88,32.0,4.0,0,1,0,0,0,1,0,0,0,0,0,0,0,0
359000.0,12.0,8.57,674.0,16.0,56.0,2.0,0,1,0,0,0,0,0,0,0,0,0,1,0,1
575000.0,240.0,12.63,682.0,2.76,55.0,3.0,0,0,0,0,0,0,0,1,0,0,0,1,0,0
168000.0,24.0,11.99,666.0,5.5,28.0,2.0,0,0,0,1,0,0,0,1,0,0,0,1,1,0
100000.0,240.0,8.66,729.0,16.5,25.0,0.0,0,0,0,1,0,0,0,0,0,0,1,0,0,0
113000.0,240.0,12.33,739.0,3.11,56.0,4.0,0,0,0,0,0,1,0,0,0,0,0,0,0,0
351000.0,240.0,9.19,681.0,6.02,48.0,2.0,0,0,0,1,0,0,1,0,0,0,0,0,0,0
920000.0,120.0,12.55,744.0,4.16,63.0,4.0,0,0,1,0,0,0,0,1,0,0,0,0,1,0
100000.0,240.0,11.97,638.0,5.87,29.0,3.0,0,0,0,0,1,0,0,0,0,1,0,0,0,0
584000.0,12.0,11.33,605.0,2.24,31.0,3.0,0,0,0,0,1,0,0,0,0,0,0,1,0,1
1228000.0,60.0,11.18,760.0,8.64,24.0,1.0,0,0,0,0,1,0,0,1,0,0,1,0,0,0
600000.0,36.0,10.35,648.0,7.62,24.0,1.0,0,0,1,0,0,0,0,1,0,0,1,0,1,0
708000.0,240.0,10.32,701.0,4.72,62.0,1.0,0,0,1,0,0,1,0,0,0,0,0,1,1,0
567000.0,36.0,7.51,750.0,0.75,29.0,3.0,0,0,0,0,0,0,0,0,0,1,1,0,0,0
628000.0,60.0,8.05,772.0,5.79,65.0,0.0,0,0,1,0,0,0,1,0,0,0,0,0,0,0
379000.0,24.0,12.75,626.0,3.15,41.0,1.0,0,0,0,0,0,1,0,0,0,0,0,0,0,0
496000.0,12.0,8.91,681.0,13.4,41.0,3.0,0,0,0,1,0,0,0,0,0,1,0,0,0,1
978000.0,24.0,11.67,700.0,4.81,33.0,0.0,0,0,0,0,0,0,0,0,0,0,1,0,0,1
782000.0,360.0,12.67,779.0,7.2,56.0,3.0,0,0,0,0,1,0,0,0,1,0,0,1,0,0
530000.0,120.0,8.31,669.0,3.63,61.0,0.0,0,0,0,0,0,0,1,0,0,0,0,1,0,0
277000.0,240.0,8.02,755.0,5.33,29.0,1.0,0,0,0,1,0,0,0,0,0,1,0,0,1,0
100000.0,60.0,9.89,644.0,6.01,23.0,4.0,0,0,1,0,0,0,0,0,0,0,1,0,1,0
852000.0,120.0,7.14,672.0,6.87,22.0,0.0,0,0,0,0,1,0,0,0,0,0,0,0,0,0
395000.0,60.0,9.83,739.0,13.13,36.0,3.0,0,0,0,0,1,0,0,0,0,1,0,1,0,1
801000.0,240.0,11.13,740.0,1.79,47.0,1.0,0,0,0,1,0,0,0,0,1,0,0,1,0,0
543000.0,12.0,8.37,637.0,4.39,34.0,0.0,0,0,0,0,1,0,1,0,0,0,0,0,0,0
412000.0,360.0,11.21,620.0,5.6,60.0,3.0,0,0,0,1,0,0,0,0,0,1,1,0,0,1
826000.0,36.0,10.58,682.0,7.35,54.0,2.0,0,0,0,0,0,0,0,0,0,0,1,0,0,0
534000.0,24.0,12.95,805.0,18.69,26.0,3.0,0,0,1,0,0,0,1,0,0,0,0,1,0,0
644000.0,120.0,8.43,671.0,0.76,47.0,2.0,0,0,0,1,0,0,0,0,0,1,1,0,0,1
839000.0,240.0,10.79,786.0,7.94,52.0,2.0,0,0,0,1,0,1,0,0,0,0,0,1,0,0
733000.0,12.0,11.08,703.0,5.8,32.0,4.0,0,0,1,0,0,0,0,1,0,0,1,0,0,1
541000.0,60.0,7.0,665.0,2.01,32.0,0.0,0,1,0,0,0,0,1,0,0,0,0,1,0,0
870000.0,120.0,7.0,692.0,2.52,55.0,2.0,0,0,1,0,0,0,0,0,0,1,1,0,1,0
308000.0,12.0,11.17,661.0,3.68,51.0,2.0,0,0,0,1,0,0,0,0,0,1,1,0,1,0
537000.0,12.0,7.9,631.0,0.52,50.0,4.0,0,0,0,0,1,0,0,1,0,0,0,1,0,0
1043000.0,12.0,7.0,774.0,1.64,50.0,1.0,0,1,0,0,0,0,1,0,0,0,0,1,0,0
538000.0,120.0,11.98,702.0,3.2,35.0,3.0,0,1,0,0,0,0,0,0,1,0,1,0,1,0
636000.0,12.0,12.21,644.0,7.41,35.0,3.0,0,0,1,0,0,0,0,1,0,0,0,1,0,0
283000.0,360.0,14.49,714.0,19.0,25.0,3.0,0,0,0,0,0,0,0,0,1,0,0,1,1,0
102000.0,12.0,14.09,757.0,0.0,65.0,2.0,0,0,1,0,0,0,0,1,0,0,0,1,0,1
158000.0,24.0,7.8,709.0,0.0,64.0,1.0,0,0,0,1,0,0,1,0,0,0,0,1,0,0
769000.0,60.0,11.98,751.0,13.16,50.0,4.0,0,0,0,1,0,0,0,0,1,0,0,1,0,1
813000.0,12.0,10.47,665.0,2.0,30.0,4.0,0,0,0,1,0,0,0,0,0,1,0,1,0,1
711000.0,24.0,9.68,732.0,7.18,41.0,1.0,0,0,0,0,0,1,0,0,0,0,0,1,0,1
734000.0,12.0,13.86,726.0,20.87,26.0,3.0,0,0,0,1,0,0,0,0,0,0,0,0,0,0
598000.0,360.0,12.76,669.0,1.45,21.0,1.0,0,0,1,0,0,1,0,0,0,0,1,0,0,0
607000.0,60.0,12.32,783.0,0.0,37.0,2.0,0,0,1,0,0,0,0,0,0,1,0,1,0,1
422000.0,36.0,12.3,682.0,3.24,62.0,2.0,0,0,1,0,0,0,0,0,0,1,1,0,0,1
684000.0,240.0,11.91,642.0,5.78,49.0,2.0,0,1,0,0,0,0,0,0,0,0,0,1,0,1
553000.0,24.0,7.0,755.0,8.28,53.0,1.0,0,0,0,1,0,0,0,0,0,1,1,0,0,1
556000.0,12.0,12.71,709.0,8.87,60.0,1.0,0,0,1,0,0,0,1,0,0,0,1,0,0,0
100000.0,60.0,8.08,688.0,7.1,61.0,0.0,0,0,0,1,0,0,1,0,0,0,0,0,0,1
478000.0,24.0,9.12,735.0,9.21,29.0,1.0,0,0,0,0,0,0,1,0,0,0,0,1,1,0
456000.0,24.0,9.39,746.0,9.42,36.0,2.0,0,0,1,0,0,0,0,0,1,0,0,1,0,0
315000.0,360.0,7.03,614.0,7.14,48.0,1.0,0,0,0,0,1,0,0,0,0,1,0,1,0,0
1120000.0,120.0,14.14,657.0,8.71,27.0,1.0,0,0,1,0,0,0,0,0,1,0,1,0,0,1
565000.0,24.0,9.49,694.0,3.23,33.0,1.0,0,0,1,0,0,1,0,0,0,0,0,1,0,0
981000.0,120.0,13.12,717.0,8.56,58.0,2.0,0,0,0,1,0,0,0,0,0,1,0,1,1,0
709000.0,60.0,8.96,692.0,17.62,35.0,0.0,0,0,0,0,0,1,0,0,0,0,0,0,1,0
332000.0,24.0,8.01,689.0,5.52,35.0,4.0,0,0,0,0,0,0,0,0,0,0,0,1,1,0
523000.0,12.0,9.73,680.0,1.58,50.0,0.0,0,0,0,0,1,1,0,0,0,0,1,0,0,0
100000.0,12.0,9.94,662.0,4.35,39.0,3.0,0,0,1,0,0,0,0,0,0,1,0,1,0,1
100000.0,24.0,10.27,709.0,10.15,53.0,1.0,0,0,0,0,1,0,0,0,0,0,0,1,1,0
650000.0,24.0,10.5,674.0,0.0,26.0,1.0,0,0,0,1,0,1,0,0,0,0,1,0,0,0
704000.0,240.0,10.01,633.0,2.6,64.0,3.0,0,0,0,0,0,0,1,0,0,0,1,0,0,1
719000.0,120.0,9.82,824.0,5.1,29.0,0.0,0,0,0,0,0,0,0,0,0,0,0,1,1,0
629000.0,120.0,12.57,660.0,0.0,23.0,2.0,0,1,0,0,0,0,1,0,0,0,0,0,0,1
316000.0,24.0,10.74,752.0,2.95,29.0,0.0,0,1,0,0,0,0,0,0,1,0,0,1,0,0
686000.0,24.0,7.96,723.0,0.56,25.0,4.0,0,0,0,1,0,0,1,0,0,0,0,0,0,0
100000.0,60.0,12.14,738.0,3.22,49.0,4.0,0,0,0,0,0,0,1,0,0,0,1,0,0,0
621000.0,60.0,9.59,649.0,3.16,36.0,1.0,0,0,1,0,0,0,0,0,1,0,1,0,0,0
492000.0,60.0,7.72,762.0,17.25,38.0,0.0,0,0,0,0,0,0,0,0,0,1,0,0,1,0
867000.0,36.0,12.13,738.0,4.84,42.0,0.0,0,0,0,0,1,0,1,0,0,0,0,1,0,1
432000.0,360.0,9.63,801.0,10.36,27.0,0.0,0,0,0,0,0,0,1,0,0,0,0,0,1,0
652000.0,360.0,11.29,748.0,6.52,54.0,0.0,0,1,0,0,0,0,0,0,1,0,0,0,0,0
527000.0,12.0,7.69,666.0,3.57,48.0,2.0,0,0,0,0,1,0,1,0,0,0,0,0,0,0
955000.0,36.0,11.29,688.0,0.0,21.0,0.0,0,0,0,0,0,0,1,0,0,0,1,0,0,0
613000.0,240.0,8.75,606.0,1.51,40.0,1.0,0,0,0,0,0,0,0,1,0,0,1,0,1,0
277000.0,24.0,9.65,760.0,5.08,37.0,1.0,0,0,0,0,0,0,0,1,0,0,0,0,1,0
837000.0,360.0,9.27,724.0,0.0,44.0,2.0,0,0,0,0,1,0,0,0,0,1,0,1,1,0
597000.0,60.0,10.73,653.0,13.12,49.0,3.0,0,0,0,0,0,0,0,0,0,0,1,0,0,0
274000.0,24.0,9.2,643.0,12.01,56.0,4.0,0,0,1,0,0,0,0,0,1,0,0,1,1,0
614000.0,240.0,9.23,642.0,5.97,47.0,1.0,0,0,0,1,0,0,0,1,0,0,0,0,0,1
405000.0,240.0,9.52,660.0,10.49,45.0,4.0,0,0,0,1,0,0,0,0,1,0,1,0,0,0
457000.0,12.0,12.28,695.0,10.73,24.0,4.0,0,1,0,0,0,0,0,1,0,0,0,1,1,0
737000.0,240.0,12.88,621.0,2.88,31.0,4.0,0,0,0,1,0,0,0,0,0,0,0,0,1,0
149000.0,360.0,8.57,704.0,3.04,55.0,1.0,0,0,1,0,0,0,1,0,0,0,1,0,1,0
1004000.0,24.0,12.07,735.0,16.78,65.0,2.0,0,0,0,0,1,0,1,0,0,0,1,0,0,0
458000.0,12.0,10.12,665.0,3.5,64.0,4.0,0,0,1,0,0,0,0,1,0,0,0,1,1,0
1033000.0,360.0,8.67,633.0,4.83,33.0,0.0,0,0,0,1,0,0,0,0,1,0,0,0,0,1
817000.0,240.0,11.28,792.0,10.98,65.0,3.0,0,0,0,1,0,0,0,0,1,0,0,1,1,0
650000.0,120.0,10.5,738.0,0.0,30.0,2.0,0,1,0,0,0,0,0,0,0,1,0,1,0,1
592000.0,360.0,10.82,720.0,3.5,33.0,3.0,0,0,0,0,0,0,0,0,1,0,0,0,0,0
284000.0,12.0,8.23,611.0,4.97,56.0,4.0,0,0,0,0,1,0,0,0,0,0,1,0,0,1
452000.0,36.0,10.34,662.0,17.46,49.0,4.0,0,0,0,0,1,0,0,1,0,0,1,0,0,1
387000.0,240.0,10.59,734.0,0.0,45.0,0.0,0,0,0,0,0,0,0,0,0,0,0,1,0,1
1098000.0,240.0,10.54,707.0,6.36,54.0,3.0,0,0,0,0,0,0,1,0,0,0,1,0,0,1
381000.0,360.0,9.84,715.0,8.39,31.0,4.0,0,0,0,0,0,0,1,0,0,0,0,1,0,0
100000.0,24.0,9.75,723.0,9.08,46.0,3.0,0,0,0,1,0,0,0,0,0,1,1,0,0,1
100000.0,24.0,11.56,733.0,17.47,56.0,4.0,0,0,0,1,0,0,0,1,0,0,1,0,0,0
1017000.0,60.0,9.46,739.0,6.93,61.0,2.0,0,1,0,0,0,0,1,0,0,0,1,0,0,0
586000.0,12.0,9.99,698.0,4.43,37.0,4.0,0,0,0,0,1,0,0,0,0,0,0,1,0,1
568000.0,240.0,8.74,635.0,8.91,51.0,0.0,0,0,0,1,0,0,1,0,0,0,1,0,0,1
425000.0,60.0,7.0,716.0,11.0,44.0,3.0,0,0,1,0,0,0,0,0,1,0,1,0,0,1
385000.0,12.0,8.19,628.0,4.55,47.0,3.0,0,1,0,0,0,1,0,0,0,0,0,1,0,0
946000.0,360.0,7.0,699.0,3.98,25.0,4.0,0,0,0,0,0,0,0,0,1,0,0,0,1,0
543000.0,12.0,10.67,695.0,0.44,42.0,2.0,0,0,1,0,0,0,1,0,0,0,0,1,0,0
381000.0,120.0,9.56,689.0,3.25,52.0,1.0,0,0,0,0,1,0,1,0,0,0,0,0,1,0
574000.0,24.0,9.44,695.0,6.0,51.0,1.0,0,1,0,0,0,0,0,0,0,1,1,0,0,1
181000.0,120.0,12.41,664.0,14.18,49.0,1.0,0,0,0,0,1,0,0,1,0,0,0,1,0,1
864000.0,36.0,11.09,764.0,4.46,29.0,0.0,0,1,0,0,0,0,0,0,0,0,0,1,1,0
523000.0,12.0,10.69,732.0,6.06,52.0,3.0,0,0,0,0,1,0,0,1,0,0,0,1,0,0
522000.0,60.0,10.69,726.0,5.22,32.0,4.0,0,0,1,0,0,1,0,0,0,0,1,0,0,0
209000.0,36.0,11.03,733.0,15.91,42.0,3.0,0,0,0,1,0,0,0,1,0,0,1,0,1,0
700000.0,120.0,11.76,710.0,9.13,35.0,2.0,0,0,0,1,0,0,0,0,0,1,1,0,0,0
1270000.0,120.0,12.22,692.0,3.37,32.0,0.0,0,0,0,0,0,0,1,0,0,0,1,0,1,0
424000.0,12.0,11.71,700.0,2.77,52.0,2.0,0,0,0,0,0,0,0,0,0,1,0,0,0,0
100000.0,360.0,9.63,695.0,5.87,65.0,0.0,0,0,0,1,0,0,0,0,0,0,0,0,1,0
100000.0,120.0,11.58,611.0,2.69,43.0,2.0,0,0,0,0,1,0,0,0,1,0,1,0,1,0
587000.0,360.0,11.18,699.0,2.99,61.0,1.0,0,1,0,0,0,0,0,0,1,0,0,0,1,0
100000.0,60.0,9.41,580.0,7.81,62.0,1.0,0,1,0,0,0,0,0,0,0,1,0,1,0,1
804000.0,60.0,9.4,707.0,11.23,31.0,2.0,0,1,0,0,0,0,0,1,0,0,1,0,0,0
646000.0,240.0,10.09,687.0,6.33,33.0,0.0,0,0,0,1,0,0,0,0,1,0,1,0,0,1
756000.0,120.0,10.33,646.0,4.33,57.0,3.0,0,0,0,1,0,0,0,0,0,0,0,1,0,1
879000.0,36.0,9.77,590.0,14.29,21.0,3.0,0,0,1,0,0,0,0,1,0,0,0,0,0,1
100000.0,24.0,7.0,676.0,0.0,31.0,4.0,0,0,0,1,0,0,0,0,0,0,0,1,1,0
421000.0,120.0,11.01,685.0,2.74,43.0,2.0,1,0,0,0,1,0,0,0,0,0,1,0,1,0
236000.0,24.0,13.07,789.0,6.71,28.0,4.0,0,0,0,0,0,0,0,0,0,1,0,0,1,0
100000.0,60.0,10.05,658.0,5.67,30.0,1.0,0,0,0,1,0,0,0,1,0,0,0,1,0,0
178000.0,60.0,11.8,608.0,6.9,21.0,3.0,0,1,0,0,0,0,0,0,0,1,0,1,0,0
573000.0,240.0,10.39,675.0,0.81,59.0,1.0,0,0,0,0,0,0,0,1,0,0,0,0,0,1
105000.0,240.0,7.0,662.0,9.02,57.0,3.0,0,0,0,0,0,0,0,0,0,1,0,0,0,0
703000.0,120.0,11.3,774.0,10.85,65.0,0.0,0,0,0,0,0,0,0,0,0,1,1,0,0,1
361000.0,240.0,10.57,667.0,0.0,30.0,2.0,1,0,1,0,0,0,0,0,0,1,0,1,1,0
379000.0,60.0,10.62,665.0,11.45,36.0,0.0,0,0,0,0,1,0,0,0,0,1,1,0,0,1
309000.0,60.0,12.29,780.0,7.2,64.0,2.0,0,0,1,0,0,1,0,0,0,0,0,1,0,1
469000.0,12.0,11.83,725.0,2.3,53.0,4.0,0,0,1,0,0,0,0,0,1,0,1,0,0,1
439000.0,240.0,9.92,648.0,8.43,47.0,3.0,0,0,0,0,1,0,0,1,0,0,0,0,1,0
511000.0,240.0,8.76,677.0,0.0,26.0,3.0,0,0,0,0,1,0,0,1,0,0,1,0,1,0
636000.0,360.0,11.24,754.0,0.0,37.0,3.0,0,0,1,0,0,1,0,0,0,0,0,0,0,0
903000.0,120.0,12.06,784.0,6.51,23.0,1.0,0,0,1,0,0,0,0,0,0,0,0,0,1,0
929000.0,36.0,10.43,720.0,18.06,25.0,4.0,0,0,0,1,0,0,0,1,0,0,0,1,0,1
618000.0,24.0,11.37,668.0,2.4,26.0,1.0,0,0,0,0,0,0,1,0,0,0,0,0,0,0
291000.0,60.0,14.61,688.0,11.17,50.0,4.0,0,0,0,0,0,0,0,0,0,0,1,0,0,0
100000.0,12.0,12.43,798.0,8.9,23.0,0.0,0,0,0,0,0,1,0,0,0,0,1,0,0,0
848000.0,120.0,10.05,778.0,3.16,32.0,3.0,0,0,0,0,1,1,0,0,0,0,0,0,0,0
484000.0,24.0,10.35,682.0,13.11,50.0,4.0,0,0,1,0,0,0,0,1,0,0,0,1,0,0
100000.0,120.0,10.04,668.0,0.0,51.0,1.0,0,0,0,0,1,0,1,0,0,0,0,0,1,0
702000.0,360.0,9.95,667.0,5.2,58.0,3.0,0,0,1,0,0,0,0,0,0,0,0,1,0,1
542000.0,240.0,15.01,725.0,10.2,32.0,2.0,0,0,0,0,0,0,1,0,0,0,0,0,0,1
537000.0,24.0,9.74,736.0,0.0,53.0,1.0,0,0,0,1,0,0,0,0,1,0,0,0,0,0
419000.0,60.0,10.29,649.0,19.0,63.0,2.0,0,0,0,0,0,0,0,0,0,1,1,0,0,0
349000.0,240.0,14.5,830.0,7.84,44.0,0.0,0,1,0,0,0,0,0,1,0,0,0,0,0,0
948000.0,360.0,9.63,668.0,4.3,33.0,0.0,0,0,0,0,1,1,0,0,0,0,0,0,0,0
451000.0,12.0,11.22,651.0,2.9,48.0,2.0,0,0,0,1,0,0,0,1,0,0,1,0,0,1
423000.0,24.0,11.81,769.0,0.0,39.0,2.0,0,0,0,1,0,1,0,0,0,0,0,1,0,0
647000.0,60.0,11.43,666.0,5.04,58.0,4.0,0,0,0,0,1,0,0,1,0,0,0,0,0,1
775000.0,120.0,9.58,612.0,9.0,41.0,3.0,0,0,1,0,0,0,0,0,0,1,1,0,1,0
838000.0,24.0,8.73,608.0,20.15,21.0,2.0,0,0,1,0,0,0,0,0,1,0,0,1,0,1
929000.0,36.0,11.03,696.0,1.88,30.0,1.0,0,0,0,1,0,0,0,0,1,0,1,0,0,1
809000.0,120.0,10.48,622.0,5.65,32.0,2.0,0,1,0,0,0,0,0,0,0,0,1,0,0,1
673000.0,60.0,8.27,700.0,8.33,42.0,4.0,0,1,0,0,0,0,0,1,0,0,1,0,1,0
702000.0,60.0,11.36,733.0,6.24,33.0,3.0,0,0,0,1,0,0,0,0,0,1,0,1,0,1
783000.0,24.0,7.0,770.0,0.0,59.0,2.0,0,1,0,0,0,0,1,0,0,0,0,0,0,1
1015000.0,360.0,9.92,632.0,0.81,29.0,1.0,1,0,0,0,0,0,1,0,0,0,0,0,0,1
100000.0,24.0,10.03,680.0,1.72,42.0,2.0,0,1,0,0,0,0,0,0,0,0,0,1,1,0
584000.0,24.0,11.02,682.0,2.5,40.0,4.0,0,0,0,1,0,0,0,0,0,0,0,0,1,0
813000.0,24.0,14.15,780.0,4.74,35.0,2.0,0,0,0,1,0,0,1,0,0,0,1,0,1,0
763000.0,360.0,9.35,638.0,1.01,22.0,0.0,0,0,0,1,0,0,0,0,0,0,0,0,1,0
933000.0,240.0,10.04,674.0,0.0,47.0,3.0,0,0,0,0,1,1,0,0,0,0,0,0,0,0
100000.0,120.0,10.8,647.0,2.54,37.0,1.0,0,0,0,0,1,0,1,0,0,0,0,0,0,1
807000.0,36.0,9.76,734.0,0.72,65.0,1.0,0,0,0,0,1,0,0,1,0,0,0,1,0,1
523000.0,60.0,7.05,686.0,16.78,27.0,4.0,0,0,0,1,0,0,0,1,0,0,1,0,0,0
154000.0,24.0,11.78,679.0,0.0,40.0,4.0,0,0,1,0,0,0,1,0,0,0,0,0,0,1
100000.0,120.0,9.41,734.0,7.64,53.0,3.0,0,0,1,0,0,0,0,0,0,0,0,1,0,0
800000.0,60.0,9.66,737.0,3.27,44.0,3.0,0,0,1,0,0,0,0,0,0,1,1,0,1,0
829000.0,24.0,7.0,711.0,9.09,26.0,3.0,0,0,0,1,0,0,0,0,0,1,0,0,1,0
530000.0,120.0,11.93,621.0,7.57,54.0,0.0,0,0,1,0,0,0,0,0,1,0,1,0,0,0
1022000.0,360.0,10.31,653.0,2.95,35.0,2.0,0,0,0,0,1,0,0,1,0,0,0,1,1,0
208000.0,24.0,10.74,748.0,6.97,40.0,3.0,0,0,0,0,1,0,0,0,0,1,1,0,1,0
686000.0,360.0,10.37,696.0,3.52,23.0,0.0,0,0,0,0,0,0,0,0,0,1,0,0,0,0
243000.0,12.0,8.15,705.0,9.77,49.0,2.0,0,0,1,0,0,1,0,0,0,0,1,0,1,0
100000.0,60.0,10.56,702.0,15.0,26.0,4.0,0,1,0,0,0,0,0,1,0,0,0,1,0,0
596000.0,12.0,8.16,592.0,18.8,26.0,3.0,0,0,1,0,0,0,0,0,0,0,1,0,0,0
493000.0,24.0,13.89,667.0,19.0,21.0,1.0,0,0,0,1,0,0,0,0,0,1,0,1,0,1
596000.0,360.0,11.74,745.0,6.08,64.0,1.0,0,0,0,1,0,0,0,0,1,0,0,0,0,0
625000.0,36.0,10.81,712.0,5.14,55.0,2.0,0,0,0,0,0,0,0,1,0,0,0,0,0,0
1186000.0,24.0,10.15,748.0,1.04,26.0,2.0,0,0,0,0,1,0,0,0,0,0,1,0,0,0
100000.0,36.0,9.31,764.0,4.5,65.0,2.0,0,0,0,0,0,0,1,0,0,0,0,0,0,0
320000.0,360.0,9.17,740.0,4.65,45.0,4.0,0,0,0,1,0,0,0,0,0,1,0,0,0,0
373000.0,60.0,8.02,610.0,1.67,29.0,1.0,0,0,0,0,1,0,0,1,0,0,0,0,1,0
419000.0,240.0,13.01,733.0,11.36,44.0,2.0,0,0,0,0,1,0,1,0,0,0,0,1,0,0
810000.0,240.0,10.43,673.0,4.24,35.0,1.0,0,0,1,0,0,0,0,0,0,0,0,1,0,0
100000.0,36.0,10.15,639.0,5.33,26.0,1.0,0,0,0,0,0,1,0,0,0,0,1,0,0,0
654000.0,240.0,11.54,723.0,0.0,44.0,2.0,0,0,0,0,1,0,0,0,0,1,0,1,0,0
554000.0,60.0,10.21,731.0,9.53,64.0,3.0,0,0,0,1,0,1,0,0,0,0,1,0,0,0
874000.0,360.0,11.36,655.0,2.8,26.0,0.0,0,1,0,0,0,0,0,0,0,0,0,1,1,0
389000.0,240.0,11.29,713.0,14.96,59.0,1.0,0,0,1,0,0,0,0,1,0,0,0,1,1,0
564000.0,360.0,10.35,656.0,0.0,51.0,3.0,0,0,0,0,0,0,0,1,0,0,0,0,1,0
820000.0,60.0,13.35,683.0,6.23,50.0,3.0,0,0,1,0,0,0,0,0,0,1,0,0,0,1
920000.0,240.0,7.46,721.0,4.8,35.0,0.0,0,0,0,0,0,0,1,0,0,0,0,1,0,1
311000.0,240.0,11.0,685.0,1.3,31.0,4.0,0,1,0,0,0,0,0,1,0,0,1,0,1,0
1073000.0,240.0,12.06,775.0,6.29,32.0,1.0,0,0,0,0,1,1,0,0,0,0,0,0,1,0
281000.0,60.0,12.33,773.0,0.0,32.0,0.0,0,0,0,0,1,0,0,0,0,0,0,0,0,0
649000.0,240.0,8.23,662.0,4.59,50.0,4.0,0,0,0,1,0,1,0,0,0,0,0,0,0,0
173000.0,24.0,12.91,620.0,11.31,29.0,4.0,0,1,0,0,0,0,0,0,0,1,0,1,0,1
100000.0,36.0,11.08,791.0,5.46,23.0,0.0,0,0,0,0,1,0,0,0,0,1,0,1,0,0
100000.0,60.0,12.78,766.0,6.73,42.0,3.0,0,0,0,0,1,0,0,1,0,0,0,1,1,0
866000.0,60.0,10.08,766.0,2.37,64.0,3.0,0,0,0,0,0,0,0,0,0,1,0,1,0,0
316000.0,120.0,12.64,744.0,4.66,50.0,1.0,0,0,0,1,0,0,1,0,0,0,0,0,0,0
834000.0,36.0,12.4,613.0,6.31,49.0,0.0,0,0,0,0,1,0,0,0,0,0,0,0,1,0
389000.0,60.0,11.73,717.0,3.05,53.0,0.0,0,0,0,1,0,0,0,0,0,1,1,0,1,0
389000.0,240.0,9.64,723.0,14.22,37.0,3.0,0,1,0,0,0,1,0,0,0,0,0,0,0,0
557000.0,12.0,10.0,835.0,3.25,58.0,0.0,0,1,0,0,0,0,0,0,1,0,1,0,0,1
300000.0,240.0,11.93,671.0,5.52,27.0,0.0,0,0,1,0,0,0,0,1,0,0,0,1,0,1
498000.0,120.0,10.18,751.0,8.46,31.0,4.0,0,0,0,0,1,0,0,0,0,1,0,0,0,1
100000.0,60.0,10.54,741.0,15.14,59.0,0.0,0,0,0,1,0,0,0,0,1,0,0,1,0,1
360000.0,12.0,10.03,737.0,6.95,42.0,1.0,0,0,0,0,0,0,1,0,0,0,0,1,0,0
132000.0,360.0,11.01,753.0,6.94,51.0,3.0,0,0,0,1,0,0,1,0,0,0,0,1,0,0
100000.0,360.0,9.26,698.0,5.9,27.0,4.0,0,0,0,1,0,0,0,0,0,0,0,1,0,0
726000.0,36.0,12.58,735.0,6.05,55.0,4.0,0,0,0,0,1,0,0,0,0,1,0,1,0,1
193000.0,120.0,9.26,677.0,5.46,62.0,4.0,0,0,0,1,0,0,1,0,0,0,0,1,0,0
718000.0,360.0,8.64,673.0,10.28,25.0,4.0,0,1,0,0,0,0,0,0,0,1,0,1,0,1
1140000.0,120.0,12.79,801.0,3.1,31.0,0.0,0,1,0,0,0,0,0,0,0,1,1,0,0,1
380000.0,120.0,7.93,750.0,8.78,37.0,4.0,0,1,0,0,0,1,0,0,0,0,0,1,1,0
100000.0,12.0,13.16,686.0,11.76,33.0,2.0,0,1,0,0,0,0,1,0,0,0,0,0,1,0
511000.0,240.0,9.83,750.0,5.04,61.0,4.0,0,0,0,0,0,0,0,1,0,0,0,1,0,1
816000.0,240.0,9.7,576.0,10.31,34.0,0.0,0,0,0,1,0,0,0,0,0,1,0,1,0,1
100000.0,120.0,12.39,693.0,3.34,57.0,0.0,0,0,1,0,0,0,0,0,0,0,0,0,0,1
703000.0,60.0,12.58,688.0,1.04,33.0,1.0,0,0,1,0,0,0,0,0,0,0,0,0,1,0
480000.0,240.0,11.38,619.0,0.0,53.0,0.0,0,0,0,0,1,0,0,0,0,1,0,1,1,0
117000.0,360.0,10.5,792.0,1.21,41.0,1.0,0,0,0,0,0,0,0,1,0,0,0,0,0,0
548000.0,120.0,10.88,663.0,0.0,41.0,3.0,0,0,0,1,0,0,0,0,1,0,1,0,0,0
274000.0,240.0,11.03,705.0,6.18,51.0,4.0,0,0,0,0,1,0,0,0,0,1,0,0,0,0
969000.0,12.0,7.17,672.0,2.63,48.0,1.0,0,0,0,1,0,0,0,0,1,0,1,0,0,1
441000.0,36.0,11.33,720.0,3.58,21.0,2.0,0,0,0,1,0,0,0,0,0,0,1,0,0,0
447000.0,360.0,10.09,634.0,12.08,48.0,3.0,0,0,0,1,0,0,0,1,0,0,0,0,0,0
537000.0,12.0,10.81,671.0,2.9,45.0,4.0,0,0,1,0,0,0,1,0,0,0,1,0,0,0
431000.0,240.0,11.59,786.0,8.95,60.0,0.0,0,0,1,0,0,0,0,0,1,0,1,0,0,0
447000.0,120.0,9.21,598.0,8.38,32.0,2.0,0,0,0,0,0,0,1,0,0,0,0,1,1,0
418000.0,60.0,11.05,698.0,5.07,41.0,4.0,0,1,0,0,0,0,0,0,1,0,0,0,0,0
848000.0,120.0,11.19,684.0,9.75,44.0,0.0,0,0,1,0,0,0,0,1,0,0,0,0,0,1
574000.0,240.0,7.86,764.0,18.25,39.0,1.0,0,1,0,0,0,0,0,0,0,0,0,1,1,0
466000.0,12.0,9.84,699.0,10.28,37.0,4.0,0,0,0,0,0,0,1,0,0,0,1,0,1,0
205000.0,60.0,10.35,721.0,6.39,58.0,1.0,0,0,0,0,1,0,0,0,1,0,0,0,0,1
434000.0,240.0,9.82,747.0,13.0,25.0,4.0,0,0,1,0,0,0,0,0,0,1,0,0,0,1
211000.0,120.0,12.18,793.0,5.91,33.0,4.0,1,0,1,0,0,0,0,0,0,1,0,1,0,0
504000.0,360.0,12.01,775.0,1.32,49.0,2.0,0,0,0,1,0,0,0,0,0,0,0,0,0,0
370000.0,120.0,12.03,675.0,0.0,51.0,4.0,0,0,0,0,0,0,0,0,1,0,0,1,0,0
198000.0,240.0,13.12,792.0,5.87,62.0,1.0,0,0,1,0,0,1,0,0,0,0,0,0,1,0
100000.0,240.0,13.11,736.0,11.19,51.0,1.0,0,0,0,0,1,0,0,0,0,1,1,0,0,0
100000.0,36.0,10.8,664.0,5.99,25.0,2.0,0,0,0,0,1,0,0,1,0,0,0,1,0,0
749000.0,12.0,8.48,646.0,3.4,64.0,3.0,0,0,0,1,0,1,0,0,0,0,1,0,1,0
742000.0,360.0,9.65,745.0,17.9,21.0,2.0,0,0,0,0,0,0,1,0,0,0,1,0,0,0
592000.0,12.0,8.65,705.0,2.37,42.0,1.0,0,0,1,0,0,0,1,0,0,0,0,1,0,1
624000.0,12.0,12.08,709.0,3.63,26.0,1.0,0,0,0,0,1,0,1,0,0,0,1,0,0,1
950000.0,60.0,12.0,661.0,9.45,35.0,0.0,0,0,0,0,1,0,0,1,0,0,0,0,1,0
406000.0,60.0,14.72,706.0,8.86,45.0,3.0,0,0,0,0,1,1,0,0,0,0,0,0,0,1
531000.0,36.0,9.54,722.0,5.72,39.0,4.0,0,0,0,0,0,0,0,0,0,0,1,0,1,0
109000.0,360.0,9.9,754.0,8.12,49.0,0.0,0,0,1,0,0,0,0,1,0,0,0,0,1,0
230000.0,36.0,10.06,708.0,5.87,29.0,4.0,0,1,0,0,0,1,0,0,0,0,0,0,1,0
121000.0,24.0,12.69,710.0,4.56,60.0,2.0,0,0,1,0,0,0,0,1,0,0,1,0,0,1
455000.0,120.0,12.7,683.0,0.0,45.0,3.0,0,0,0,1,0,0,1,0,0,0,0,0,0,1
768000.0,360.0,8.07,701.0,0.39,50.0,4.0,0,0,0,0,1,0,0,1,0,0,0,1,0,0
336000.0,60.0,7.51,748.0,11.61,36.0,4.0,0,0,1,0,0,0,0,1,0,0,0,0,1,0
621000.0,240.0,12.44,658.0,2.94,53.0,3.0,0,0,1,0,0,0,0,0,1,0,1,0,0,1
324000.0,120.0,10.55,687.0,5.04,39.0,1.0,0,1,0,0,0,0,0,0,0,1,1,0,0,1
101000.0,36.0,11.43,637.0,10.44,27.0,3.0,0,0,0,1,0,0,1,0,0,0,0,0,0,1
419000.0,120.0,9.22,703.0,11.82,36.0,0.0,0,0,0,1,0,0,0,1,0,0,1,0,0,0
345000.0,12.0,9.71,692.0,4.89,34.0,1.0,0,0,0,0,0,0,0,0,1,0,0,0,0,0
119000.0,360.0,11.87,576.0,4.13,37.0,0.0,0,0,1,0,0,0,0,1,0,0,0,0,0,1
647000.0,240.0,8.69,694.0,3.15,49.0,4.0,0,0,1,0,0,0,0,0,0,1,1,0,1,0
379000.0,60.0,13.16,649.0,9.73,43.0,2.0,0,0,0,0,0,0,0,0,1,0,1,0,0,0
269000.0,36.0,8.34,730.0,10.71,47.0,3.0,0,0,0,1,0,1,0,0,0,0,0,0,0,0
247000.0,360.0,10.39,753.0,1.46,48.0,3.0,1,1,0,0,0,0,0,0,0,1,1,0,1,0
1112000.0,240.0,12.18,748.0,4.05,34.0,2.0,0,1,0,0,0,0,0,0,0,1,0,1,0,0
483000.0,60.0,10.22,750.0,0.0,36.0,2.0,0,0,0,0,0,0,0,0,0,1,0,1,1,0
100000.0,24.0,13.22,708.0,3.37,32.0,0.0,0,0,0,0,1,0,1,0,0,0,0,1,0,0
714000.0,24.0,11.26,673.0,4.39,45.0,2.0,0,0,0,0,0,0,0,0,0,1,0,1,0,0
840000.0,60.0,11.45,738.0,5.72,30.0,0.0,0,0,0,0,0,0,0,0,0,0,0,0,0,1
610000.0,360.0,10.28,627.0,4.83,65.0,1.0,0,0,1,0,0,1,0,0,0,0,0,1,1,0
664000.0,120.0,12.38,696.0,5.17,31.0,3.0,0,0,0,0,1,0,1,0,0,0,0,0,0,1
100000.0,240.0,10.98,678.0,0.0,24.0,4.0,0,0,0,1,0,1,0,0,0,0,0,0,0,0
410000.0,360.0,9.53,767.0,10.0,40.0,4.0,0,0,0,0,0,1,0,0,0,0,1,0,0,1
782000.0,12.0,11.29,684.0,3.61,65.0,0.0,0,0,0,0,0,0,1,0,0,0,0,1,1,0
984000.0,12.0,16.0,742.0,16.02,42.0,2.0,0,0,0,0,0,0,0,0,0,0,0,0,0,1
280000.0,240.0,13.53,662.0,8.15,43.0,2.0,0,0,1,0,0,1,0,0,0,0,0,1,1,0
217000.0,36.0,10.26,787.0,0.14,22.0,4.0,0,0,1,0,0,0,0,0,1,0,0,1,1,0
552000.0,36.0,12.09,655.0,3.83,46.0,3.0,0,0,1,0,0,1,0,0,0,0,0,0,0,0
932000.0,36.0,10.27,594.0,5.93,40.0,2.0,0,0,0,0,1,0,0,0,0,1,0,0,0,0
532000.0,360.0,13.58,684.0,1.81,60.0,2.0,0,0,0,0,0,1,0,0,0,0,1,0,0,0
848000.0,12.0,9.28,694.0,2.12,62.0,1.0,0,1,0,0,0,0,0,0,1,0,1,0,0,1
100000.0,360.0,10.78,717.0,10.77,33.0,4.0,0,1,0,0,0,1,0,0,0,0,0,1,0,1
474000.0,24.0,9.5,706.0,3.44,46.0,2.0,0,1,0,0,0,0,0,0,0,0,1,0,0,0
187000.0,240.0,8.58,701.0,11.15,58.0,4.0,0,0,0,1,0,0,1,0,0,0,1,0,0,1
766000.0,24.0,9.1,766.0,4.46,35.0,2.0,0,0,0,0,0,0,0,0,0,0,0,0,0,1
672000.0,36.0,14.65,717.0,7.37,54.0,0.0,0,1,0,0,0,0,0,0,0,0,0,0,1,0
880000.0,12.0,7.76,690.0,3.31,35.0,4.0,0,0,1,0,0,0,0,0,1,0,0,1,0,1
336000.0,36.0,10.56,635.0,14.44,52.0,1.0,0,1,0,0,0,0,1,0,0,0,1,0,1,0
100000.0,240.0,10.65,780.0,10.41,61.0,4.0,0,0,0,0,0,0,1,0,0,0,1,0,0,1
373000.0,36.0,11.3,720.0,7.6,43.0,3.0,0,0,0,0,1,0,0,0,1,0,0,1,0,1
820000.0,12.0,8.83,764.0,10.34,27.0,1.0,0,0,0,0,1,0,0,0,1,0,0,1,0,1
328000.0,60.0,9.26,718.0,1.83,37.0,4.0,0,0,1,0,0,0,0,0,0,1,0,0,0,1
643000.0,360.0,10.11,745.0,8.89,25.0,4.0,0,0,0,1,0,0,0,0,0,1,0,1,0,0
217000.0,24.0,7.0,733.0,2.36,58.0,1.0,0,0,0,1,0,0,1,0,0,0,0,1,1,0
490000.0,60.0,9.92,772.0,0.0,28.0,3.0,0,0,1,0,0,1,0,0,0,0,1,0,1,0
703000.0,60.0,8.22,608.0,4.47,61.0,4.0,0,0,0,1,0,0,0,0,0,0,0,0,1,0
198000.0,120.0,8.09,679.0,2.15,34.0,4.0,0,0,1,0,0,0,0,1,0,0,0,1,0,0
482000.0,12.0,12.52,811.0,4.37,48.0,2.0,0,0,0,0,1,0,0,0,1,0,0,0,0,0
739000.0,60.0,12.7,665.0,6.96,40.0,0.0,0,0,1,0,0,1,0,0,0,0,0,1,0,1
749000.0,60.0,15.43,709.0,10.39,36.0,4.0,0,0,0,0,1,0,0,0,1,0,0,0,0,0
752000.0,360.0,8.39,684.0,4.15,25.0,3.0,0,0,1,0,0,0,0,0,0,0,0,0,0,1
1204000.0,360.0,14.86,780.0,3.83,53.0,4.0,0,0,0,0,0,1,0,0,0,0,1,0,0,1
690000.0,24.0,11.3,678.0,8.6,29.0,2.0,0,1,0,0,0,0,0,0,0,1,0,0,0,0
751000.0,60.0,13.48,631.0,1.44,24.0,4.0,0,0,0,1,0,0,1,0,0,0,1,0,0,0
1008000.0,360.0,11.65,770.0,20.05,64.0,2.0,0,0,0,0,0,0,1,0,0,0,0,1,1,0
652000.0,120.0,7.0,654.0,15.0,57.0,1.0,0,0,0,0,0,0,0,0,1,0,0,0,0,1
100000.0,24.0,10.25,690.0,9.5,47.0,3.0,0,0,0,0,0,1,0,0,0,0,1,0,0,1
200000.0,120.0,11.57,610.0,0.0,59.0,2.0,0,1,0,0,0,0,0,0,0,1,1,0,1,0
370000.0,240.0,10.22,682.0,4.55,43.0,2.0,0,0,0,0,1,0,0,0,0,0,0,1,1,0
132000.0,120.0,8.99,715.0,0.67,65.0,4.0,0,1,0,0,0,0,0,1,0,0,0,0,1,0
803000.0,24.0,14.8,718.0,19.64,56.0,2.0,0,1,0,0,0,0,0,0,0,0,0,1,0,0
482000.0,12.0,9.61,701.0,6.65,22.0,3.0,0,0,0,0,0,0,0,0,1,0,0,0,0,1
197000.0,360.0,11.32,704.0,17.79,52.0,2.0,0,0,1,0,0,0,1,0,0,0,0,1,1,0
519000.0,240.0,9.68,746.0,6.34,61.0,1.0,0,0,0,1,0,0,0,0,0,0,1,0,0,0
222000.0,60.0,13.78,679.0,2.7,62.0,0.0,0,1,0,0,0,0,0,0,0,1,0,0,0,0
402000.0,24.0,14.61,831.0,3.58,40.0,2.0,0,0,1,0,0,0,0,1,0,0,1,0,1,0
768000.0,240.0,12.74,718.0,10.86,64.0,2.0,0,0,0,0,1,0,0,0,0,1,1,0,0,0
690000.0,24.0,8.51,815.0,4.77,51.0,4.0,0,0,1,0,0,1,0,0,0,0,0,0,1,0
100000.0,120.0,9.51,689.0,1.29,63.0,0.0,0,1,0,0,0,1,0,0,0,0,0,1,0,1
184000.0,240.0,9.13,619.0,8.11,43.0,0.0,0,1,0,0,0,0,1,0,0,0,0,0,0,0
924000.0,60.0,11.52,688.0,3.41,59.0,0.0,0,0,0,1,0,0,0,0,0,1,0,0,1,0
383000.0,120.0,8.88,689.0,13.75,45.0,4.0,0,1,0,0,0,0,0,0,0,0,0,1,1,0
100000.0,120.0,8.7,697.0,8.99,54.0,4.0,0,1,0,0,0,0,0,0,1,0,0,0,1,0
546000.0,60.0,10.67,775.0,4.11,38.0,4.0,0,0,0,0,0,0,0,0,0,1,0,0,0,0
517000.0,120.0,8.52,665.0,1.45,56.0,1.0,0,0,0,1,0,0,0,0,0,1,1,0,1,0
610000.0,360.0,9.74,737.0,5.25,39.0,1.0,0,0,0,0,1,0,0,0,0,0,0,0,0,1
828000.0,360.0,7.0,715.0,9.78,44.0,2.0,1,0,0,0,0,0,1,0,0,0,0,1,0,0
255000.0,240.0,10.69,623.0,6.41,48.0,1.0,0,1,0,0,0,0,0,0,1,0,0,0,1,0
178000.0,36.0,8.41,715.0,0.25,57.0,1.0,0,0,0,1,0,0,0,1,0,0,0,1,0,1
287000.0,120.0,9.33,727.0,11.39,62.0,1.0,0,0,1,0,0,0,1,0,0,0,1,0,0,1
897000.0,24.0,10.37,702.0,5.3,47.0,0.0,0,0,0,1,0,0,1,0,0,0,1,0,0,0
441000.0,60.0,8.73,721.0,4.67,35.0,0.0,0,0,1,0,0,0,0,0,0,0,0,1,1,0
850000.0,360.0,12.13,674.0,3.16,63.0,3.0,0,0,1,0,0,0,0,1,0,0,0,1,0,1
872000.0,360.0,8.5,581.0,5.84,29.0,4.0,0,0,0,0,0,1,0,0,0,0,1,0,1,0
463000.0,60.0,10.84,653.0,5.39,37.0,0.0,0,0,0,1,0,0,0,1,0,0,1,0,1,0
767000.0,360.0,9.83,747.0,6.58,62.0,1.0,0,1,0,0,0,0,1,0,0,0,1,0,0,0
531000.0,24.0,12.41,676.0,0.65,25.0,3.0,0,0,0,1,0,0,0,1,0,0,1,0,0,0
475000.0,360.0,10.05,624.0,15.41,57.0,2.0,0,1,0,0,0,0,1,0,0,0,0,1,0,1
100000.0,12.0,10.92,631.0,2.48,48.0,0.0,0,0,0,1,0,0,0,0,0,1,0,0,1,0
736000.0,240.0,10.43,737.0,10.5,41.0,1.0,0,0,0,0,1,0,0,1,0,0,0,0,0,1
1017000.0,240.0,11.63,734.0,3.31,54.0,2.0,0,0,1,0,0,0,0,0,0,1,0,1,1,0
380000.0,12.0,9.73,697.0,0.0,36.0,1.0,0,0,0,1,0,0,0,0,1,0,0,0,0,0
607000.0,360.0,8.23,660.0,9.74,28.0,3.0,0,1,0,0,0,0,0,0,1,0,1,0,0,1
555000.0,240.0,9.48,658.0,12.69,61.0,1.0,0,1,0,0,0,0,1,0,0,0,1,0,0,0
344000.0,24.0,7.0,705.0,14.36,56.0,1.0,0,0,0,0,1,1,0,0,0,0,1,0,0,0
685000.0,240.0,9.14,680.0,3.13,51.0,0.0,0,1,0,0,0,0,0,0,0,0,0,0,0,1
391000.0,240.0,13.82,731.0,2.05,44.0,3.0,0,0,0,0,1,0,0,1,0,0,0,0,0,1
901000.0,120.0,11.77,641.0,1.74,22.0,1.0,0,1,0,0,0,0,0,0,0,0,1,0,0,1
781000.0,240.0,10.66,684.0,2.9,39.0,0.0,0,0,1,0,0,1,0,0,0,0,0,1,1,0
943000.0,240.0,10.72,702.0,1.01,53.0,3.0,0,1,0,0,0,0,1,0,0,0,0,0,0,1
735000.0,12.0,12.23,694.0,9.52,43.0,1.0,0,0,0,1,0,0,1,0,0,0,0,0,0,0
481000.0,60.0,12.92,702.0,0.0,46.0,4.0,0,0,0,0,1,0,0,0,1,0,0,1,0,0
401000.0,24.0,11.41,680.0,2.37,25.0,4.0,0,0,0,0,0,0,1,0,0,0,1,0,0,0
161000.0,240.0,9.25,650.0,4.06,28.0,0.0,0,0,0,0,0,0,1,0,0,0,0,0,1,0
601000.0,60.0,11.89,670.0,10.1,55.0,3.0,0,1,0,0,0,0,1,0,0,0,1,0,0,1
704000.0,36.0,9.62,669.0,11.82,62.0,1.0,0,1,0,0,0,0,0,0,1,0,1,0,0,1
286000.0,12.0,8.86,735.0,8.23,39.0,1.0,1,0,0,0,0,0,0,0,0,1,0,1,0,0
1159000.0,360.0,15.3,748.0,9.12,26.0,0.0,0,0,0,0,1,0,0,1,0,0,0,1,0,0
743000.0,120.0,11.82,699.0,15.11,22.0,1.0,0,0,1,0,0,0,0,0,1,0,0,1,0,1
685000.0,60.0,9.68,680.0,4.17,30.0,4.0,0,0,0,0,1,1,0,0,0,0,0,1,0,1
932000.0,60.0,8.75,619.0,5.56,54.0,2.0,0,0,1,0,0,0,0,0,0,1,1,0,1,0
483000.0,24.0,11.88,685.0,5.51,55.0,2.0,0,0,0,1,0,1,0,0,0,0,0,0,0,0
498000.0,60.0,9.11,666.0,8.59,21.0,3.0,0,0,0,0,0,0,0,1,0,0,0,0,0,0
339000.0,60.0,11.49,625.0,3.29,51.0,1.0,0,1,0,0,0,0,1,0,0,0,0,0,0,0
250000.0,240.0,12.77,756.0,9.27,55.0,0.0,0,0,0,0,1,0,0,0,0,0,0,1,1,0
620000.0,360.0,11.37,690.0,5.46,41.0,1.0,0,0,0,0,0,1,0,0,0,0,0,1,0,0
437000.0,12.0,12.93,760.0,0.68,45.0,3.0,0,0,0,0,1,1,0,0,0,0,0,0,0,0
100000.0,360.0,7.47,707.0,6.57,48.0,2.0,0,0,0,0,0,0,0,0,1,0,0,0,0,0
100000.0,120.0,9.3,645.0,4.31,21.0,2.0,0,0,0,0,0,1,0,0,0,0,0,0,0,0
188000.0,36.0,11.86,767.0,5.0,47.0,1.0,0,0,0,1,0,0,0,0,0,1,0,1,1,0
233000.0,12.0,11.74,643.0,1.89,36.0,4.0,0,0,0,0,0,0,0,0,0,1,0,1,0,1
100000.0,36.0,8.94,714.0,1.64,62.0,1.0,0,0,1,0,0,0,1,0,0,0,0,1,0,0
620000.0,240.0,11.94,808.0,2.07,34.0,2.0,0,1,0,0,0,0,0,1,0,0,1,0,0,1
406000.0,24.0,8.81,676.0,11.7,36.0,1.0,0,0,0,0,0,0,0,0,0,1,0,0,0,1
154000.0,12.0,12.0,723.0,17.13,27.0,1.0,0,0,0,0,0,1,0,0,0,0,1,0,0,1
100000.0,120.0,13.66,669.0,7.72,53.0,1.0,0,0,1,0,0,0,0,0,0,0,1,0,1,0
642000.0,240.0,10.42,664.0,4.13,44.0,4.0,0,0,0,0,1,0,0,0,0,0,0,1,1,0
100000.0,240.0,13.12,675.0,6.19,64.0,0.0,0,0,0,0,0,0,0,1,0,0,0,0,1,0
315000.0,360.0,12.83,740.0,0.0,61.0,2.0,0,1,0,0,0,0,0,0,1,0,1,0,1,0
230000.0,60.0,10.92,706.0,5.63,29.0,1.0,0,0,0,0,1,0,1,0,0,0,1,0,0,0
468000.0,60.0,12.49,637.0,3.76,41.0,1.0,0,0,0,0,0,0,0,0,0,0,0,1,1,0
321000.0,120.0,12.22,694.0,0.0,56.0,2.0,0,0,0,0,1,0,0,1,0,0,1,0,0,1
104000.0,60.0,12.53,745.0,1.78,24.0,3.0,0,0,0,0,1,0,0,0,0,1,0,0,0,0
503000.0,36.0,10.36,672.0,9.75,55.0,1.0,0,0,1,0,0,0,0,0,1,0,0,1,1,0
391000.0,60.0,7.0,745.0,0.0,44.0,4.0,0,0,0,1,0,1,0,0,0,0,0,0,1,0
847000.0,24.0,10.59,658.0,7.76,51.0,0.0,0,0,0,0,1,0,0,0,0,1,0,1,0,1
151000.0,36.0,8.35,730.0,9.52,30.0,2.0,0,0,0,0,0,0,0,1,0,0,1,0,0,0
185000.0,120.0,8.63,613.0,11.91,29.0,4.0,0,0,0,1,0,0,0,0,0,0,0,0,0,0
490000.0,360.0,7.45,690.0,1.36,23.0,4.0,0,0,1,0,0,0,1,0,0,0,0,0,0,0
404000.0,120.0,14.19,709.0,2.84,42.0,0.0,0,0,0,1,0,0,0,0,1,0,1,0,0,1
749000.0,12.0,12.11,659.0,5.23,45.0,3.0,0,0,0,0,0,0,1,0,0,0,0,0,0,0
147000.0,12.0,8.79,724.0,10.02,43.0,1.0,0,0,0,0,0,0,0,0,0,0,0,1,0,0
284000.0,12.0,8.54,758.0,12.57,38.0,1.0,0,0,0,0,0,1,0,0,0,0,0,1,1,0
765000.0,120.0,12.75,728.0,4.92,54.0,0.0,0,0,0,0,1,0,0,1,0,0,0,1,1,0
859000.0,36.0,13.67,695.0,11.79,51.0,0.0,0,0,0,0,1,0,0,0,1,0,0,0,0,0
100000.0,12.0,9.85,648.0,0.0,32.0,0.0,0,0,1,0,0,0,0,0,1,0,0,0,1,0
137000.0,24.0,7.0,659.0,6.18,64.0,1.0,0,0,0,0,0,0,0,0,1,0,1,0,0,1
539000.0,12.0,10.76,706.0,6.17,37.0,2.0,0,0,1,0,0,0,0,0,1,0,0,0,1,0
100000.0,60.0,8.11,659.0,11.71,23.0,3.0,0,0,1,0,0,0,0,1,0,0,0,0,0,1
1000000.0,24.0,8.6,629.0,0.0,33.0,3.0,0,0,0,0,1,1,0,0,0,0,0,1,0,1
839000.0,240.0,10.65,672.0,7.46,37.0,1.0,0,0,0,1,0,0,0,0,1,0,1,0,1,0
484000.0,60.0,8.21,763.0,8.35,55.0,4.0,0,0,0,0,0,1,0,0,0,0,0,0,0,1
417000.0,60.0,7.48,787.0,8.51,31.0,3.0,0,0,0,0,0,0,0,0,0,0,1,0,0,0
100000.0,24.0,8.66,744.0,8.19,36.0,0.0,0,1,0,0,0,0,0,0,1,0,0,1,0,0
724000.0,24.0,13.71,779.0,7.51,32.0,3.0,0,0,0,0,1,0,0,0,1,0,0,0,0,1
667000.0,36.0,10.47,691.0,4.3,63.0,0.0,0,0,0,0,0,1,0,0,0,0,0,0,0,1
237000.0,24.0,7.28,682.0,5.99,43.0,3.0,0,1,0,0,0,1,0,0,0,0,1,0,0,1
100000.0,360.0,7.0,741.0,2.13,35.0,3.0,0,1,0,0,0,1,0,0,0,0,0,1,1,0
482000.0,120.0,11.87,689.0,4.38,47.0,1.0,0,0,0,0,1,0,0,0,1,0,1,0,1,0
100000.0,360.0,10.58,700.0,5.41,44.0,4.0,0,0,0,0,0,0,0,0,0,1,1,0,0,0
100000.0,60.0,11.58,673.0,14.93,45.0,4.0,0,1,0,0,0,0,0,0,1,0,0,1,0,0
409000.0,120.0,9.61,777.0,17.28,38.0,4.0,0,0,1,0,0,0,0,0,1,0,0,0,0,0
331000.0,240.0,9.36,661.0,4.67,30.0,1.0,0,1,0,0,0,0,1,0,0,0,0,0,0,0
881000.0,60.0,10.93,698.0,0.0,57.0,1.0,0,0,0,1,0,0,0,1,0,0,0,1,1,0
538000.0,36.0,10.41,676.0,4.86,30.0,2.0,0,0,0,0,0,0,0,0,0,1,0,1,0,0
690000.0,60.0,7.9,728.0,10.72,56.0,2.0,0,0,0,0,0,1,0,0,0,0,0,0,1,0
619000.0,120.0,13.54,706.0,7.01,50.0,2.0,0,0,0,0,1,0,0,0,0,1,0,1,1,0
833000.0,360.0,13.63,683.0,9.45,58.0,1.0,0,0,1,0,0,1,0,0,0,0,0,1,0,1
830000.0,60.0,11.15,693.0,0.0,27.0,1.0,0,0,0,1,0,0,0,1,0,0,0,1,0,0
701000.0,360.0,10.33,661.0,4.6,64.0,4.0,0,1,0,0,0,0,1,0,0,0,0,0,0,0
916000.0,60.0,10.33,792.0,10.42,23.0,4.0,0,0,0,1,0,0,0,0,1,0,1,0,1,0
844000.0,24.0,14.68,732.0,12.34,65.0,1.0,0,0,1,0,0,0,0,1,0,0,0,0,1,0
279000.0,36.0,9.93,730.0,8.44,58.0,0.0,0,0,0,0,0,1,0,0,0,0,0,1,0,1
668000.0,240.0,11.44,747.0,9.04,23.0,3.0,0,0,1,0,0,0,0,1,0,0,1,0,0,0
532000.0,12.0,9.88,739.0,20.16,39.0,3.0,0,0,0,0,0,0,0,0,1,0,1,0,0,0
506000.0,36.0,8.68,759.0,0.0,46.0,4.0,0,0,0,1,0,0,0,0,0,0,0,1,0,1
1183000.0,60.0,12.09,713.0,3.68,57.0,3.0,0,0,1,0,0,1,0,0,0,0,0,1,0,0
264000.0,120.0,9.04,594.0,9.41,44.0,4.0,0,0,0,0,1,0,1,0,0,0,1,0,0,1
508000.0,12.0,7.46,722.0,0.35,42.0,0.0,0,0,0,0,0,0,0,0,0,1,0,1,1,0
179000.0,120.0,12.16,737.0,0.0,50.0,1.0,1,0,0,1,0,0,1,0,0,0,0,1,1,0
618000.0,360.0,8.91,687.0,0.0,28.0,4.0,0,0,0,1,0,0,0,0,0,0,0,0,0,0
735000.0,36.0,12.78,762.0,9.0,24.0,4.0,0,1,0,0,0,0,1,0,0,0,0,1,0,1
706000.0,24.0,9.34,699.0,12.3,36.0,4.0,0,0,0,0,0,0,0,0,0,0,0,1,0,1
1047000.0,360.0,10.98,708.0,17.48,37.0,0.0,0,1,0,0,0,0,0,0,0,1,0,0,1,0
364000.0,240.0,9.21,729.0,17.06,41.0,0.0,0,0,0,0,0,0,0,1,0,0,0,0,0,1
774000.0,12.0,7.56,709.0,0.15,45.0,4.0,0,0,0,0,1,0,0,0,0,0,0,0,1,0
364000.0,24.0,7.36,717.0,6.04,49.0,1.0,0,0,1,0,0,1,0,0,0,0,0,1,0,1
696000.0,240.0,11.68,694.0,5.89,50.0,4.0,0,1,0,0,0,0,1,0,0,0,0,0,0,0
1024000.0,120.0,10.13,715.0,0.46,47.0,0.0,0,0,0,0,0,0,0,0,1,0,0,0,0,1
756000.0,60.0,9.48,744.0,7.88,52.0,1.0,0,0,0,0,1,1,0,0,0,0,1,0,0,1
100000.0,60.0,11.89,729.0,1.69,34.0,1.0,0,0,0,0,1,1,0,0,0,0,0,1,0,1
708000.0,36.0,10.9,676.0,7.71,26.0,2.0,0,0,0,0,0,1,0,0,0,0,1,0,0,1
316000.0,24.0,10.63,630.0,6.71,42.0,4.0,0,0,0,0,1,0,0,0,0,1,0,1,0,1
908000.0,12.0,8.21,660.0,12.06,40.0,0.0,0,0,1,0,0,0,0,0,1,0,0,0,0,0
100000.0,60.0,7.78,684.0,1.62,41.0,0.0,0,0,0,0,1,0,0,0,0,1,0,0,0,0
1083000.0,60.0,8.51,677.0,19.59,21.0,2.0,0,1,0,0,0,0,0,0,0,1,0,0,0,1
100000.0,240.0,10.78,764.0,2.1,52.0,2.0,0,0,0,0,0,0,1,0,0,0,1,0,0,0
100000.0,60.0,10.35,698.0,0.52,48.0,2.0,0,0,0,1,0,0,1,0,0,0,1,0,0,1
358000.0,240.0,10.98,711.0,8.38,38.0,4.0,0,1,0,0,0,0,0,0,0,1,1,0,0,0
635000.0,12.0,11.44,694.0,2.65,57.0,4.0,0,0,0,0,1,0,0,0,0,1,0,1,0,0
467000.0,120.0,8.43,696.0,7.29,28.0,0.0,0,0,1,0,0,0,0,0,0,0,0,1,1,0
929000.0,360.0,10.41,687.0,3.31,47.0,3.0,0,0,0,1,0,0,0,1,0,0,1,0,0,0
696000.0,240.0,13.4,716.0,2.86,48.0,4.0,0,0,1,0,0,0,0,0,0,1,1,0,0,0
100000.0,240.0,7.0,762.0,8.92,49.0,0.0,0,0,1,0,0,0,0,0,0,0,0,0,0,1
779000.0,24.0,7.38,752.0,9.28,21.0,4.0,0,0,0,0,0,0,1,0,0,0,1,0,0,0
705000.0,360.0,11.38,750.0,1.93,55.0,1.0,0,0,0,0,1,0,0,0,1,0,1,0,0,0
394000.0,12.0,9.34,744.0,5.44,43.0,2.0,0,0,1,0,0,0,0,0,0,1,0,1,0,1
488000.0,120.0,11.22,632.0,5.21,64.0,4.0,0,0,0,0,0,0,1,0,0,0,1,0,0,1
761000.0,24.0,13.2,712.0,0.31,25.0,4.0,0,0,0,0,0,0,0,0,1,0,0,1,1,0
931000.0,60.0,9.44,705.0,2.14,50.0,3.0,0,1,0,0,0,1,0,0,0,0,1,0,0,0
807000.0,60.0,11.08,712.0,1.46,61.0,1.0,0,0,0,0,1,0,1,0,0,0,1,0,0,0
435000.0,12.0,10.36,695.0,15.35,58.0,0.0,0,1,0,0,0,0,0,0,0,1,1,0,0,1
476000.0,120.0,8.0,753.0,0.26,22.0,0.0,0,0,0,0,0,0,0,0,1,0,1,0,0,0
733000.0,24.0,14.23,820.0,6.33,63.0,0.0,0,1,0,0,0,0,0,1,0,0,0,0,1,0
370000.0,24.0,12.41,668.0,17.57,41.0,0.0,0,0,0,1,0,0,0,1,0,0,0,1,1,0
107000.0,360.0,9.14,689.0,5.71,46.0,0.0,0,1,0,0,0,0,1,0,0,0,0,0,1,0
331000.0,120.0,12.1,742.0,6.68,23.0,4.0,0,1,0,0,0,0,0,1,0,0,0,0,0,0
601000.0,240.0,8.6,656.0,9.92,53.0,2.0,0,0,0,1,0,0,0,0,1,0,1,0,0,0
406000.0,24.0,10.68,648.0,1.6,26.0,1.0,0,1,0,0,0,0,1,0,0,0,1,0,0,0
363000.0,120.0,10.26,655.0,5.69,27.0,1.0,0,1,0,0,0,0,0,0,0,0,0,0,1,0
342000.0,240.0,10.06,645.0,0.0,30.0,4.0,0,0,0,1,0,0,0,0,0,1,1,0,1,0
567000.0,240.0,12.11,663.0,0.0,61.0,3.0,0,0,0,0,0,1,0,0,0,0,1,0,1,0
110000.0,240.0,11.72,679.0,8.76,26.0,3.0,0,0,0,0,0,0,0,0,0,1,0,1,1,0
617000.0,12.0,13.66,747.0,19.12,34.0,2.0,0,0,0,1,0,0,1,0,0,0,0,0,1,0
319000.0,12.0,10.43,681.0,6.0,23.0,2.0,0,0,0,0,1,0,0,0,0,1,1,0,1,0
460000.0,12.0,13.38,612.0,2.54,33.0,2.0,0,0,1,0,0,0,0,1,0,0,0,0,0,0
573000.0,60.0,7.0,735.0,5.97,55.0,3.0,0,0,0,0,0,0,1,0,0,0,0,1,0,1
461000.0,36.0,11.99,752.0,2.17,63.0,2.0,0,0,1,0,0,0,0,0,0,0,1,0,0,0
100000.0,240.0,9.88,701.0,7.78,63.0,1.0,0,1,0,0,0,0,0,1,0,0,1,0,0,1
1242000.0,240.0,10.91,675.0,2.95,56.0,2.0,0,1,0,0,0,0,0,0,0,1,0,1,1,0
274000.0,24.0,12.02,627.0,2.01,27.0,0.0,0,1,0,0,0,0,0,0,1,0,1,0,0,0
409000.0,120.0,11.92,785.0,3.02,62.0,3.0,0,0,0,0,1,0,0,1,0,0,0,0,0,1
653000.0,24.0,7.04,677.0,2.4,28.0,4.0,0,0,0,1,0,1,0,0,0,0,0,1,0,0
666000.0,60.0,9.76,759.0,0.0,29.0,1.0,0,0,0,1,0,0,0,0,0,0,0,1,0,0
300000.0,60.0,13.15,727.0,2.86,23.0,2.0,0,0,0,0,1,0,0,0,1,0,0,1,0,0
412000.0,360.0,13.05,660.0,1.94,46.0,4.0,0,0,1,0,0,0,0,1,0,0,0,1,1,0
285000.0,240.0,12.0,682.0,7.11,51.0,3.0,0,0,0,0,0,0,0,0,0,0,0,1,1,0
992000.0,360.0,14.61,724.0,4.75,50.0,2.0,0,1,0,0,0,0,0,0,0,0,1,0,0,0
429000.0,24.0,10.46,631.0,13.82,23.0,1.0,0,0,0,0,1,0,0,0,1,0,1,0,0,0
555000.0,60.0,11.81,803.0,2.58,31.0,1.0,0,0,0,1,0,0,0,1,0,0,0,0,0,0
262000.0,24.0,12.08,716.0,5.75,22.0,3.0,0,0,0,0,0,0,0,0,0,1,0,0,0,1
862000.0,24.0,13.47,671.0,8.71,57.0,4.0,0,0,0,0,1,0,1,0,0,0,0,0,0,0
425000.0,12.0,9.89,699.0,2.34,56.0,2.0,0,0,0,0,1,0,0,0,0,0,0,0,1,0
139000.0,12.0,9.11,738.0,0.0,60.0,3.0,0,1,0,0,0,0,0,0,0,1,1,0,0,1
486000.0,120.0,11.36,764.0,2.72,33.0,2.0,0,0,0,1,0,0,0,0,0,0,0,0,0,0
476000.0,120.0,12.16,747.0,14.96,61.0,2.0,0,0,0,0,1,0,0,1,0,0,0,0,1,0
335000.0,60.0,9.52,649.0,3.92,40.0,3.0,0,1,0,0,0,0,0,0,0,1,0,0,0,0
509000.0,240.0,12.07,715.0,6.26,55.0,4.0,0,1,0,0,0,0,1,0,0,0,0,1,1,0
296000.0,240.0,7.33,642.0,7.33,53.0,1.0,0,0,1,0,0,0,0,0,0,1,0,0,0,1
364000.0,12.0,10.12,732.0,11.17,48.0,1.0,0,0,0,0,0,0,0,0,0,1,1,0,0,0
508000.0,120.0,8.2,656.0,3.92,64.0,1.0,0,0,0,1,0,0,0,0,1,0,0,0,0,1
275000.0,24.0,12.33,738.0,3.27,51.0,3.0,0,1,0,0,0,0,0,1,0,0,1,0,1,0
454000.0,120.0,7.87,631.0,17.61,58.0,0.0,0,0,0,1,0,1,0,0,0,0,0,0,1,0
319000.0,24.0,9.45,690.0,8.82,42.0,3.0,0,0,0,1,0,0,0,0,1,0,1,0,0,1
222000.0,12.0,9.57,708.0,10.2,32.0,3.0,0,0,0,0,1,1,0,0,0,0,1,0,1,0
565000.0,120.0,14.78,639.0,0.0,26.0,3.0,0,0,0,1,0,0,1,0,0,0,0,1,0,1
531000.0,360.0,12.3,708.0,1.83,24.0,0.0,1,0,0,0,1,0,0,0,1,0,0,0,1,0
449000.0,24.0,9.02,690.0,17.0,27.0,0.0,1,0,0,0,1,0,0,0,0,0,0,1,0,1
411000.0,12.0,10.7,617.0,0.0,47.0,2.0,0,0,0,0,1,0,1,0,0,0,0,0,1,0
534000.0,36.0,8.11,743.0,2.98,28.0,4.0,0,1,0,0,0,0,0,0,0,1,0,0,1,0
100000.0,120.0,13.38,655.0,5.14,27.0,4.0,0,0,0,0,1,0,0,0,0,1,1,0,0,1
516000.0,24.0,8.8,639.0,1.59,56.0,4.0,0,0,0,1,0,0,1,0,0,0,0,0,1,0
378000.0,24.0,10.16,756.0,6.67,26.0,1.0,0,1,0,0,0,0,1,0,0,0,0,1,1,0
555000.0,24.0,14.08,660.0,0.0,23.0,1.0,0,1,0,0,0,0,0,1,0,0,1,0,1,0
100000.0,24.0,10.53,608.0,9.85,49.0,0.0,0,1,0,0,0,0,0,1,0,0,0,0,0,0
162000.0,60.0,7.83,734.0,9.16,39.0,1.0,0,0,0,1,0,0,0,0,0,0,1,0,0,1
340000.0,240.0,11.06,743.0,3.93,29.0,1.0,0,0,0,0,1,0,0,0,0,1,0,1,0,1
927000.0,360.0,11.02,580.0,4.74,42.0,2.0,0,0,0,1,0,0,1,0,0,0,1,0,0,1
100000.0,60.0,10.36,756.0,8.33,26.0,1.0,0,0,0,0,0,1,0,0,0,0,0,1,0,0
470000.0,12.0,11.79,751.0,6.21,50.0,0.0,0,0,1,0,0,0,1,0,0,0,0,0,1,0
292000.0,24.0,12.7,604.0,13.0,64.0,0.0,0,1,0,0,0,0,0,1,0,0,1,0,0,1
433000.0,36.0,10.32,744.0,6.5,59.0,1.0,0,0,0,0,0,0,0,0,1,0,0,1,0,1
1026000.0,360.0,7.0,685.0,18.11,30.0,3.0,0,0,0,0,1,0,0,0,0,0,1,0,0,0
707000.0,12.0,9.87,664.0,4.43,59.0,2.0,0,1,0,0,0,0,0,0,0,1,1,0,0,1
366000.0,120.0,12.85,694.0,12.24,22.0,1.0,0,0,1,0,0,0,0,1,0,0,0,0,0,0
956000.0,24.0,12.21,732.0,19.5,38.0,1.0,0,1,0,0,0,0,0,1,0,0,0,1,0,1
648000.0,240.0,9.13,772.0,1.1,42.0,2.0,0,0,0,1,0,0,0,1,0,0,1,0,1,0
254000.0,36.0,8.27,684.0,6.92,40.0,3.0,0,0,1,0,0,0,0,1,0,0,1,0,0,0
651000.0,12.0,10.9,670.0,2.5,60.0,2.0,0,1,0,0,0,0,0,0,0,0,0,0,1,0
1004000.0,36.0,8.34,664.0,10.22,22.0,1.0,0,0,1,0,0,0,0,0,1,0,0,0,1,0
283000.0,12.0,11.35,645.0,4.87,23.0,1.0,0,0,1,0,0,0,0,0,0,1,0,0,0,0
706000.0,24.0,10.73,662.0,9.11,63.0,3.0,0,1,0,0,0,0,0,0,1,0,1,0,0,0
483000.0,360.0,10.87,637.0,12.27,38.0,0.0,0,0,0,0,1,0,0,0,0,1,0,0,1,0
435000.0,360.0,12.42,725.0,4.48,53.0,3.0,0,0,0,0,1,0,1,0,0,0,0,1,0,0
527000.0,36.0,10.27,602.0,7.59,35.0,0.0,0,0,0,0,0,1,0,0,0,0,0,1,1,0
100000.0,360.0,12.01,687.0,1.32,24.0,4.0,0,0,0,1,0,0,0,1,0,0,1,0,1,0
429000.0,240.0,8.79,637.0,1.76,24.0,1.0,0,0,0,0,1,0,0,0,0,1,0,0,1,0
724000.0,120.0,10.0,615.0,6.53,53.0,1.0,0,0,1,0,0,0,1,0,0,0,1,0,0,1
811000.0,120.0,9.45,711.0,8.63,48.0,1.0,0,1,0,0,0,0,0,0,0,1,1,0,0,0
371000.0,120.0,10.23,656.0,2.21,50.0,0.0,0,0,0,0,0,1,0,0,0,0,1,0,0,0
266000.0,24.0,10.22,702.0,10.15,58.0,3.0,0,0,0,1,0,0,0,1,0,0,0,0,1,0
493000.0,360.0,12.84,706.0,4.77,33.0,1.0,0,0,0,0,0,0,0,0,0,1,0,1,0,1
100000.0,60.0,11.12,755.0,0.0,63.0,0.0,0,1,0,0,0,0,0,0,0,1,0,1,0,1
1207000.0,24.0,9.88,697.0,6.34,39.0,0.0,0,0,0,0,0,0,0,1,0,0,1,0,0,1
700000.0,360.0,10.27,718.0,2.91,44.0,0.0,0,1,0,0,0,0,0,0,1,0,0,1,0,0
164000.0,36.0,10.77,694.0,2.38,57.0,1.0,0,0,0,0,0,0,0,0,0,1,0,0,1,0
287000.0,120.0,10.66,689.0,5.31,54.0,1.0,0,0,0,0,0,0,1,0,0,0,1,0,1,0
582000.0,36.0,10.66,691.0,14.0,38.0,0.0,0,0,0,0,1,0,1,0,0,0,0,0,0,1
769000.0,240.0,10.87,652.0,9.29,56.0,3.0,0,0,0,0,0,0,0,0,0,0,1,0,0,0
671000.0,36.0,7.0,650.0,5.83,39.0,0.0,0,0,0,0,0,0,0,0,0,1,0,0,0,0
897000.0,60.0,12.23,727.0,3.87,56.0,2.0,0,0,0,1,0,0,1,0,0,0,1,0,0,1
186000.0,240.0,10.97,705.0,6.34,28.0,4.0,0,0,0,0,0,1,0,0,0,0,1,0,0,0
248000.0,12.0,9.05,675.0,11.79,22.0,2.0,0,0,0,0,1,1,0,0,0,0,0,1,0,0
411000.0,36.0,8.63,746.0,8.81,50.0,0.0,0,0,0,1,0,0,0,0,1,0,0,0,1,0
372000.0,120.0,11.75,704.0,0.0,65.0,2.0,0,0,1,0,0,0,0,0,0,1,0,0,1,0
526000.0,12.0,10.74,750.0,6.87,25.0,1.0,0,0,0,0,1,1,0,0,0,0,0,0,0,1
393000.0,36.0,9.82,776.0,13.64,47.0,1.0,0,0,0,0,1,0,0,0,0,1,0,1,1,0
813000.0,36.0,9.73,664.0,3.9,53.0,1.0,0,0,1,0,0,0,0,0,1,0,0,0,0,1
705000.0,12.0,12.38,646.0,11.75,51.0,1.0,0,1,0,0,0,0,0,0,0,1,1,0,1,0
632000.0,12.0,11.31,708.0,0.0,25.0,2.0,0,0,0,0,0,0,0,0,0,0,0,0,0,0
677000.0,360.0,14.63,607.0,0.91,49.0,0.0,0,0,0,1,0,0,0,0,0,0,1,0,0,1
444000.0,240.0,11.29,748.0,7.16,29.0,3.0,0,0,0,0,0,0,0,1,0,0,0,0,0,1
805000.0,120.0,7.0,594.0,3.34,45.0,1.0,1,0,0,0,1,0,0,0,0,0,0,1,0,0
100000.0,24.0,10.58,672.0,2.94,31.0,2.0,0,0,0,1,0,0,0,0,0,0,0,0,0,1
494000.0,60.0,11.17,706.0,5.26,23.0,3.0,0,0,0,0,0,0,0,0,1,0,0,1,0,0
212000.0,240.0,10.46,663.0,5.35,56.0,2.0,0,0,0,0,0,0,0,0,0,0,0,0,0,0
437000.0,360.0,11.29,800.0,10.41,24.0,1.0,0,0,0,0,0,0,0,1,0,0,0,0,1,0
317000.0,36.0,10.73,684.0,8.89,34.0,2.0,0,1,0,0,0,0,0,0,0,1,0,0,1,0
479000.0,360.0,10.58,700.0,18.2,32.0,2.0,0,0,0,0,1,0,1,0,0,0,0,0,0,0
635000.0,240.0,8.54,663.0,0.0,23.0,0.0,0,0,1,0,0,1,0,0,0,0,1,0,0,0
508000.0,24.0,9.91,769.0,8.87,49.0,3.0,0,0,0,1,0,0,0,0,0,0,0,0,0,0
792000.0,36.0,10.54,682.0,0.22,57.0,2.0,0,0,0,0,0,0,1,0,0,0,1,0,0,1
100000.0,240.0,8.74,739.0,10.36,44.0,4.0,0,0,0,0,0,0,0,0,0,0,1,0,0,1
544000.0,12.0,8.01,706.0,8.47,30.0,3.0,0,0,1,0,0,0,0,0,1,0,0,1,0,0
680000.0,240.0,12.63,634.0,10.09,58.0,0.0,0,1,0,0,0,0,0,0,0,1,0,0,1,0
299000.0,36.0,12.7,760.0,0.0,32.0,0.0,0,0,0,0,0,0,0,0,1,0,0,1,0,1
932000.0,12.0,11.12,717.0,4.34,28.0,1.0,0,0,0,1,0,0,0,0,0,1,0,0,0,1
319000.0,24.0,13.13,831.0,1.85,40.0,2.0,0,0,1,0,0,0,0,0,0,1,0,0,0,0
586000.0,60.0,11.1,652.0,1.99,39.0,2.0,0,0,1,0,0,0,1,0,0,0,0,0,0,0
937000.0,240.0,9.28,672.0,7.38,30.0,3.0,0,0,0,0,1,0,0,0,1,0,1,0,0,1
569000.0,120.0,7.0,711.0,5.79,62.0,0.0,0,1,0,0,0,1,0,0,0,0,1,0,0,0
314000.0,240.0,11.77,709.0,4.63,28.0,3.0,0,0,0,1,0,0,0,0,0,1,1,0,0,1
727000.0,36.0,13.6,687.0,1.6,61.0,0.0,0,0,0,0,1,1,0,0,0,0,1,0,1,0
100000.0,24.0,11.99,670.0,1.87,54.0,3.0,0,0,1,0,0,0,0,0,1,0,0,1,1,0
1041000.0,24.0,11.25,611.0,13.35,35.0,4.0,0,0,1,0,0,0,1,0,0,0,1,0,1,0
389000.0,240.0,11.67,716.0,6.0,57.0,3.0,0,0,1,0,0,0,0,0,0,0,0,0,0,1
1148000.0,24.0,10.14,706.0,8.45,46.0,4.0,0,0,1,0,0,0,0,0,0,0,0,1,0,1
666000.0,24.0,10.54,698.0,5.17,24.0,2.0,0,0,0,0,1,0,0,0,1,0,0,0,0,0
460000.0,120.0,9.93,669.0,11.84,40.0,2.0,0,1,0,0,0,1,0,0,0,0,0,0,0,1
684000.0,24.0,13.63,705.0,6.18,24.0,1.0,0,0,1,0,0,0,0,1,0,0,0,0,0,1
469000.0,120.0,7.0,731.0,16.0,25.0,0.0,0,0,0,1,0,0,1,0,0,0,0,1,0,0
330000.0,12.0,13.44,593.0,6.02,54.0,0.0,0,0,0,0,0,1,0,0,0,0,1,0,0,1
228000.0,240.0,9.55,594.0,17.44,55.0,2.0,0,0,0,0,0,0,0,1,0,0,0,0,0,1
495000.0,120.0,12.0,739.0,9.8,61.0,2.0,0,1,0,0,0,0,0,1,0,0,0,1,1,0
770000.0,24.0,12.84,612.0,0.32,41.0,0.0,0,1,0,0,0,0,0,0,1,0,0,1,0,1
265000.0,360.0,9.69,666.0,0.63,37.0,2.0,0,0,0,0,0,1,0,0,0,0,1,0,1,0
395000.0,36.0,11.14,653.0,1.24,33.0,0.0,0,0,0,1,0,0,0,1,0,0,1,0,0,0
258000.0,12.0,14.38,669.0,0.0,63.0,4.0,0,1,0,0,0,0,0,0,1,0,0,0,1,0
783000.0,240.0,10.52,675.0,2.03,62.0,3.0,0,0,1,0,0,0,0,1,0,0,1,0,1,0
495000.0,60.0,9.45,636.0,0.0,55.0,3.0,0,0,0,0,1,0,0,1,0,0,1,0,1,0
100000.0,36.0,8.55,708.0,11.56,65.0,4.0,0,0,0,1,0,0,1,0,0,0,0,0,0,0
340000.0,120.0,9.6,788.0,11.73,65.0,3.0,0,0,0,0,1,0,0,0,1,0,1,0,0,1
1188000.0,360.0,10.28,640.0,7.0,37.0,0.0,0,0,0,0,0,0,0,0,0,0,0,1,0,1
100000.0,120.0,8.92,789.0,9.26,36.0,1.0,0,0,0,0,1,0,0,0,1,0,0,0,1,0
634000.0,24.0,8.08,707.0,5.25,46.0,3.0,0,0,0,0,1,0,1,0,0,0,1,0,0,1
100000.0,24.0,13.9,809.0,0.72,33.0,3.0,0,1,0,0,0,0,1,0,0,0,0,1,0,1
247000.0,12.0,11.83,739.0,9.42,23.0,1.0,0,0,0,0,1,0,0,0,1,0,0,0,0,0
720000.0,60.0,7.76,619.0,1.95,50.0,4.0,0,0,0,0,1,0,0,1,0,0,0,1,0,1
557000.0,240.0,10.03,633.0,0.0,35.0,0.0,0,1,0,0,0,0,1,0,0,0,0,0,0,1
100000.0,60.0,8.82,712.0,0.62,45.0,0.0,0,1,0,0,0,0,0,0,0,1,0,1,1,0
100000.0,60.0,9.77,782.0,0.3,65.0,2.0,0,0,1,0,0,0,1,0,0,0,0,0,1,0
100000.0,240.0,11.09,658.0,11.27,48.0,3.0,0,1,0,0,0,0,1,0,0,0,0,1,0,1
283000.0,120.0,10.32,698.0,4.38,43.0,4.0,0,0,0,0,0,0,0,0,1,0,1,0,0,0
723000.0,120.0,10.97,683.0,5.6,57.0,2.0,0,0,0,1,0,0,0,1,0,0,1,0,0,1
402000.0,360.0,11.9,663.0,3.19,38.0,0.0,0,0,0,0,0,1,0,0,0,0,0,0,1,0
735000.0,240.0,8.99,643.0,4.56,32.0,2.0,0,0,1,0,0,0,1,0,0,0,1,0,1,0
740000.0,12.0,10.94,676.0,17.29,26.0,4.0,0,0,0,0,0,0,0,0,0,1,1,0,0,1
855000.0,24.0,11.73,649.0,9.9,22.0,0.0,0,0,0,0,0,0,0,1,0,0,0,1,1,0
190000.0,24.0,9.85,701.0,11.06,42.0,0.0,0,0,0,0,1,0,0,1,0,0,1,0,0,0
244000.0,240.0,10.81,790.0,0.88,47.0,3.0,0,0,0,1,0,0,0,0,1,0,0,0,0,0
288000.0,240.0,10.09,653.0,7.48,38.0,4.0,0,0,0,0,0,0,0,0,1,0,0,1,0,1
622000.0,60.0,9.06,587.0,9.11,48.0,4.0,0,1,0,0,0,0,0,0,0,0,1,0,1,0
100000.0,360.0,10.95,794.0,9.61,51.0,2.0,0,0,1,0,0,1,0,0,0,0,0,1,1,0
875000.0,120.0,10.15,712.0,3.09,46.0,2.0,0,0,0,0,0,0,0,0,0,1,1,0,0,0
296000.0,12.0,8.56,674.0,0.86,24.0,1.0,0,0,0,1,0,0,0,0,1,0,1,0,0,1
768000.0,120.0,8.44,716.0,20.0,52.0,4.0,0,0,0,0,0,0,0,0,0,1,1,0,0,0
378000.0,120.0,12.39,615.0,5.32,37.0,0.0,0,0,0,0,1,0,0,1,0,0,0,0,1,0
1210000.0,120.0,9.09,644.0,8.19,26.0,0.0,0,0,0,1,0,0,0,0,0,1,0,1,0,1
161000.0,360.0,8.64,643.0,9.32,47.0,0.0,0,0,0,0,1,0,0,0,1,0,0,1,0,0
318000.0,120.0,8.87,677.0,3.43,55.0,2.0,0,0,0,0,1,0,0,1,0,0,1,0,0,1
100000.0,60.0,8.91,704.0,7.13,65.0,4.0,0,0,0,0,0,1,0,0,0,0,0,0,1,0
608000.0,12.0,13.16,769.0,5.42,63.0,0.0,0,1,0,0,0,0,1,0,0,0,0,0,0,1
1171000.0,12.0,8.13,826.0,3.14,47.0,2.0,0,0,0,0,0,1,0,0,0,0,0,1,1,0
367000.0,120.0,11.75,706.0,12.97,55.0,0.0,0,0,0,1,0,0,0,1,0,0,1,0,1,0
139000.0,36.0,7.52,669.0,4.81,50.0,0.0,0,0,0,0,0,1,0,0,0,0,0,0,1,0
504000.0,12.0,8.61,640.0,0.0,22.0,1.0,0,1,0,0,0,0,1,0,0,0,0,1,1,0
623000.0,36.0,12.48,720.0,9.07,31.0,2.0,0,1,0,0,0,0,0,0,1,0,1,0,0,0
766000.0,360.0,10.76,710.0,15.66,33.0,4.0,0,0,1,0,0,0,0,0,0,0,0,1,1,0
456000.0,240.0,11.3,591.0,8.19,55.0,2.0,0,0,0,1,0,0,0,1,0,0,0,0,1,0
135000.0,24.0,10.28,771.0,3.67,60.0,2.0,0,1,0,0,0,0,0,0,0,0,1,0,1,0
807000.0,24.0,9.8,711.0,8.21,23.0,2.0,0,0,0,1,0,0,1,0,0,0,1,0,0,1
1007000.0,60.0,7.0,661.0,12.67,60.0,3.0,0,0,0,0,1,0,0,0,1,0,0,0,1,0
170000.0,120.0,10.35,714.0,5.88,33.0,4.0,0,0,1,0,0,0,0,0,0,0,0,1,1,0
512000.0,240.0,10.96,640.0,2.79,58.0,1.0,0,0,1,0,0,0,0,0,0,0,1,0,0,1
300000.0,24.0,11.94,767.0,6.19,58.0,2.0,0,0,0,0,0,1,0,0,0,0,1,0,0,0
633000.0,240.0,12.87,669.0,0.0,50.0,3.0,0,0,1,0,0,0,1,0,0,0,0,1,1,0
206000.0,360.0,10.4,679.0,4.74,62.0,2.0,0,0,0,0,0,0,0,0,0,1,1,0,1,0
789000.0,120.0,12.54,700.0,6.91,61.0,3.0,1,1,0,0,0,0,0,0,0,1,0,0,0,0
680000.0,120.0,8.85,663.0,1.96,54.0,2.0,0,0,0,0,0,0,0,1,0,0,0,1,0,1
485000.0,120.0,10.24,637.0,4.99,24.0,3.0,0,0,0,1,0,0,0,0,0,1,1,0,0,1
100000.0,24.0,9.81,629.0,0.0,29.0,3.0,0,0,1,0,0,0,0,0,1,0,1,0,1,0
822000.0,36.0,10.17,605.0,1.93,54.0,0.0,0,0,0,0,1,0,1,0,0,0,0,0,0,0
181000.0,24.0,9.51,646.0,7.22,64.0,2.0,0,0,1,0,0,0,0,1,0,0,0,0,0,0
100000.0,36.0,12.76,595.0,18.0,62.0,2.0,0,0,1,0,0,0,0,0,1,0,0,0,1,0
365000.0,36.0,11.52,704.0,3.65,60.0,3.0,0,0,1,0,0,0,0,0,0,1,0,0,0,0
244000.0,120.0,13.41,672.0,7.83,29.0,3.0,0,0,1,0,0,0,0,1,0,0,0,0,1,0
722000.0,36.0,9.25,761.0,4.65,49.0,1.0,0,0,0,0,0,1,0,0,0,0,0,0,0,0
100000.0,240.0,9.9,703.0,9.5,54.0,0.0,0,0,0,0,0,1,0,0,0,0,1,0,1,0
267000.0,24.0,13.13,762.0,6.13,29.0,3.0,0,0,0,0,1,0,0,0,0,0,0,0,0,0
214000.0,240.0,10.41,664.0,10.89,41.0,3.0,0,0,0,1,0,0,0,0,1,0,1,0,0,1
329000.0,24.0,12.51,675.0,5.66,60.0,0.0,0,0,0,1,0,1,0,0,0,0,0,1,0,1
452000.0,36.0,8.74,739.0,5.27,27.0,4.0,0,0,0,0,0,0,0,0,0,1,0,0,0,1
236000.0,60.0,9.47,677.0,0.37,39.0,1.0,0,0,0,1,0,0,0,0,0,0,1,0,0,1
954000.0,24.0,14.33,698.0,6.15,34.0,3.0,0,0,1,0,0,1,0,0,0,0,0,0,0,0
461000.0,24.0,8.13,741.0,8.96,23.0,4.0,0,0,0,0,0,0,0,0,0,0,0,1,0,1
638000.0,60.0,9.69,709.0,0.0,57.0,2.0,0,0,0,0,0,1,0,0,0,0,0,1,0,1
608000.0,60.0,11.28,660.0,2.31,48.0,3.0,0,0,1,0,0,0,0,0,1,0,1,0,0,0
522000.0,240.0,8.59,752.0,19.39,61.0,0.0,0,0,1,0,0,1,0,0,0,0,0,0,1,0
100000.0,240.0,7.93,722.0,1.34,49.0,0.0,0,0,0,0,0,1,0,0,0,0,1,0,1,0
506000.0,36.0,11.49,748.0,4.44,60.0,1.0,0,0,1,0,0,1,0,0,0,0,0,0,0,0
705000.0,60.0,8.26,739.0,2.03,54.0,3.0,0,0,1,0,0,0,0,0,0,0,0,1,0,1
1140000.0,360.0,13.54,646.0,10.12,33.0,2.0,0,0,0,0,0,0,0,1,0,0,0,0,0,0
533000.0,240.0,9.98,661.0,3.86,44.0,2.0,0,0,0,0,0,0,0,0,1,0,0,0,0,0
824000.0,12.0,11.22,640.0,0.0,32.0,0.0,0,1,0,0,0,0,0,1,0,0,1,0,0,0
674000.0,360.0,10.23,798.0,0.35,23.0,4.0,0,0,0,0,1,0,0,1,0,0,0,1,0,0
849000.0,24.0,12.08,706.0,7.49,53.0,0.0,0,1,0,0,0,0,0,0,0,1,0,0,1,0
320000.0,36.0,7.46,742.0,1.12,58.0,0.0,0,0,0,0,1,0,0,0,1,0,1,0,0,1
418000.0,12.0,7.03,571.0,3.76,22.0,4.0,0,1,0,0,0,1,0,0,0,0,0,1,0,1
585000.0,36.0,11.37,709.0,8.17,64.0,4.0,0,0,0,1,0,0,1,0,0,0,1,0,0,0
561000.0,36.0,11.29,685.0,9.03,53.0,1.0,0,0,1,0,0,0,0,0,0,0,0,0,0,1
732000.0,36.0,14.63,753.0,6.53,50.0,2.0,0,0,0,1,0,0,0,0,1,0,0,1,1,0
550000.0,12.0,9.99,699.0,3.42,38.0,1.0,0,1,0,0,0,0,0,0,1,0,0,1,0,1
281000.0,24.0,10.65,733.0,1.87,26.0,3.0,0,1,0,0,0,0,1,0,0,0,0,1,1,0
668000.0,12.0,11.9,707.0,2.51,51.0,1.0,0,0,0,0,1,0,0,0,0,0,0,0,0,1
945000.0,12.0,8.94,726.0,5.56,21.0,0.0,0,0,1,0,0,0,0,0,0,1,0,1,1,0
422000.0,240.0,10.63,761.0,5.48,33.0,0.0,0,1,0,0,0,0,0,0,0,0,1,0,0,0
444000.0,36.0,11.8,758.0,7.32,47.0,4.0,0,0,0,1,0,0,0,0,0,1,0,0,0,0
520000.0,24.0,8.3,682.0,12.57,26.0,4.0,0,0,1,0,0,0,1,0,0,0,0,0,0,1
232000.0,36.0,9.06,627.0,14.91,60.0,3.0,0,0,0,0,1,0,0,0,1,0,0,0,0,1
100000.0,12.0,10.1,758.0,7.75,24.0,2.0,0,0,0,0,1,0,0,1,0,0,1,0,0,0
298000.0,240.0,9.21,709.0,3.71,57.0,2.0,0,1,0,0,0,0,0,0,0,1,0,0,1,0
348000.0,12.0,7.62,705.0,0.0,43.0,3.0,0,0,1,0,0,0,0,0,0,0,0,0,0,1
1001000.0,24.0,7.11,716.0,5.31,43.0,1.0,0,1,0,0,0,0,1,0,0,0,1,0,0,0
483000.0,360.0,14.28,749.0,14.36,27.0,3.0,0,1,0,0,0,0,0,1,0,0,0,1,1,0
234000.0,36.0,8.82,675.0,0.13,58.0,1.0,0,0,0,1,0,0,0,0,1,0,1,0,1,0
436000.0,36.0,7.87,681.0,12.61,40.0,2.0,0,0,1,0,0,1,0,0,0,0,1,0,1,0
486000.0,120.0,7.82,596.0,9.89,55.0,3.0,0,0,0,1,0,0,0,0,0,0,0,0,0,0
831000.0,120.0,7.0,685.0,2.0,33.0,1.0,0,0,0,1,0,1,0,0,0,0,0,0,0,1
206000.0,24.0,9.5,711.0,7.93,31.0,0.0,0,0,1,0,0,1,0,0,0,0,1,0,0,1
778000.0,120.0,11.07,643.0,0.0,27.0,3.0,0,0,0,1,0,0,0,1,0,0,0,0,1,0
887000.0,12.0,9.41,764.0,0.93,42.0,4.0,0,0,0,1,0,0,0,0,0,1,1,0,0,1
717000.0,24.0,9.07,668.0,5.52,52.0,2.0,0,0,0,0,0,0,0,0,1,0,0,0,0,1
882000.0,12.0,12.14,726.0,18.24,56.0,3.0,0,0,0,0,0,1,0,0,0,0,0,1,0,1
100000.0,36.0,12.53,713.0,2.21,55.0,0.0,0,0,0,1,0,1,0,0,0,0,1,0,0,1
718000.0,36.0,10.79,690.0,2.02,30.0,4.0,0,0,0,1,0,0,0,0,1,0,0,1,1,0
366000.0,120.0,10.28,684.0,4.64,60.0,4.0,0,0,0,1,0,0,1,0,0,0,1,0,0,1
354000.0,120.0,10.56,662.0,6.47,38.0,2.0,0,0,0,0,1,1,0,0,0,0,0,1,0,0
503000.0,240.0,9.22,670.0,4.22,65.0,4.0,0,0,0,1,0,0,0,0,0,1,1,0,0,0
909000.0,120.0,10.12,735.0,4.75,61.0,0.0,0,0,1,0,0,0,1,0,0,0,0,1,0,0
528000.0,24.0,7.0,699.0,2.14,62.0,1.0,0,1,0,0,0,0,0,1,0,0,0,0,1,0
261000.0,360.0,12.14,693.0,4.13,48.0,4.0,0,0,1,0,0,0,1,0,0,0,0,1,0,1
431000.0,60.0,10.78,793.0,3.61,48.0,2.0,0,0,0,0,1,0,0,0,1,0,1,0,0,0
413000.0,24.0,11.72,721.0,12.66,59.0,2.0,0,0,0,0,1,1,0,0,0,0,0,0,0,1
100000.0,120.0,9.88,724.0,1.18,45.0,1.0,0,0,1,0,0,0,0,1,0,0,0,0,0,0
707000.0,60.0,9.79,644.0,11.65,40.0,0.0,0,0,0,1,0,0,1,0,0,0,0,1,1,0
317000.0,60.0,9.33,634.0,8.82,23.0,0.0,0,0,0,0,0,0,0,0,0,1,0,1,1,0
974000.0,360.0,7.71,687.0,2.93,36.0,0.0,0,0,1,0,0,1,0,0,0,0,1,0,0,0
626000.0,36.0,11.66,641.0,7.01,58.0,0.0,0,1,0,0,0,0,0,0,1,0,0,1,0,1
275000.0,360.0,7.56,747.0,4.01,35.0,1.0,0,0,1,0,0,0,0,0,0,1,0,1,0,1
964000.0,12.0,11.35,653.0,4.86,63.0,0.0,0,0,1,0,0,0,1,0,0,0,0,1,0,1
617000.0,120.0,13.88,718.0,1.93,43.0,1.0,0,0,0,0,1,0,0,0,0,0,1,0,0,0
787000.0,360.0,8.54,723.0,1.95,32.0,3.0,0,1,0,0,0,0,0,0,0,0,0,0,1,0
697000.0,24.0,7.84,599.0,4.5,65.0,4.0,0,0,1,0,0,0,0,1,0,0,0,1,0,1
240000.0,24.0,12.73,629.0,8.58,56.0,4.0,0,0,0,0,1,0,0,0,1,0,1,0,1,0
604000.0,24.0,11.87,722.0,6.3,65.0,4.0,0,0,0,0,1,0,0,0,0,0,1,0,1,0
640000.0,12.0,12.1,564.0,9.45,46.0,0.0,0,1,0,0,0,0,1,0,0,0,0,1,1,0
391000.0,240.0,11.15,601.0,5.62,24.0,0.0,0,0,0,1,0,1,0,0,0,0,0,1,0,0
368000.0,60.0,15.3,709.0,11.56,59.0,1.0,0,0,0,0,1,0,0,0,1,0,0,0,1,0
544000.0,240.0,9.5,716.0,14.0,65.0,2.0,0,0,1,0,0,0,0,1,0,0,0,0,0,1
459000.0,12.0,14.36,758.0,5.77,27.0,4.0,0,0,0,0,0,0,0,0,0,0,0,0,0,1
100000.0,60.0,13.4,633.0,5.04,30.0,0.0,0,0,0,1,0,0,0,1,0,0,0,0,0,0
230000.0,24.0,13.35,709.0,13.63,50.0,2.0,0,0,0,0,1,0,1,0,0,0,0,0,1,0
743000.0,60.0,12.02,696.0,20.0,23.0,3.0,0,1,0,0,0,0,1,0,0,0,0,1,0,0
508000.0,120.0,9.07,702.0,0.0,30.0,4.0,0,0,0,0,1,1,0,0,0,0,0,0,0,0
726000.0,360.0,11.33,644.0,6.0,46.0,2.0,0,0,0,1,0,0,0,0,0,0,1,0,1,0
641000.0,36.0,9.25,728.0,6.94,41.0,3.0,0,0,0,0,1,0,0,0,0,0,0,0,1,0
100000.0,12.0,8.1,656.0,10.14,58.0,2.0,0,0,0,0,1,0,1,0,0,0,1,0,1,0
188000.0,120.0,8.21,647.0,0.0,49.0,1.0,0,0,0,0,0,0,0,0,0,0,0,0,0,0
800000.0,36.0,9.48,664.0,0.0,36.0,4.0,0,0,1,0,0,0,0,0,1,0,0,1,0,0
653000.0,12.0,7.62,608.0,9.32,28.0,1.0,0,0,0,0,1,1,0,0,0,0,0,1,0,0
381000.0,36.0,10.37,679.0,3.1,45.0,0.0,0,0,0,1,0,0,1,0,0,0,1,0,1,0
734000.0,360.0,11.41,697.0,18.0,56.0,4.0,0,0,0,0,0,0,1,0,0,0,0,1,0,0
562000.0,240.0,9.0,666.0,5.1,55.0,2.0,0,0,0,0,0,0,1,0,0,0,0,0,0,1
240000.0,120.0,12.04,740.0,5.84,34.0,4.0,0,0,0,0,1,0,0,0,1,0,1,0,0,0
691000.0,60.0,9.9,655.0,6.87,63.0,1.0,0,0,0,1,0,0,0,0,1,0,0,0,0,1
779000.0,60.0,11.19,693.0,10.17,59.0,2.0,0,1,0,0,0,0,0,0,0,0,0,1,1,0
744000.0,60.0,11.84,618.0,0.0,50.0,4.0,0,0,0,0,0,0,0,0,0,0,0,0,0,1
607000.0,120.0,7.68,661.0,3.97,59.0,0.0,0,0,0,0,0,0,1,0,0,0,0,1,1,0
314000.0,240.0,8.78,634.0,4.19,63.0,3.0,0,0,0,0,1,1,0,0,0,0,1,0,0,1
260000.0,120.0,9.75,629.0,17.07,61.0,4.0,0,0,1,0,0,1,0,0,0,0,1,0,1,0
661000.0,120.0,15.82,722.0,12.68,22.0,3.0,0,0,0,0,1,1,0,0,0,0,0,0,1,0
747000.0,360.0,10.39,636.0,4.27,42.0,2.0,0,0,0,0,0,0,1,0,0,0,1,0,0,0
100000.0,240.0,11.9,628.0,8.57,35.0,0.0,0,0,0,1,0,0,0,1,0,0,0,0,1,0
186000.0,36.0,12.89,748.0,8.87,22.0,4.0,0,1,0,0,0,0,1,0,0,0,0,1,0,0
827000.0,12.0,8.25,692.0,17.07,64.0,2.0,0,0,0,0,0,0,0,0,0,0,0,1,1,0
1217000.0,36.0,9.37,656.0,6.62,51.0,4.0,0,0,0,1,0,0,0,0,0,0,0,0,1,0
429000.0,36.0,11.01,746.0,2.5,60.0,3.0,0,0,0,0,1,0,1,0,0,0,1,0,1,0
432000.0,240.0,8.07,665.0,7.64,38.0,4.0,1,0,1,0,0,0,0,1,0,0,0,0,1,0
1035000.0,36.0,12.59,721.0,7.49,38.0,2.0,0,1,0,0,0,0,0,0,0,0,0,0,0,0
284000.0,12.0,10.76,642.0,3.74,65.0,0.0,0,0,1,0,0,0,0,1,0,0,1,0,1,0
659000.0,240.0,7.0,626.0,6.73,54.0,0.0,0,0,1,0,0,0,0,1,0,0,1,0,0,0
145000.0,36.0,8.22,735.0,17.38,64.0,3.0,0,0,1,0,0,0,1,0,0,0,0,0,0,1
403000.0,60.0,13.56,701.0,8.7,34.0,1.0,0,0,0,0,1,0,0,0,0,0,0,1,0,0
546000.0,24.0,10.72,686.0,0.14,43.0,4.0,0,0,1,0,0,0,1,0,0,0,0,0,0,0
1122000.0,24.0,11.11,764.0,5.75,28.0,3.0,0,0,0,0,1,1,0,0,0,0,0,1,0,1
293000.0,360.0,10.8,682.0,6.51,23.0,4.0,0,0,0,1,0,0,0,0,0,1,1,0,0,1
803000.0,360.0,8.5,748.0,8.37,34.0,0.0,0,0,0,1,0,1,0,0,0,0,0,0,0,0
212000.0,360.0,7.0,655.0,8.01,55.0,2.0,0,1,0,0,0,0,0,1,0,0,0,0,0,1
498000.0,36.0,9.8,770.0,7.04,49.0,3.0,0,0,0,1,0,1,0,0,0,0,0,1,0,0
291000.0,360.0,10.01,740.0,8.43,53.0,0.0,0,1,0,0,0,0,0,1,0,0,0,1,0,0
323000.0,24.0,12.07,703.0,4.37,63.0,0.0,1,0,0,1,0,0,1,0,0,0,0,1,0,0
872000.0,120.0,13.2,631.0,0.72,45.0,0.0,0,0,0,1,0,1,0,0,0,0,1,0,1,0
550000.0,60.0,11.18,643.0,5.9,34.0,0.0,0,0,1,0,0,0,0,0,0,1,1,0,0,0
1161000.0,240.0,7.6,688.0,8.24,38.0,2.0,0,0,0,0,1,0,0,0,0,0,0,1,1,0
919000.0,24.0,12.72,747.0,16.45,60.0,4.0,0,0,0,0,1,0,1,0,0,0,0,0,0,1
470000.0,60.0,7.0,641.0,3.96,62.0,2.0,0,0,1,0,0,1,0,0,0,0,1,0,0,0
224000.0,24.0,10.05,721.0,5.71,59.0,3.0,0,1,0,0,0,0,1,0,0,0,0,0,1,0
262000.0,240.0,11.26,611.0,9.55,25.0,0.0,0,1,0,0,0,1,0,0,0,0,0,1,0,0
203000.0,60.0,12.82,673.0,15.14,48.0,4.0,0,0,0,0,1,0,0,1,0,0,1,0,0,1
100000.0,60.0,10.07,695.0,5.89,40.0,4.0,0,1,0,0,0,0,1,0,0,0,1,0,0,0
419000.0,36.0,12.37,754.0,9.52,48.0,0.0,0,1,0,0,0,0,0,0,0,0,0,1,0,1
379000.0,120.0,14.73,761.0,10.53,37.0,2.0,0,0,0,0,1,0,1,0,0,0,0,1,0,1
388000.0,360.0,10.74,686.0,1.83,28.0,3.0,0,0,1,0,0,0,0,0,0,1,0,1,0,1
178000.0,240.0,11.28,673.0,8.37,55.0,1.0,0,0,1,0,0,0,0,0,0,0,0,1,0,0
100000.0,360.0,8.58,778.0,1.32,52.0,3.0,0,1,0,0,0,0,0,0,1,0,1,0,1,0
128000.0,36.0,8.76,666.0,1.36,56.0,2.0,0,1,0,0,0,0,0,0,1,0,0,1,0,1
100000.0,120.0,14.99,706.0,3.7,21.0,4.0,0,0,0,1,0,1,0,0,0,0,0,1,0,0
646000.0,120.0,10.31,675.0,1.14,58.0,4.0,0,0,1,0,0,0,0,1,0,0,0,1,0,0
635000.0,12.0,14.29,674.0,3.18,31.0,1.0,0,0,0,0,0,1,0,0,0,0,0,0,0,1
385000.0,360.0,11.13,605.0,10.22,43.0,4.0,0,0,1,0,0,0,0,0,0,1,0,1,1,0
100000.0,60.0,11.38,721.0,2.84,64.0,4.0,0,0,0,0,1,0,0,0,1,0,0,0,0,1
100000.0,120.0,11.77,800.0,6.1,64.0,1.0,0,0,0,0,1,0,0,0,1,0,1,0,0,1
846000.0,12.0,11.85,673.0,7.39,39.0,2.0,0,0,0,1,0,0,0,0,0,0,0,1,1,0
112000.0,60.0,7.93,775.0,8.7,32.0,2.0,0,0,0,0,0,1,0,0,0,0,0,1,1,0
560000.0,60.0,7.68,688.0,7.2,52.0,0.0,0,0,0,0,1,0,0,1,0,0,0,1,0,0
441000.0,60.0,8.73,694.0,3.19,57.0,3.0,0,0,0,0,1,0,1,0,0,0,0,1,1,0
582000.0,120.0,9.6,693.0,3.77,39.0,2.0,0,0,0,0,0,0,0,0,0,1,0,0,0,0
673000.0,360.0,12.3,660.0,7.23,60.0,3.0,0,1,0,0,0,0,1,0,0,0,0,0,0,0
574000.0,120.0,11.37,647.0,13.7,58.0,3.0,0,0,1,0,0,0,0,1,0,0,0,1,0,0
797000.0,240.0,9.11,662.0,2.07,24.0,2.0,0,1,0,0,0,1,0,0,0,0,1,0,0,0
306000.0,36.0,12.6,720.0,6.83,32.0,4.0,0,0,0,1,0,0,0,1,0,0,0,0,0,0
473000.0,240.0,10.82,629.0,7.04,29.0,0.0,0,0,0,0,0,0,0,0,0,0,1,0,0,1
518000.0,24.0,8.11,635.0,3.56,36.0,1.0,0,0,0,0,1,1,0,0,0,0,1,0,0,0
645000.0,360.0,7.43,678.0,4.54,46.0,1.0,0,0,0,1,0,0,0,0,0,0,1,0,0,0
808000.0,36.0,9.03,687.0,6.77,29.0,1.0,0,0,0,0,1,0,0,0,0,0,1,0,1,0
100000.0,24.0,11.09,673.0,3.98,42.0,3.0,0,0,0,1,0,1,0,0,0,0,0,0,0,1
393000.0,24.0,10.6,664.0,0.0,49.0,1.0,0,1,0,0,0,0,0,1,0,0,1,0,1,0
261000.0,60.0,11.62,766.0,7.08,43.0,1.0,0,0,0,0,1,1,0,0,0,0,1,0,1,0
425000.0,24.0,8.14,710.0,3.4,57.0,1.0,0,1,0,0,0,0,1,0,0,0,0,1,1,0
505000.0,60.0,9.5,728.0,0.0,57.0,1.0,0,0,0,0,1,0,0,0,1,0,0,0,0,1
1053000.0,60.0,9.23,723.0,13.68,64.0,2.0,0,1,0,0,0,0,0,1,0,0,1,0,0,0
363000.0,24.0,10.31,748.0,9.33,33.0,1.0,0,0,0,0,1,0,0,0,0,0,0,1,1,0
121000.0,120.0,7.36,757.0,10.39,24.0,2.0,0,1,0,0,0,0,0,0,0,0,0,0,0,1
921000.0,24.0,11.04,676.0,6.55,21.0,0.0,0,0,0,1,0,0,0,0,0,0,1,0,0,0
138000.0,60.0,11.45,698.0,0.0,41.0,4.0,0,0,0,1,0,0,0,1,0,0,1,0,0,0
1170000.0,24.0,10.26,668.0,3.12,54.0,1.0,0,0,0,0,0,0,0,0,1,0,1,0,0,0
796000.0,12.0,9.49,720.0,4.82,32.0,3.0,0,0,0,1,0,0,0,0,0,0,0,1,0,0
402000.0,120.0,12.68,737.0,0.0,59.0,4.0,0,0,0,1,0,0,0,0,1,0,0,1,0,1
463000.0,24.0,7.0,772.0,2.32,39.0,1.0,0,0,1,0,0,0,0,1,0,0,1,0,0,0
491000.0,240.0,8.23,729.0,14.73,32.0,4.0,0,0,0,0,1,1,0,0,0,0,1,0,0,0
100000.0,24.0,11.43,684.0,18.26,25.0,2.0,0,0,0,0,1,0,1,0,0,0,0,0,1,0
972000.0,60.0,12.89,681.0,0.0,32.0,1.0,0,0,1,0,0,1,0,0,0,0,0,0,1,0
559000.0,60.0,13.03,714.0,9.09,64.0,4.0,0,0,0,1,0,0,0,0,0,0,0,0,0,1
430000.0,12.0,12.27,730.0,2.36,24.0,3.0,1,1,0,0,0,0,1,0,0,0,0,0,0,1
547000.0,24.0,11.21,719.0,11.85,53.0,1.0,0,0,0,1,0,0,0,0,0,0,0,0,0,0
521000.0,240.0,11.12,695.0,8.18,55.0,1.0,0,0,0,0,1,0,1,0,0,0,0,0,0,0
909000.0,120.0,13.07,669.0,2.93,52.0,2.0,0,0,0,1,0,0,0,1,0,0,1,0,0,0
330000.0,360.0,7.14,710.0,2.89,47.0,0.0,0,0,0,0,1,0,0,1,0,0,1,0,0,1
559000.0,240.0,7.54,755.0,3.97,25.0,1.0,0,0,0,0,0,0,0,0,0,0,1,0,1,0
533000.0,24.0,10.34,662.0,0.0,24.0,3.0,0,0,1,0,0,0,0,0,1,0,0,1,1,0
655000.0,60.0,11.8,758.0,12.5,39.0,4.0,0,0,0,0,1,0,0,0,1,0,0,1,0,0
780000.0,36.0,13.03,635.0,16.89,23.0,4.0,1,0,1,0,0,0,1,0,0,0,0,0,0,0
390000.0,12.0,13.44,734.0,8.35,38.0,0.0,0,0,0,0,0,1,0,0,0,0,1,0,0,0
455000.0,240.0,12.29,662.0,3.28,52.0,0.0,0,0,0,0,0,0,0,0,1,0,0,0,1,0
506000.0,60.0,9.23,634.0,0.0,25.0,2.0,0,1,0,0,0,0,0,0,0,1,1,0,1,0
344000.0,120.0,9.85,735.0,2.97,39.0,2.0,0,1,0,0,0,0,0,0,1,0,1,0,0,0
307000.0,360.0,11.47,658.0,18.14,57.0,2.0,0,0,1,0,0,0,0,0,1,0,0,0,0,0
568000.0,24.0,13.69,669.0,8.0,26.0,3.0,0,0,0,0,1,1,0,0,0,0,0,0,0,1
100000.0,120.0,10.14,794.0,15.61,53.0,0.0,0,1,0,0,0,0,0,0,0,0,0,0,1,0
786000.0,60.0,14.22,596.0,8.39,41.0,0.0,0,1,0,0,0,1,0,0,0,0,0,1,1,0
826000.0,36.0,13.79,594.0,12.86,41.0,2.0,0,0,0,0,0,0,0,0,1,0,0,1,1,0
963000.0,360.0,14.09,629.0,6.94,27.0,4.0,0,1,0,0,0,0,0,0,0,1,0,0,1,0
509000.0,12.0,12.61,627.0,8.39,24.0,0.0,0,0,0,1,0,0,1,0,0,0,0,1,0,1
458000.0,24.0,8.96,640.0,7.8,55.0,0.0,0,1,0,0,0,0,1,0,0,0,0,1,0,1
619000.0,36.0,12.32,777.0,0.0,41.0,2.0,0,1,0,0,0,0,0,1,0,0,0,1,0,0
438000.0,360.0,8.96,690.0,4.89,60.0,1.0,0,1,0,0,0,0,0,0,1,0,1,0,1,0
147000.0,12.0,9.76,610.0,11.63,23.0,0.0,0,0,1,0,0,1,0,0,0,0,0,0,0,1
671000.0,36.0,11.8,675.0,0.68,48.0,3.0,0,0,0,0,0,1,0,0,0,0,1,0,0,0
598000.0,60.0,8.58,688.0,5.3,38.0,0.0,0,1,0,0,0,0,0,1,0,0,0,0,1,0
266000.0,12.0,11.31,656.0,5.79,29.0,3.0,0,1,0,0,0,0,0,0,0,1,1,0,0,0
457000.0,240.0,10.32,680.0,12.22,33.0,1.0,0,0,0,0,1,0,0,0,0,0,1,0,1,0
207000.0,120.0,9.53,684.0,14.29,21.0,1.0,0,1,0,0,0,0,0,0,0,1,1,0,1,0
637000.0,12.0,9.88,793.0,11.0,59.0,4.0,0,0,0,0,1,0,0,1,0,0,0,1,1,0
355000.0,24.0,9.33,624.0,7.62,50.0,4.0,0,0,0,1,0,0,0,1,0,0,1,0,0,1
237000.0,120.0,10.73,677.0,11.78,60.0,0.0,0,1,0,0,0,0,0,1,0,0,1,0,0,1
263000.0,120.0,10.45,720.0,18.04,58.0,4.0,0,0,0,1,0,0,0,0,1,0,0,1,0,1
430000.0,24.0,13.72,750.0,4.92,45.0,1.0,0,0,0,0,1,0,0,1,0,0,1,0,1,0
273000.0,240.0,10.02,660.0,1.86,52.0,0.0,0,0,0,0,1,0,1,0,0,0,0,0,0,1
501000.0,360.0,11.63,633.0,6.71,37.0,2.0,0,1,0,0,0,0,0,0,0,0,0,1,0,1
100000.0,60.0,8.32,673.0,12.58,38.0,3.0,0,0,0,1,0,0,0,0,0,1,0,0,1,0
449000.0,60.0,12.77,674.0,6.45,37.0,3.0,0,0,1,0,0,1,0,0,0,0,1,0,0,1
153000.0,360.0,8.78,745.0,4.84,48.0,3.0,0,0,1,0,0,0,0,1,0,0,0,1,0,1
454000.0,60.0,11.06,749.0,8.74,34.0,3.0,0,0,1,0,0,0,0,0,0,1,0,1,0,0
606000.0,36.0,11.76,723.0,6.29,38.0,0.0,0,0,1,0,0,0,1,0,0,0,0,1,0,1
302000.0,12.0,11.9,732.0,9.57,49.0,4.0,0,1,0,0,0,0,1,0,0,0,1,0,0,0
725000.0,60.0,7.0,723.0,8.19,46.0,1.0,0,0,0,0,1,1,0,0,0,0,0,0,0,1
756000.0,360.0,9.03,798.0,2.14,51.0,0.0,0,0,1,0,0,0,0,1,0,0,0,1,1,0
886000.0,60.0,10.84,653.0,5.43,37.0,4.0,0,0,0,1,0,0,0,0,0,1,0,0,1,0
260000.0,240.0,11.22,743.0,2.55,29.0,1.0,0,0,0,1,0,0,1,0,0,0,1,0,1,0
585000.0,120.0,9.44,783.0,5.71,32.0,3.0,0,0,0,1,0,0,1,0,0,0,1,0,0,1
121000.0,12.0,9.83,741.0,17.0,50.0,2.0,0,0,0,0,1,0,0,1,0,0,0,0,1,0
182000.0,12.0,10.43,733.0,14.66,44.0,1.0,0,0,0,0,1,0,0,0,1,0,0,1,1,0
494000.0,12.0,10.01,709.0,7.33,58.0,0.0,0,1,0,0,0,0,1,0,0,0,0,0,0,1
278000.0,240.0,10.19,607.0,5.51,54.0,0.0,0,0,1,0,0,1,0,0,0,0,0,1,1,0
287000.0,36.0,12.72,703.0,6.72,45.0,1.0,0,0,0,0,0,0,0,0,1,0,1,0,1,0
100000.0,12.0,13.69,681.0,6.71,40.0,4.0,0,0,0,1,0,0,0,1,0,0,0,0,0,0
255000.0,24.0,12.8,768.0,3.0,29.0,0.0,0,0,0,0,1,0,0,1,0,0,0,1,0,0
415000.0,360.0,9.88,778.0,3.63,42.0,3.0,0,0,1,0,0,1,0,0,0,0,1,0,0,1
460000.0,240.0,11.52,623.0,0.0,63.0,0.0,0,0,0,0,0,0,0,1,0,0,1,0,0,1
797000.0,120.0,11.46,730.0,0.95,57.0,4.0,0,0,0,1,0,0,0,0,0,0,0,0,1,0
203000.0,360.0,11.23,720.0,9.76,49.0,2.0,0,0,0,0,1,0,0,0,1,0,0,1,0,1
941000.0,60.0,10.63,692.0,13.98,60.0,2.0,0,0,1,0,0,0,1,0,0,0,0,1,0,0
100000.0,360.0,9.93,679.0,3.76,52.0,3.0,0,0,0,0,0,0,0,0,0,0,0,1,0,1
580000.0,60.0,12.76,625.0,1.67,64.0,4.0,0,0,0,0,0,0,0,1,0,0,1,0,0,0
100000.0,120.0,10.82,730.0,4.31,27.0,2.0,0,1,0,0,0,0,1,0,0,0,0,0,0,0
967000.0,240.0,10.62,693.0,10.78,33.0,2.0,0,0,1,0,0,1,0,0,0,0,0,0,0,1
467000.0,240.0,9.04,688.0,6.02,54.0,3.0,0,1,0,0,0,0,0,1,0,0,0,1,1,0
160000.0,36.0,7.0,703.0,8.76,60.0,1.0,0,0,0,0,1,0,1,0,0,0,0,0,0,1
497000.0,60.0,7.0,638.0,7.56,50.0,4.0,0,0,1,0,0,0,0,0,1,0,0,1,0,1
1078000.0,60.0,9.93,683.0,1.88,51.0,4.0,0,0,1,0,0,0,0,0,1,0,0,0,1,0
667000.0,12.0,7.62,744.0,3.89,42.0,3.0,0,1,0,0,0,0,0,0,0,1,0,1,0,1
136000.0,60.0,12.73,714.0,15.53,64.0,4.0,0,0,0,1,0,0,0,1,0,0,0,1,1,0
777000.0,240.0,11.42,659.0,11.45,27.0,4.0,0,0,0,0,1,0,0,0,0,0,0,0,0,1
695000.0,12.0,10.29,763.0,4.68,56.0,2.0,0,0,0,1,0,0,0,0,0,1,1,0,0,0
179000.0,12.0,11.06,685.0,16.83,59.0,2.0,0,0,1,0,0,0,0,0,1,0,0,1,1,0
573000.0,12.0,10.38,747.0,6.54,59.0,3.0,0,1,0,0,0,0,0,0,0,1,0,1,0,1
246000.0,36.0,11.14,719.0,20.44,43.0,1.0,0,1,0,0,0,0,0,1,0,0,0,0,0,1
411000.0,240.0,11.67,726.0,5.8,55.0,0.0,0,0,0,0,0,0,0,0,0,1,0,0,0,0
912000.0,12.0,10.96,719.0,16.19,55.0,3.0,0,0,0,0,0,0,0,1,0,0,0,1,0,1
954000.0,120.0,12.08,760.0,5.81,56.0,2.0,0,0,0,0,0,0,0,1,0,0,0,0,0,0
1190000.0,60.0,10.99,753.0,4.56,57.0,4.0,0,0,0,1,0,0,0,0,0,1,1,0,1,0
421000.0,360.0,14.56,803.0,10.5,56.0,0.0,0,0,0,1,0,0,0,0,0,0,1,0,0,1
272000.0,120.0,7.32,755.0,0.41,38.0,0.0,0,1,0,0,0,0,0,0,0,1,0,0,0,1
381000.0,12.0,10.47,775.0,2.84,61.0,1.0,0,0,0,0,0,0,1,0,0,0,0,1,0,1
857000.0,12.0,10.51,742.0,14.1,28.0,3.0,0,1,0,0,0,0,0,0,1,0,1,0,0,1
368000.0,60.0,8.29,645.0,3.83,54.0,0.0,0,0,0,1,0,0,1,0,0,0,1,0,1,0
100000.0,360.0,15.68,798.0,5.31,45.0,4.0,0,0,1,0,0,0,0,0,1,0,1,0,0,0
248000.0,12.0,9.22,678.0,3.54,63.0,3.0,0,0,0,1,0,1,0,0,0,0,0,0,0,0
762000.0,240.0,13.18,728.0,6.52,22.0,4.0,0,0,0,0,1,1,0,0,0,0,0,1,0,0
832000.0,36.0,10.74,649.0,5.57,35.0,4.0,0,0,0,0,0,0,1,0,0,0,0,1,0,0
319000.0,360.0,10.44,713.0,12.76,62.0,0.0,0,0,0,0,1,0,1,0,0,0,1,0,1,0
273000.0,60.0,7.79,696.0,8.28,41.0,3.0,0,0,0,1,0,0,0,0,0,1,0,1,0,0
329000.0,240.0,8.22,630.0,1.1,42.0,3.0,0,0,0,1,0,0,1,0,0,0,1,0,1,0
786000.0,12.0,13.66,774.0,0.0,65.0,2.0,0,0,0,0,0,0,0,0,0,1,0,0,1,0
162000.0,120.0,11.77,737.0,6.29,23.0,1.0,0,0,0,0,0,0,1,0,0,0,0,1,0,0
150000.0,240.0,11.35,609.0,2.97,23.0,3.0,0,0,1,0,0,0,0,0,0,0,0,1,0,0
1087000.0,12.0,9.0,648.0,11.16,40.0,0.0,0,0,1,0,0,0,0,0,0,1,0,0,1,0
495000.0,240.0,10.55,603.0,16.13,32.0,2.0,0,0,0,1,0,1,0,0,0,0,0,1,0,0
775000.0,36.0,12.76,688.0,4.94,25.0,4.0,0,0,0,1,0,0,0,0,1,0,0,0,1,0
540000.0,120.0,9.43,708.0,1.97,60.0,3.0,0,1,0,0,0,0,1,0,0,0,1,0,0,1
196000.0,240.0,14.12,663.0,19.64,41.0,4.0,0,0,0,1,0,0,0,1,0,0,0,0,0,0
126000.0,12.0,13.29,719.0,9.41,58.0,0.0,0,0,0,0,0,0,0,0,0,1,0,1,0,0
540000.0,60.0,7.44,699.0,3.14,54.0,1.0,0,0,0,0,1,1,0,0,0,0,0,0,1,0
728000.0,36.0,9.3,717.0,8.86,52.0,1.0,0,0,0,0,1,0,0,0,0,0,0,1,0,1
456000.0,24.0,8.14,739.0,5.7,26.0,0.0,0,0,0,0,1,0,0,0,1,0,0,0,0,1
310000.0,360.0,12.27,630.0,11.97,52.0,3.0,0,0,0,0,1,1,0,0,0,0,0,1,0,0
416000.0,360.0,15.11,666.0,5.31,42.0,1.0,0,1,0,0,0,0,0,0,1,0,0,0,1,0
228000.0,60.0,8.59,646.0,4.37,21.0,4.0,0,1,0,0,0,1,0,0,0,0,0,0,1,0
649000.0,60.0,9.01,690.0,6.68,36.0,4.0,0,0,0,0,0,0,0,1,0,0,0,0,0,1
708000.0,120.0,10.05,673.0,12.18,32.0,0.0,0,0,0,1,0,0,0,0,0,1,0,1,0,1
472000.0,360.0,12.34,729.0,9.56,56.0,3.0,0,0,1,0,0,1,0,0,0,0,1,0,1,0
1033000.0,240.0,9.44,733.0,4.25,32.0,3.0,0,1,0,0,0,0,0,1,0,0,0,1,1,0
460000.0,120.0,8.86,774.0,0.24,57.0,1.0,0,0,0,0,0,0,0,0,0,1,1,0,0,0
434000.0,120.0,14.11,658.0,4.71,55.0,4.0,0,0,0,0,1,0,1,0,0,0,1,0,1,0
411000.0,240.0,8.3,720.0,0.0,61.0,1.0,0,0,0,0,0,0,0,0,0,1,0,1,1,0
649000.0,12.0,8.41,570.0,10.36,22.0,4.0,0,1,0,0,0,0,1,0,0,0,0,1,0,1
738000.0,12.0,10.42,590.0,5.25,61.0,0.0,0,0,1,0,0,0,0,0,1,0,1,0,0,1
271000.0,120.0,10.45,681.0,7.0,60.0,2.0,0,0,0,0,1,0,0,0,1,0,0,1,0,0
221000.0,24.0,11.08,747.0,5.19,61.0,2.0,0,1,0,0,0,0,0,0,0,1,0,1,0,1
232000.0,60.0,8.48,572.0,6.12,54.0,4.0,0,0,0,0,1,0,0,1,0,0,1,0,0,0
316000.0,12.0,12.26,657.0,3.54,21.0,4.0,0,0,0,0,1,0,0,0,0,0,0,0,1,0
823000.0,24.0,10.62,741.0,2.07,29.0,1.0,0,0,1,0,0,0,0,0,1,0,0,0,0,0
970000.0,36.0,8.51,620.0,5.83,40.0,2.0,0,1,0,0,0,0,1,0,0,0,0,0,0,1
588000.0,12.0,14.96,720.0,8.1,43.0,3.0,0,0,0,1,0,0,0,0,0,1,1,0,0,1
410000.0,360.0,10.16,618.0,5.18,39.0,4.0,0,0,0,0,1,1,0,0,0,0,0,1,0,1
666000.0,360.0,11.37,744.0,11.03,25.0,4.0,0,1,0,0,0,1,0,0,0,0,1,0,0,0
543000.0,120.0,9.13,789.0,5.0,65.0,2.0,0,0,0,1,0,0,0,0,0,1,0,0,0,1
764000.0,240.0,10.16,653.0,8.24,54.0,2.0,0,0,1,0,0,0,1,0,0,0,0,1,0,0
470000.0,60.0,12.54,821.0,8.4,36.0,1.0,0,0,0,0,0,0,0,0,0,0,1,0,1,0
659000.0,60.0,11.67,665.0,4.49,49.0,4.0,0,0,0,0,0,0,1,0,0,0,0,1,1,0
560000.0,24.0,11.05,704.0,3.5,55.0,1.0,0,1,0,0,0,0,1,0,0,0,0,1,0,1
342000.0,120.0,13.22,735.0,0.0,42.0,4.0,0,0,0,0,1,0,1,0,0,0,1,0,1,0
107000.0,120.0,11.58,646.0,9.05,35.0,1.0,0,0,0,1,0,0,0,1,0,0,0,0,1,0
977000.0,12.0,11.59,821.0,8.84,52.0,0.0,0,1,0,0,0,0,0,0,1,0,0,0,0,1
478000.0,36.0,8.65,695.0,5.77,47.0,0.0,0,0,0,0,0,0,0,1,0,0,1,0,1,0
651000.0,36.0,11.61,737.0,6.17,58.0,3.0,0,1,0,0,0,1,0,0,0,0,0,1,0,1
662000.0,120.0,7.35,602.0,4.18,40.0,0.0,0,0,0,0,1,0,0,0,1,0,0,0,1,0
489000.0,60.0,10.99,675.0,13.08,50.0,2.0,0,0,0,0,0,0,0,0,0,0,1,0,1,0
642000.0,360.0,7.31,690.0,20.16,26.0,0.0,0,0,1,0,0,0,0,0,0,1,0,1,0,0
231000.0,360.0,7.0,764.0,6.84,40.0,0.0,0,1,0,0,0,1,0,0,0,0,0,1,0,0
936000.0,240.0,10.69,753.0,8.21,48.0,3.0,0,0,1,0,0,0,0,0,0,0,0,0,1,0
998000.0,24.0,11.89,762.0,6.34,52.0,2.0,0,0,0,0,0,0,0,0,1,0,0,1,1,0
537000.0,12.0,11.5,680.0,1.07,55.0,4.0,0,0,0,0,1,0,1,0,0,0,0,1,0,1
676000.0,240.0,9.84,682.0,6.9,42.0,4.0,0,0,0,0,0,1,0,0,0,0,1,0,1,0
760000.0,120.0,10.02,655.0,1.62,32.0,1.0,0,0,0,0,0,0,0,0,1,0,0,1,0,1
749000.0,360.0,7.21,642.0,7.87,58.0,3.0,0,1,0,0,0,0,0,0,0,0,0,0,0,1
426000.0,360.0,11.23,629.0,0.0,62.0,0.0,0,1,0,0,0,0,0,0,0,1,0,0,1,0
447000.0,36.0,11.38,630.0,2.79,29.0,1.0,0,0,0,1,0,1,0,0,0,0,0,0,1,0
390000.0,36.0,9.34,690.0,3.84,25.0,4.0,0,0,1,0,0,0,0,0,1,0,0,1,1,0
321000.0,12.0,8.47,668.0,2.22,51.0,4.0,0,0,0,0,1,1,0,0,0,0,1,0,0,1
386000.0,60.0,12.03,668.0,2.89,43.0,0.0,0,0,1,0,0,0,0,0,0,1,0,1,1,0
870000.0,24.0,9.11,699.0,9.39,37.0,3.0,0,1,0,0,0,0,0,0,0,0,0,0,1,0
820000.0,240.0,9.46,786.0,2.28,28.0,2.0,0,1,0,0,0,0,0,1,0,0,0,1,0,1
602000.0,24.0,11.44,706.0,4.45,58.0,3.0,0,0,0,0,0,0,0,0,0,1,0,0,0,1
781000.0,24.0,7.43,660.0,12.02,45.0,1.0,0,1,0,0,0,0,1,0,0,0,1,0,0,0
244000.0,240.0,9.37,711.0,15.79,48.0,1.0,0,1,0,0,0,0,0,0,0,1,1,0,0,0
180000.0,36.0,11.83,727.0,4.21,35.0,3.0,0,0,0,1,0,0,1,0,0,0,1,0,0,0
479000.0,24.0,7.0,657.0,18.29,29.0,3.0,0,0,0,0,1,0,0,0,0,0,0,1,0,1
1046000.0,360.0,14.24,746.0,4.92,36.0,2.0,0,0,0,0,0,1,0,0,0,0,0,1,1,0
100000.0,36.0,8.21,750.0,0.0,54.0,0.0,1,0,0,0,0,0,0,1,0,0,0,0,0,0
155000.0,12.0,8.85,662.0,7.16,39.0,1.0,0,0,1,0,0,0,1,0,0,0,0,0,0,1
100000.0,120.0,11.32,723.0,6.24,21.0,4.0,0,0,0,0,0,0,0,0,0,0,0,0,1,0
552000.0,24.0,12.53,747.0,9.89,50.0,4.0,0,0,0,1,0,0,0,0,1,0,0,1,0,0
267000.0,60.0,13.21,664.0,11.53,38.0,0.0,0,0,0,0,1,1,0,0,0,0,0,0,0,0
672000.0,120.0,13.16,655.0,1.74,43.0,1.0,0,1,0,0,0,1,0,0,0,0,1,0,0,1
168000.0,24.0,10.67,686.0,4.16,65.0,2.0,0,0,0,0,1,0,1,0,0,0,0,1,1,0
875000.0,120.0,11.7,652.0,0.77,62.0,2.0,0,1,0,0,0,0,0,0,0,1,0,1,0,1
348000.0,36.0,9.45,821.0,5.06,23.0,4.0,0,0,0,1,0,0,1,0,0,0,0,0,1,0
864000.0,360.0,10.26,736.0,7.89,41.0,0.0,0,0,0,0,0,1,0,0,0,0,0,0,1,0
626000.0,240.0,7.0,594.0,8.35,31.0,3.0,0,0,0,0,1,0,0,0,0,1,1,0,1,0
367000.0,36.0,10.35,620.0,3.41,53.0,3.0,0,1,0,0,0,0,0,0,1,0,1,0,0,1
395000.0,120.0,7.0,747.0,8.13,63.0,0.0,0,0,0,1,0,1,0,0,0,0,0,0,1,0
363000.0,12.0,13.9,636.0,2.06,47.0,3.0,0,0,0,0,1,0,0,1,0,0,0,1,1,0
567000.0,240.0,8.08,739.0,7.4,21.0,2.0,0,0,1,0,0,0,0,0,1,0,0,0,0,1
703000.0,360.0,11.48,762.0,9.81,43.0,1.0,0,1,0,0,0,0,0,1,0,0,0,1,0,1
100000.0,12.0,11.28,781.0,1.95,55.0,1.0,0,0,0,1,0,1,0,0,0,0,0,1,1,0
786000.0,24.0,10.73,753.0,0.0,29.0,1.0,0,0,0,0,1,0,0,0,0,0,0,0,0,1
515000.0,60.0,13.4,771.0,12.34,53.0,1.0,0,1,0,0,0,0,0,0,0,0,0,1,1,0
111000.0,24.0,8.82,745.0,2.71,65.0,1.0,0,0,0,1,0,0,0,1,0,0,1,0,1,0
807000.0,24.0,9.52,655.0,6.23,33.0,0.0,0,0,0,0,0,0,0,0,1,0,1,0,0,1
100000.0,36.0,7.0,723.0,6.92,46.0,3.0,0,0,0,0,1,1,0,0,0,0,0,0,0,0
290000.0,24.0,13.28,609.0,7.91,37.0,1.0,0,1,0,0,0,0,0,0,1,0,1,0,1,0
755000.0,60.0,11.59,749.0,7.46,36.0,3.0,0,0,0,0,0,0,0,1,0,0,1,0,0,0
383000.0,120.0,10.06,629.0,2.85,59.0,3.0,0,0,0,0,0,0,0,0,0,1,0,1,1,0
585000.0,120.0,9.16,741.0,0.0,47.0,3.0,0,0,0,0,1,0,0,1,0,0,0,0,0,0
211000.0,60.0,9.47,762.0,10.2,48.0,1.0,0,0,0,1,0,1,0,0,0,0,0,1,0,0
661000.0,12.0,14.13,670.0,10.87,41.0,2.0,0,1,0,0,0,0,1,0,0,0,1,0,0,0
1036000.0,12.0,9.26,679.0,18.57,32.0,2.0,0,0,0,0,1,0,0,0,0,1,0,1,1,0
255000.0,120.0,8.23,686.0,3.31,44.0,3.0,0,0,0,0,0,1,0,0,0,0,0,0,0,0
362000.0,24.0,13.04,750.0,10.34,34.0,4.0,0,0,0,1,0,1,0,0,0,0,1,0,0,1
609000.0,12.0,11.0,645.0,7.59,31.0,0.0,0,0,0,0,0,0,0,1,0,0,1,0,1,0
163000.0,60.0,11.53,637.0,0.56,65.0,0.0,0,0,1,0,0,0,0,0,1,0,0,0,0,0
390000.0,240.0,7.0,759.0,3.08,62.0,3.0,0,0,0,0,1,1,0,0,0,0,0,1,0,0
461000.0,12.0,7.76,782.0,4.77,24.0,1.0,0,0,1,0,0,0,0,0,0,0,0,1,0,0
100000.0,24.0,13.58,759.0,3.39,36.0,1.0,0,0,0,1,0,0,0,0,0,1,1,0,0,1
100000.0,36.0,12.78,656.0,11.48,55.0,4.0,0,0,0,1,0,0,0,0,0,0,0,1,1,0
381000.0,120.0,8.36,606.0,0.0,29.0,1.0,0,0,0,0,0,0,1,0,0,0,0,0,0,1
112000.0,12.0,12.09,713.0,13.61,33.0,3.0,0,0,0,0,0,1,0,0,0,0,0,1,0,0
162000.0,24.0,11.28,665.0,3.0,48.0,2.0,0,0,0,0,1,0,0,0,1,0,1,0,0,1
971000.0,240.0,14.71,676.0,8.33,33.0,4.0,0,1,0,0,0,1,0,0,0,0,0,0,0,0
395000.0,360.0,10.62,681.0,3.78,42.0,4.0,0,0,0,0,0,1,0,0,0,0,0,1,1,0
393000.0,120.0,9.43,744.0,0.0,25.0,4.0,0,0,0,0,1,0,1,0,0,0,0,0,1,0
599000.0,60.0,7.92,743.0,14.34,53.0,2.0,0,0,0,0,1,0,0,1,0,0,0,1,0,0
304000.0,240.0,7.0,586.0,1.31,34.0,4.0,0,0,1,0,0,0,0,0,0,1,1,0,1,0
344000.0,120.0,9.9,688.0,14.72,32.0,2.0,0,0,0,0,0,0,0,0,0,1,0,0,0,1
641000.0,120.0,7.13,705.0,1.46,51.0,0.0,0,0,1,0,0,1,0,0,0,0,0,1,0,1
675000.0,12.0,12.37,782.0,17.12,63.0,4.0,0,0,0,1,0,0,1,0,0,0,1,0,1,0
937000.0,24.0,10.72,723.0,9.65,51.0,2.0,0,1,0,0,0,0,0,0,1,0,1,0,0,1
468000.0,12.0,10.21,730.0,3.03,31.0,4.0,0,0,1,0,0,1,0,0,0,0,0,1,0,1
147000.0,240.0,10.57,723.0,2.11,42.0,4.0,0,0,1,0,0,0,1,0,0,0,1,0,0,0
650000.0,240.0,10.07,729.0,12.36,52.0,0.0,0,0,1,0,0,0,0,1,0,0,1,0,0,0
646000.0,120.0,11.56,675.0,0.0,53.0,4.0,0,0,0,1,0,1,0,0,0,0,1,0,0,1
590000.0,24.0,7.29,750.0,6.09,27.0,2.0,0,0,1,0,0,0,0,0,0,0,0,1,0,1
473000.0,120.0,10.21,744.0,14.29,44.0,0.0,0,1,0,0,0,0,0,1,0,0,0,1,1,0
100000.0,36.0,7.17,648.0,9.76,42.0,4.0,0,0,0,0,1,0,0,0,1,0,0,1,1,0
405000.0,360.0,11.73,701.0,6.35,49.0,4.0,0,0,0,1,0,0,0,1,0,0,0,1,1,0
789000.0,24.0,9.27,715.0,4.35,33.0,0.0,0,0,0,0,1,0,0,0,0,0,1,0,0,0
220000.0,36.0,9.71,729.0,2.64,45.0,4.0,0,0,0,0,0,0,0,0,0,1,1,0,0,1
507000.0,24.0,8.95,782.0,4.97,65.0,0.0,0,0,0,0,1,0,0,0,0,1,0,0,1,0
546000.0,24.0,7.3,782.0,5.33,62.0,0.0,0,0,0,0,0,0,0,0,0,0,1,0,1,0
225000.0,12.0,13.01,650.0,5.54,50.0,4.0,0,0,1,0,0,0,0,0,0,0,0,0,0,0
312000.0,24.0,10.65,667.0,9.69,42.0,4.0,0,1,0,0,0,0,0,0,0,1,0,0,0,0
211000.0,12.0,13.04,687.0,0.19,23.0,1.0,0,0,0,0,1,0,1,0,0,0,0,0,0,1
100000.0,12.0,8.03,611.0,7.69,29.0,4.0,0,0,0,1,0,1,0,0,0,0,0,0,0,0
350000.0,12.0,10.06,703.0,8.49,49.0,3.0,0,0,0,1,0,0,0,1,0,0,1,0,0,1
1034000.0,12.0,11.06,699.0,7.8,65.0,0.0,0,1,0,0,0,0,0,1,0,0,0,1,1,0
1139000.0,240.0,11.76,752.0,15.98,55.0,3.0,0,0,0,0,1,0,1,0,0,0,0,1,1,0
422000.0,36.0,8.88,686.0,3.03,44.0,4.0,0,0,0,0,1,0,1,0,0,0,1,0,0,0
1118000.0,36.0,10.31,639.0,1.81,45.0,0.0,0,0,1,0,0,0,0,0,0,1,0,0,0,0
482000.0,120.0,11.39,719.0,3.81,52.0,3.0,0,0,0,0,0,0,0,0,1,0,1,0,0,0
156000.0,360.0,10.41,663.0,1.1,59.0,1.0,0,0,0,1,0,0,0,1,0,0,0,0,0,1
242000.0,36.0,7.04,623.0,2.61,64.0,1.0,0,0,0,0,1,0,0,0,1,0,1,0,0,1
898000.0,240.0,9.52,672.0,6.58,63.0,4.0,0,0,0,1,0,1,0,0,0,0,0,0,0,1
142000.0,24.0,14.27,758.0,5.59,28.0,2.0,0,0,0,1,0,0,0,1,0,0,0,0,0,0
360000.0,24.0,12.52,677.0,15.92,22.0,3.0,0,0,0,0,0,0,0,0,0,0,0,0,1,0
199000.0,360.0,10.13,686.0,15.38,50.0,2.0,0,1,0,0,0,0,0,0,0,0,1,0,1,0
970000.0,120.0,11.27,721.0,11.18,37.0,2.0,0,0,0,1,0,0,0,1,0,0,0,1,0,0
614000.0,60.0,9.39,737.0,4.21,48.0,4.0,0,0,0,1,0,1,0,0,0,0,0,1,0,0
605000.0,120.0,7.0,797.0,0.0,53.0,3.0,0,0,0,0,1,0,1,0,0,0,0,0,0,0
524000.0,360.0,9.88,613.0,11.72,41.0,4.0,0,0,1,0,0,1,0,0,0,0,1,0,1,0
475000.0,360.0,9.42,721.0,9.21,29.0,4.0,0,1,0,0,0,0,0,0,1,0,0,1,0,0
810000.0,240.0,10.04,739.0,0.0,35.0,3.0,0,0,0,0,0,0,1,0,0,0,0,0,0,1
176000.0,60.0,9.66,636.0,6.43,54.0,2.0,0,0,0,0,0,1,0,0,0,0,1,0,0,0
457000.0,60.0,11.86,666.0,18.78,25.0,2.0,0,0,0,1,0,1,0,0,0,0,0,1,0,0
1151000.0,24.0,9.49,690.0,0.16,22.0,4.0,0,0,0,1,0,0,0,0,1,0,1,0,0,1
754000.0,240.0,9.0,661.0,0.0,42.0,4.0,0,0,0,1,0,0,1,0,0,0,0,1,0,0
340000.0,36.0,10.34,645.0,11.85,56.0,0.0,0,0,0,0,0,0,0,0,1,0,1,0,0,0
737000.0,24.0,9.52,677.0,4.85,53.0,4.0,0,0,1,0,0,0,0,1,0,0,1,0,0,0
161000.0,120.0,14.08,672.0,0.0,26.0,1.0,0,1,0,0,0,0,0,0,0,0,1,0,0,0
543000.0,36.0,7.0,660.0,4.25,27.0,1.0,0,0,0,1,0,0,1,0,0,0,1,0,1,0
930000.0,24.0,11.14,766.0,12.8,39.0,4.0,0,0,1,0,0,1,0,0,0,0,0,0,0,1
120000.0,360.0,10.18,640.0,0.0,30.0,0.0,0,0,0,1,0,0,1,0,0,0,1,0,1,0
818000.0,36.0,12.46,680.0,6.85,65.0,2.0,0,1,0,0,0,0,0,0,1,0,0,1,0,0
100000.0,12.0,11.53,792.0,10.13,21.0,0.0,0,0,0,1,0,0,0,0,0,1,0,0,0,1
777000.0,60.0,13.36,748.0,6.05,51.0,3.0,0,0,0,0,0,0,0,0,0,0,0,1,1,0
364000.0,240.0,7.0,723.0,8.32,27.0,2.0,0,0,0,0,1,0,0,0,0,1,0,0,1,0
631000.0,60.0,11.06,736.0,0.0,35.0,1.0,0,0,0,0,1,0,0,0,0,1,0,1,0,1
262000.0,360.0,8.61,719.0,4.89,25.0,0.0,0,0,0,0,0,1,0,0,0,0,1,0,1,0
833000.0,12.0,13.13,679.0,7.56,57.0,2.0,0,0,0,0,0,0,1,0,0,0,0,0,1,0
225000.0,240.0,9.96,700.0,5.14,41.0,2.0,0,0,0,1,0,1,0,0,0,0,1,0,0,0
1147000.0,120.0,11.55,722.0,6.17,34.0,2.0,0,0,0,1,0,0,0,0,0,0,1,0,1,0
629000.0,240.0,7.57,608.0,8.99,45.0,2.0,0,0,1,0,0,0,0,0,1,0,0,0,0,0
1020000.0,36.0,9.89,730.0,4.72,31.0,4.0,0,1,0,0,0,1,0,0,0,0,1,0,0,1
1282000.0,360.0,9.43,730.0,5.22,60.0,0.0,0,1,0,0,0,0,0,1,0,0,1,0,0,1
303000.0,360.0,11.86,702.0,3.94,28.0,1.0,0,0,0,1,0,0,0,1,0,0,1,0,1,0
306000.0,120.0,10.39,750.0,14.58,62.0,4.0,0,0,0,0,0,0,0,1,0,0,0,1,0,0
674000.0,12.0,13.96,731.0,0.14,40.0,2.0,0,0,0,0,1,0,0,1,0,0,1,0,1,0
423000.0,60.0,7.0,734.0,6.3,33.0,2.0,0,1,0,0,0,0,0,0,0,0,0,0,0,0
303000.0,120.0,11.88,742.0,4.0,37.0,4.0,0,0,0,0,0,0,0,0,1,0,1,0,0,0
528000.0,120.0,13.35,761.0,3.52,65.0,4.0,0,1,0,0,0,0,1,0,0,0,0,1,0,0
206000.0,240.0,11.28,693.0,8.07,65.0,3.0,0,0,0,1,0,0,0,1,0,0,1,0,0,1
416000.0,60.0,9.58,688.0,2.3,34.0,0.0,0,0,1,0,0,0,0,0,1,0,0,0,0,0
497000.0,360.0,10.62,598.0,0.0,35.0,2.0,0,0,1,0,0,0,0,1,0,0,0,0,0,0
298000.0,24.0,7.48,778.0,8.08,45.0,4.0,0,0,1,0,0,0,1,0,0,0,0,1,1,0
415000.0,120.0,10.39,776.0,5.06,62.0,1.0,0,1,0,0,0,0,0,0,0,0,1,0,0,1
100000.0,36.0,11.51,761.0,6.84,38.0,2.0,0,0,0,0,1,0,0,0,0,0,0,0,0,1
465000.0,12.0,11.95,711.0,9.52,65.0,4.0,1,0,1,0,0,0,0,1,0,0,0,1,0,0
128000.0,60.0,9.89,789.0,12.38,36.0,4.0,0,1,0,0,0,0,0,0,1,0,0,1,0,0
345000.0,36.0,14.92,703.0,3.74,60.0,1.0,0,0,1,0,0,0,0,1,0,0,1,0,0,0
736000.0,60.0,8.55,733.0,9.03,31.0,4.0,1,0,1,0,0,0,0,1,0,0,0,0,0,0
486000.0,360.0,12.05,641.0,12.71,51.0,3.0,0,0,1,0,0,0,0,0,0,1,0,1,0,1
1015000.0,120.0,9.45,645.0,5.49,52.0,1.0,0,0,0,0,0,1,0,0,0,0,1,0,1,0
582000.0,36.0,7.12,623.0,1.56,41.0,0.0,0,0,0,1,0,0,0,0,0,1,1,0,0,1
100000.0,360.0,11.2,666.0,17.31,55.0,3.0,0,0,0,0,1,0,1,0,0,0,0,0,1,0
358000.0,24.0,9.3,668.0,0.92,30.0,0.0,0,0,0,1,0,0,0,0,1,0,1,0,0,0
416000.0,12.0,9.77,717.0,4.38,21.0,2.0,0,0,0,0,1,0,0,1,0,0,0,1,0,0
226000.0,60.0,11.21,719.0,20.0,31.0,1.0,0,0,0,1,0,0,0,0,1,0,0,0,0,1
100000.0,360.0,11.74,716.0,10.07,30.0,4.0,0,0,1,0,0,0,0,1,0,0,1,0,1,0
441000.0,120.0,10.32,745.0,0.68,38.0,1.0,0,0,1,0,0,0,0,0,0,1,0,0,1,0
442000.0,36.0,8.38,751.0,0.0,33.0,3.0,0,0,0,1,0,0,0,0,0,1,1,0,0,1
576000.0,12.0,13.37,770.0,7.53,51.0,0.0,0,0,0,0,0,0,0,1,0,0,0,0,0,0
352000.0,60.0,9.62,681.0,6.02,33.0,2.0,0,1,0,0,0,0,0,0,1,0,0,0,0,0
679000.0,60.0,7.34,759.0,18.88,50.0,1.0,0,0,0,1,0,0,0,1,0,0,0,1,0,1
398000.0,12.0,10.66,714.0,3.44,22.0,0.0,0,0,0,1,0,0,1,0,0,0,0,0,1,0
589000.0,360.0,8.14,673.0,5.32,26.0,1.0,0,0,1,0,0,1,0,0,0,0,0,0,0,1
357000.0,240.0,10.11,623.0,3.76,45.0,4.0,0,0,0,0,0,1,0,0,0,0,1,0,0,1
225000.0,60.0,11.07,789.0,3.79,36.0,4.0,0,0,0,0,0,0,1,0,0,0,1,0,1,0
308000.0,120.0,9.84,679.0,8.05,40.0,3.0,0,0,0,0,1,1,0,0,0,0,1,0,0,0
501000.0,12.0,7.84,740.0,1.95,32.0,3.0,0,0,0,0,0,0,0,0,0,1,0,0,0,1
100000.0,60.0,11.81,771.0,9.35,28.0,1.0,0,0,0,1,0,0,0,0,0,1,1,0,0,1
369000.0,60.0,10.31,633.0,4.62,33.0,1.0,0,0,0,0,1,0,0,0,0,0,0,1,1,0
161000.0,24.0,11.81,626.0,0.0,53.0,4.0,0,1,0,0,0,0,1,0,0,0,1,0,1,0
138000.0,12.0,11.68,715.0,3.81,49.0,4.0,0,0,1,0,0,0,0,1,0,0,0,1,0,0
601000.0,360.0,10.28,688.0,9.88,59.0,2.0,0,0,0,0,0,0,0,1,0,0,0,1,0,1
315000.0,12.0,10.33,749.0,2.22,50.0,1.0,0,1,0,0,0,1,0,0,0,0,1,0,0,0
100000.0,36.0,9.55,713.0,3.75,44.0,4.0,0,0,0,0,0,0,0,1,0,0,0,0,0,0
248000.0,12.0,11.86,693.0,0.0,26.0,1.0,0,0,0,1,0,1,0,0,0,0,0,1,1,0
488000.0,12.0,11.37,676.0,0.0,28.0,4.0,0,1,0,0,0,0,0,0,0,1,0,1,0,0
310000.0,60.0,13.57,765.0,5.34,50.0,1.0,0,0,1,0,0,1,0,0,0,0,0,0,0,0
541000.0,120.0,9.6,753.0,6.53,58.0,0.0,0,0,0,0,1,0,0,0,1,0,0,1,0,0
556000.0,12.0,10.3,658.0,8.69,35.0,4.0,0,0,0,1,0,0,0,0,1,0,1,0,0,1
508000.0,36.0,13.14,719.0,1.84,41.0,0.0,0,0,0,1,0,1,0,0,0,0,0,1,0,0
192000.0,240.0,7.94,637.0,3.68,26.0,0.0,0,0,1,0,0,1,0,0,0,0,1,0,0,1
969000.0,24.0,10.9,688.0,0.0,24.0,1.0,0,0,0,0,0,1,0,0,0,0,0,0,0,0
666000.0,12.0,10.29,678.0,2.54,51.0,3.0,0,0,0,0,0,0,0,0,0,1,0,0,0,0
355000.0,360.0,10.81,651.0,1.04,45.0,2.0,0,1,0,0,0,0,1,0,0,0,1,0,0,0
771000.0,360.0,11.73,723.0,0.0,45.0,2.0,0,0,0,1,0,1,0,0,0,0,0,1,0,1
732000.0,360.0,10.39,769.0,4.82,53.0,3.0,0,0,0,0,0,0,0,0,0,0,0,0,0,1
670000.0,360.0,10.45,673.0,6.51,22.0,3.0,0,0,0,0,0,0,0,1,0,0,0,1,1,0
246000.0,60.0,8.51,661.0,12.94,53.0,4.0,0,0,0,0,1,0,0,0,0,1,1,0,1,0
150000.0,240.0,7.88,717.0,7.16,40.0,1.0,0,0,0,0,1,1,0,0,0,0,0,0,0,0
344000.0,24.0,15.55,659.0,2.06,62.0,3.0,0,0,0,1,0,0,0,0,0,1,1,0,0,0
409000.0,36.0,12.28,655.0,11.59,47.0,0.0,0,0,0,1,0,1,0,0,0,0,0,1,1,0
717000.0,240.0,12.13,658.0,4.95,59.0,1.0,0,0,0,1,0,1,0,0,0,0,0,0,0,0
544000.0,24.0,13.96,614.0,7.75,36.0,4.0,0,1,0,0,0,0,0,1,0,0,0,1,1,0
566000.0,12.0,10.18,681.0,3.63,56.0,3.0,0,0,0,0,0,0,1,0,0,0,1,0,0,0
260000.0,12.0,13.16,697.0,8.02,50.0,3.0,1,1,0,0,0,0,0,0,0,0,1,0,0,0
274000.0,120.0,11.77,763.0,5.94,64.0,2.0,0,0,0,1,0,0,0,0,0,0,0,1,0,1
630000.0,60.0,12.17,653.0,2.46,39.0,2.0,0,0,1,0,0,1,0,0,0,0,1,0,0,1
138000.0,240.0,8.92,647.0,9.3,41.0,2.0,0,0,1,0,0,0,0,0,0,0,1,0,0,0
355000.0,240.0,10.46,688.0,2.37,55.0,1.0,0,0,0,0,0,0,0,0,0,0,0,0,1,0
211000.0,120.0,8.23,688.0,5.72,41.0,2.0,0,0,1,0,0,0,0,0,0,0,0,0,0,1
354000.0,24.0,14.21,725.0,0.0,65.0,0.0,1,0,1,0,0,0,0,0,0,0,1,0,0,0
164000.0,240.0,10.75,748.0,6.88,39.0,4.0,0,0,0,0,1,0,1,0,0,0,1,0,1,0
329000.0,60.0,11.71,780.0,13.39,34.0,4.0,0,0,0,0,1,0,0,0,0,0,0,1,1,0
600000.0,240.0,12.41,692.0,0.0,46.0,3.0,0,1,0,0,0,0,0,0,0,1,1,0,0,0
100000.0,240.0,7.0,651.0,2.37,54.0,2.0,0,0,0,1,0,0,0,0,0,1,1,0,0,0
170000.0,24.0,9.97,712.0,3.28,29.0,1.0,0,0,1,0,0,0,0,0,0,0,1,0,0,0
225000.0,36.0,7.22,702.0,4.07,42.0,2.0,0,0,0,1,0,0,0,0,0,0,0,0,0,1
440000.0,36.0,9.72,637.0,18.75,51.0,4.0,0,0,1,0,0,0,0,0,0,1,0,0,0,0
1256000.0,24.0,11.66,748.0,3.17,57.0,2.0,0,1,0,0,0,0,0,0,1,0,0,0,0,0
100000.0,12.0,10.68,748.0,3.0,27.0,4.0,0,0,0,0,1,0,0,0,0,0,0,1,0,1
282000.0,60.0,10.65,668.0,3.86,32.0,4.0,0,0,1,0,0,0,0,1,0,0,0,0,0,1
492000.0,240.0,15.16,699.0,0.0,40.0,2.0,0,0,0,0,0,0,0,0,1,0,0,0,1,0
570000.0,360.0,8.75,721.0,4.22,35.0,2.0,0,0,0,1,0,1,0,0,0,0,1,0,1,0
943000.0,120.0,11.17,611.0,6.02,39.0,4.0,0,1,0,0,0,1,0,0,0,0,1,0,0,0
380000.0,60.0,12.33,697.0,0.0,32.0,3.0,0,0,1,0,0,0,0,1,0,0,0,0,1,0
100000.0,60.0,10.3,621.0,3.45,36.0,3.0,0,0,1,0,0,0,0,0,0,0,1,0,0,0
100000.0,240.0,10.28,646.0,14.76,32.0,4.0,0,0,0,1,0,0,0,0,0,0,0,1,0,1
630000.0,24.0,10.23,638.0,7.11,24.0,2.0,0,0,1,0,0,0,0,1,0,0,1,0,1,0
261000.0,36.0,11.38,697.0,0.0,41.0,3.0,0,1,0,0,0,1,0,0,0,0,0,1,0,0
380000.0,240.0,11.36,687.0,6.13,50.0,4.0,0,0,0,1,0,0,0,1,0,0,0,0,0,0
404000.0,24.0,7.82,644.0,12.84,40.0,1.0,0,1,0,0,0,0,0,0,1,0,0,0,1,0
100000.0,12.0,11.91,722.0,8.24,52.0,0.0,1,1,0,0,0,0,0,0,0,1,1,0,0,0
610000.0,12.0,13.83,651.0,2.53,58.0,4.0,0,0,1,0,0,0,0,0,1,0,0,0,1,0
168000.0,360.0,8.52,716.0,17.85,57.0,4.0,0,0,0,1,0,0,1,0,0,0,1,0,0,1
100000.0,360.0,7.95,636.0,10.76,22.0,4.0,0,0,0,0,0,0,0,0,0,0,1,0,0,0
459000.0,120.0,8.94,768.0,4.29,37.0,4.0,0,0,0,0,0,0,0,0,0,0,1,0,1,0
619000.0,60.0,8.97,801.0,4.65,44.0,3.0,0,0,1,0,0,1,0,0,0,0,1,0,1,0
1186000.0,360.0,15.15,693.0,1.68,36.0,2.0,0,1,0,0,0,0,0,0,0,0,1,0,1,0
280000.0,360.0,10.83,661.0,8.44,52.0,3.0,0,1,0,0,0,0,0,0,0,0,0,1,1,0
779000.0,36.0,9.39,567.0,19.76,64.0,1.0,0,0,0,1,0,1,0,0,0,0,0,1,0,1
376000.0,240.0,11.4,785.0,4.4,40.0,1.0,0,0,0,0,1,1,0,0,0,0,0,0,0,0
485000.0,24.0,7.0,738.0,10.03,50.0,3.0,0,0,0,0,1,0,0,0,0,0,0,1,0,1
154000.0,36.0,13.54,818.0,2.05,40.0,3.0,0,0,0,0,1,0,0,0,1,0,1,0,1,0
617000.0,12.0,7.28,802.0,4.44,33.0,2.0,0,0,0,1,0,0,1,0,0,0,0,0,1,0
501000.0,240.0,11.76,625.0,11.76,37.0,2.0,0,0,0,0,0,0,1,0,0,0,0,1,1,0
733000.0,24.0,10.24,738.0,3.77,45.0,0.0,0,0,0,0,0,0,0,0,0,0,0,0,0,0
533000.0,24.0,9.04,797.0,1.52,29.0,3.0,0,1,0,0,0,0,0,0,0,0,0,0,0,0
391000.0,24.0,7.0,666.0,0.2,50.0,1.0,0,0,0,1,0,0,1,0,0,0,0,0,0,0
100000.0,36.0,12.17,754.0,4.61,63.0,1.0,0,0,0,0,1,0,1,0,0,0,0,0,0,1
325000.0,360.0,13.61,695.0,9.92,25.0,0.0,0,1,0,0,0,0,0,1,0,0,1,0,0,0
783000.0,360.0,11.24,710.0,6.68,32.0,3.0,0,0,0,0,0,0,1,0,0,0,0,0,1,0
450000.0,120.0,7.91,679.0,6.25,50.0,1.0,0,0,0,0,1,1,0,0,0,0,1,0,0,1
946000.0,360.0,9.41,686.0,1.24,30.0,4.0,0,0,0,0,1,0,1,0,0,0,1,0,0,1
238000.0,360.0,9.23,671.0,1.78,59.0,3.0,0,0,1,0,0,1,0,0,0,0,1,0,0,0
408000.0,12.0,10.01,696.0,15.79,38.0,1.0,0,1,0,0,0,0,0,0,0,1,0,0,1,0
598000.0,240.0,10.59,700.0,6.29,25.0,1.0,0,0,0,0,1,0,0,1,0,0,0,1,0,1
306000.0,120.0,13.05,654.0,2.91,23.0,4.0,0,0,0,1,0,0,0,1,0,0,0,1,0,1
431000.0,24.0,9.38,664.0,3.7,61.0,2.0,0,0,0,0,0,0,1,0,0,0,1,0,1,0
300000.0,120.0,10.97,627.0,4.79,28.0,4.0,0,0,0,1,0,0,0,0,1,0,0,1,0,0
175000.0,24.0,7.73,656.0,1.29,53.0,3.0,0,0,0,0,1,0,0,0,0,0,1,0,0,1
213000.0,24.0,10.22,690.0,0.43,47.0,3.0,0,0,0,1,0,0,0,0,0,1,0,1,0,1
289000.0,360.0,9.22,653.0,4.63,41.0,3.0,0,0,0,0,1,0,0,0,0,1,0,0,0,1
359000.0,120.0,13.63,764.0,12.0,50.0,0.0,0,0,0,0,1,1,0,0,0,0,0,1,0,0
396000.0,360.0,10.64,643.0,2.39,57.0,4.0,0,0,1,0,0,0,0,0,0,0,0,1,1,0
876000.0,240.0,13.02,739.0,9.01,59.0,4.0,0,0,0,1,0,0,0,0,0,0,0,1,0,1
100000.0,24.0,11.14,712.0,11.18,30.0,4.0,0,0,0,0,1,0,0,1,0,0,0,0,0,1
100000.0,60.0,12.73,649.0,2.89,53.0,1.0,0,0,0,0,0,0,0,0,0,1,1,0,0,1
1075000.0,240.0,12.13,666.0,0.36,29.0,1.0,0,0,1,0,0,0,0,0,0,1,0,1,0,1
314000.0,24.0,10.57,736.0,10.07,48.0,3.0,0,0,0,0,0,0,0,0,0,0,0,1,1,0
512000.0,60.0,11.07,755.0,0.0,57.0,1.0,0,0,0,0,0,1,0,0,0,0,0,0,1,0
413000.0,360.0,7.0,662.0,1.8,59.0,4.0,0,0,1,0,0,0,0,0,0,0,0,1,0,0
260000.0,60.0,10.12,764.0,5.3,49.0,4.0,0,0,0,0,0,0,0,1,0,0,1,0,0,0
100000.0,120.0,12.57,741.0,9.05,54.0,4.0,0,1,0,0,0,0,0,0,0,1,0,0,0,0
209000.0,120.0,8.08,656.0,5.99,30.0,3.0,0,0,0,0,1,1,0,0,0,0,0,1,1,0
643000.0,24.0,11.67,611.0,2.28,26.0,4.0,0,0,0,1,0,0,0,1,0,0,0,1,1,0
491000.0,360.0,8.86,726.0,1.13,47.0,1.0,0,0,0,1,0,0,0,0,1,0,0,1,0,0
645000.0,120.0,12.39,734.0,13.44,38.0,1.0,0,0,0,0,0,0,0,0,0,0,0,0,0,1
100000.0,240.0,12.02,749.0,1.52,47.0,4.0,0,0,0,0,0,0,1,0,0,0,0,0,0,0
100000.0,120.0,8.28,779.0,4.54,52.0,2.0,0,0,0,0,0,0,1,0,0,0,0,1,0,0
293000.0,360.0,13.14,683.0,5.83,65.0,2.0,0,1,0,0,0,0,1,0,0,0,0,0,0,0
541000.0,120.0,8.49,747.0,7.14,55.0,2.0,0,0,1,0,0,0,0,0,0,0,0,1,0,0
356000.0,240.0,14.34,706.0,2.39,44.0,0.0,0,1,0,0,0,0,0,0,0,0,1,0,0,0
509000.0,120.0,12.94,669.0,0.0,23.0,1.0,0,0,0,0,1,0,0,1,0,0,1,0,0,1
761000.0,60.0,10.05,678.0,4.52,32.0,0.0,0,0,0,0,1,0,0,0,1,0,0,0,1,0
989000.0,360.0,9.07,648.0,2.21,39.0,1.0,0,0,0,0,1,0,0,0,0,0,0,0,0,1
593000.0,36.0,8.74,702.0,4.08,41.0,0.0,0,1,0,0,0,1,0,0,0,0,0,1,0,0
238000.0,24.0,14.56,717.0,4.8,57.0,0.0,0,1,0,0,0,0,0,0,0,0,0,0,0,0
416000.0,12.0,10.3,712.0,5.13,36.0,0.0,0,0,0,0,0,1,0,0,0,0,0,1,0,0
319000.0,24.0,11.6,686.0,5.81,32.0,4.0,0,0,0,1,0,0,1,0,0,0,0,1,1,0
874000.0,36.0,10.77,792.0,3.08,59.0,3.0,0,0,0,0,1,0,0,0,1,0,1,0,0,1
442000.0,12.0,12.06,644.0,9.32,62.0,4.0,0,0,0,0,1,0,0,1,0,0,1,0,1,0
177000.0,36.0,7.48,681.0,2.92,47.0,0.0,0,0,0,0,1,0,0,1,0,0,0,0,0,1
489000.0,240.0,11.04,642.0,6.3,56.0,0.0,0,1,0,0,0,0,0,0,0,0,0,0,0,1
618000.0,60.0,8.88,722.0,11.25,43.0,2.0,0,0,0,0,1,0,0,1,0,0,0,1,1,0
272000.0,240.0,12.75,732.0,6.05,61.0,3.0,0,0,0,0,1,0,1,0,0,0,0,0,0,0
669000.0,240.0,7.54,795.0,4.83,62.0,0.0,0,0,0,0,1,0,1,0,0,0,0,1,0,0
602000.0,36.0,11.83,696.0,8.25,38.0,0.0,0,1,0,0,0,0,0,0,0,1,0,0,0,0
340000.0,60.0,7.0,649.0,10.47,36.0,1.0,0,0,0,1,0,0,0,0,1,0,0,1,0,0
524000.0,36.0,7.0,679.0,4.43,29.0,4.0,0,1,0,0,0,0,0,1,0,0,0,1,0,0
602000.0,240.0,11.32,616.0,4.48,27.0,1.0,0,0,0,1,0,0,0,0,1,0,0,1,0,1
177000.0,36.0,9.83,693.0,0.0,28.0,3.0,0,1,0,0,0,0,1,0,0,0,0,1,1,0
369000.0,12.0,9.97,770.0,4.3,54.0,2.0,0,0,0,1,0,0,0,0,1,0,1,0,1,0
841000.0,120.0,7.0,699.0,7.42,62.0,0.0,0,0,0,0,0,0,0,0,1,0,0,0,0,1
100000.0,60.0,9.39,685.0,4.6,40.0,0.0,0,0,0,0,0,0,1,0,0,0,0,1,0,0
529000.0,360.0,8.45,669.0,5.94,46.0,0.0,0,0,1,0,0,0,0,0,0,1,0,1,0,0
265000.0,60.0,9.02,725.0,4.57,49.0,3.0,0,0,0,0,0,0,1,0,0,0,0,1,1,0
635000.0,120.0,10.2,718.0,2.68,65.0,4.0,0,0,0,0,0,0,0,0,0,1,0,1,0,1
625000.0,240.0,8.12,748.0,6.97,34.0,1.0,0,0,0,0,1,0,0,1,0,0,0,0,1,0
434000.0,60.0,11.5,679.0,1.69,64.0,1.0,0,0,0,0,0,1,0,0,0,0,1,0,0,1
672000.0,24.0,10.81,736.0,3.51,46.0,4.0,0,0,0,0,0,0,0,0,0,0,0,1,1,0
498000.0,24.0,10.47,715.0,5.17,30.0,4.0,0,1,0,0,0,0,0,0,0,1,0,0,1,0
824000.0,60.0,11.97,659.0,7.81,41.0,0.0,0,0,1,0,0,0,0,0,0,1,0,0,0,0
100000.0,36.0,11.32,733.0,2.22,46.0,1.0,0,0,0,0,0,1,0,0,0,0,1,0,1,0
134000.0,60.0,11.95,759.0,1.27,27.0,1.0,0,0,0,1,0,1,0,0,0,0,1,0,0,0
147000.0,360.0,14.4,790.0,19.59,31.0,2.0,0,0,0,0,1,0,1,0,0,0,0,1,1,0
254000.0,24.0,7.65,677.0,10.84,53.0,1.0,0,0,0,0,0,0,0,0,0,0,1,0,0,0
290000.0,24.0,11.54,724.0,1.58,47.0,2.0,0,0,0,0,1,0,1,0,0,0,0,0,0,1
551000.0,60.0,7.98,624.0,8.33,39.0,3.0,0,1,0,0,0,1,0,0,0,0,0,1,0,0
731000.0,36.0,8.29,706.0,3.34,57.0,0.0,0,1,0,0,0,0,0,0,0,0,0,0,0,1
599000.0,120.0,12.99,656.0,16.31,31.0,4.0,0,0,0,0,0,0,1,0,0,0,0,1,0,0
993000.0,24.0,9.91,714.0,7.86,56.0,0.0,0,0,1,0,0,0,0,1,0,0,1,0,1,0
389000.0,24.0,12.96,712.0,7.05,49.0,0.0,0,0,0,1,0,0,0,0,0,0,0,1,0,0
506000.0,240.0,13.61,629.0,7.48,52.0,0.0,0,0,0,1,0,0,0,0,1,0,0,0,0,1
100000.0,120.0,8.73,736.0,2.63,52.0,2.0,1,0,0,0,0,0,0,1,0,0,0,1,0,1
619000.0,360.0,9.97,778.0,5.78,51.0,4.0,0,0,0,0,0,0,0,0,0,1,0,1,0,0
111000.0,12.0,9.88,695.0,0.38,23.0,3.0,0,1,0,0,0,0,1,0,0,0,0,1,0,0
481000.0,24.0,8.02,581.0,9.8,56.0,2.0,0,0,0,0,1,1,0,0,0,0,0,1,1,0
100000.0,24.0,10.32,633.0,5.65,39.0,0.0,0,0,0,1,0,0,1,0,0,0,0,0,1,0
591000.0,60.0,7.93,722.0,0.0,59.0,1.0,0,0,1,0,0,0,0,0,0,0,1,0,0,1
728000.0,60.0,11.02,776.0,1.78,52.0,1.0,0,0,0,0,0,0,0,0,1,0,0,0,0,0
742000.0,36.0,9.22,711.0,14.29,61.0,3.0,0,0,0,0,0,0,0,0,1,0,0,0,0,1
1096000.0,24.0,11.15,704.0,11.21,28.0,2.0,0,1,0,0,0,0,1,0,0,0,0,0,0,0
256000.0,12.0,9.82,702.0,4.92,65.0,2.0,0,0,1,0,0,0,0,1,0,0,0,1,1,0
595000.0,12.0,11.51,654.0,6.0,44.0,2.0,0,0,0,0,0,0,0,0,0,0,0,0,0,0
341000.0,240.0,12.43,682.0,0.0,33.0,1.0,0,1,0,0,0,0,0,1,0,0,0,1,0,1
657000.0,60.0,7.47,735.0,7.04,57.0,4.0,0,0,0,0,0,0,0,0,1,0,0,0,0,1
569000.0,120.0,11.5,669.0,1.46,60.0,0.0,0,0,1,0,0,0,1,0,0,0,0,1,0,1
998000.0,360.0,10.44,774.0,7.06,45.0,0.0,0,1,0,0,0,0,0,0,0,1,0,0,0,1
435000.0,12.0,12.32,654.0,10.46,41.0,1.0,0,0,0,0,1,0,0,0,0,0,1,0,0,1
1047000.0,24.0,9.44,659.0,0.0,22.0,4.0,0,1,0,0,0,0,1,0,0,0,0,0,0,0
771000.0,360.0,13.07,803.0,6.08,60.0,2.0,0,0,0,1,0,0,0,0,0,0,0,0,1,0
245000.0,12.0,9.17,658.0,1.25,24.0,3.0,0,0,0,0,1,0,0,0,0,0,0,0,1,0
774000.0,360.0,9.99,781.0,4.05,36.0,0.0,0,0,0,0,1,0,0,0,0,0,0,1,0,0
180000.0,24.0,7.57,694.0,20.0,54.0,4.0,0,0,0,0,1,0,0,0,0,0,0,0,0,1
776000.0,24.0,10.48,678.0,9.57,29.0,1.0,0,1,0,0,0,0,0,1,0,0,1,0,0,1
589000.0,36.0,11.78,664.0,5.52,24.0,1.0,0,0,0,1,0,0,0,0,1,0,0,1,0,1
461000.0,36.0,11.27,644.0,5.48,62.0,2.0,0,0,0,0,0,0,1,0,0,0,0,0,1,0
432000.0,12.0,12.58,673.0,10.15,30.0,4.0,0,0,0,1,0,1,0,0,0,0,0,1,1,0
872000.0,12.0,9.66,679.0,4.26,40.0,3.0,0,0,1,0,0,0,0,0,0,1,0,0,0,1
100000.0,60.0,11.26,639.0,3.77,53.0,2.0,0,0,1,0,0,0,0,1,0,0,0,0,1,0
647000.0,60.0,9.96,660.0,3.34,21.0,4.0,0,0,0,1,0,0,0,0,1,0,1,0,0,1
386000.0,12.0,8.2,734.0,0.78,43.0,4.0,0,0,0,0,0,0,0,0,0,1,1,0,1,0
410000.0,36.0,7.51,631.0,0.0,36.0,3.0,0,0,0,0,0,0,1,0,0,0,0,0,1,0
427000.0,12.0,13.68,731.0,5.76,47.0,0.0,0,0,0,0,0,0,1,0,0,0,0,0,0,1
530000.0,24.0,10.1,711.0,3.79,25.0,0.0,0,1,0,0,0,0,0,1,0,0,1,0,0,1
623000.0,60.0,11.76,732.0,13.0,54.0,2.0,0,0,1,0,0,1,0,0,0,0,1,0,0,1
462000.0,360.0,10.71,691.0,2.85,26.0,1.0,0,0,0,1,0,0,0,0,0,1,1,0,0,0
100000.0,24.0,9.16,676.0,10.31,39.0,3.0,0,1,0,0,0,0,1,0,0,0,1,0,0,0
221000.0,360.0,12.29,614.0,4.01,32.0,2.0,0,0,0,1,0,0,0,0,1,0,0,1,0,0
732000.0,24.0,13.22,662.0,11.76,62.0,0.0,0,0,0,0,1,0,0,1,0,0,1,0,0,1
100000.0,36.0,10.52,692.0,6.63,39.0,1.0,0,0,0,0,1,0,0,0,0,1,1,0,0,1
755000.0,120.0,11.86,625.0,4.44,61.0,0.0,0,0,0,0,1,1,0,0,0,0,0,0,0,1
100000.0,60.0,11.98,740.0,10.1,65.0,0.0,0,0,0,0,0,0,0,0,1,0,1,0,1,0
359000.0,360.0,9.67,725.0,0.95,27.0,4.0,0,0,0,0,1,0,0,0,1,0,0,1,0,1
511000.0,120.0,8.21,655.0,5.61,63.0,3.0,0,0,0,0,1,0,0,0,1,0,0,0,0,0
581000.0,12.0,10.45,787.0,2.46,32.0,2.0,0,0,0,0,0,0,0,0,0,1,1,0,0,1
100000.0,24.0,9.64,658.0,4.97,59.0,4.0,0,0,1,0,0,1,0,0,0,0,0,0,0,0
723000.0,36.0,8.44,717.0,6.82,27.0,0.0,0,0,0,0,1,0,0,1,0,0,1,0,1,0
706000.0,60.0,8.57,715.0,0.0,58.0,3.0,0,1,0,0,0,0,0,0,0,0,0,1,1,0
100000.0,120.0,8.39,631.0,3.81,31.0,0.0,0,1,0,0,0,0,0,0,0,1,0,0,0,0
738000.0,24.0,11.1,760.0,4.72,42.0,4.0,0,0,0,0,0,0,0,1,0,0,0,1,0,0
829000.0,240.0,10.12,738.0,0.57,26.0,2.0,0,0,0,1,0,0,1,0,0,0,0,1,1,0
334000.0,60.0,9.0,757.0,2.3,40.0,2.0,0,0,0,0,0,0,1,0,0,0,0,1,0,1
808000.0,12.0,8.78,712.0,19.05,49.0,4.0,0,0,0,1,0,1,0,0,0,0,0,0,0,0
344000.0,360.0,13.14,756.0,0.65,56.0,4.0,0,0,0,0,0,0,0,0,0,1,0,1,0,1
138000.0,24.0,10.59,730.0,0.0,63.0,1.0,0,0,0,1,0,1,0,0,0,0,0,1,0,0
100000.0,60.0,8.84,796.0,0.95,57.0,4.0,0,0,0,0,1,0,1,0,0,0,0,0,0,1
264000.0,360.0,11.29,698.0,0.92,24.0,2.0,0,0,1,0,0,0,0,1,0,0,0,1,0,1
763000.0,120.0,7.0,727.0,7.83,27.0,2.0,0,0,0,0,1,0,0,0,0,1,0,0,0,1
362000.0,12.0,9.34,688.0,16.91,44.0,4.0,0,0,1,0,0,0,1,0,0,0,1,0,0,0
100000.0,12.0,7.0,649.0,6.85,64.0,1.0,0,0,0,0,1,1,0,0,0,0,0,1,0,1
791000.0,240.0,8.32,621.0,3.67,31.0,0.0,0,0,1,0,0,0,0,0,1,0,1,0,1,0
952000.0,120.0,11.56,686.0,2.23,27.0,0.0,0,0,1,0,0,0,0,1,0,0,0,1,1,0
198000.0,36.0,9.31,728.0,5.05,64.0,0.0,0,0,1,0,0,0,0,1,0,0,0,0,0,1
474000.0,12.0,11.18,645.0,4.27,21.0,0.0,0,1,0,0,0,0,0,0,0,0,1,0,1,0
100000.0,60.0,7.0,754.0,8.39,43.0,1.0,0,0,0,0,1,0,0,0,1,0,1,0,0,0
100000.0,360.0,11.75,742.0,13.47,28.0,3.0,0,0,0,0,0,0,1,0,0,0,1,0,1,0
100000.0,24.0,10.98,791.0,2.09,65.0,1.0,0,0,0,0,0,0,0,0,1,0,0,0,0,0
576000.0,24.0,11.33,779.0,4.91,35.0,3.0,0,0,0,0,1,0,0,0,1,0,0,1,1,0
477000.0,120.0,10.57,640.0,0.0,64.0,0.0,0,1,0,0,0,0,0,1,0,0,0,0,1,0
100000.0,240.0,10.75,717.0,17.46,60.0,0.0,0,0,0,1,0,0,1,0,0,0,1,0,0,0
184000.0,60.0,8.14,751.0,3.71,29.0,3.0,0,1,0,0,0,0,0,0,0,1,0,0,0,0
1121000.0,120.0,8.98,689.0,0.64,57.0,3.0,0,0,0,1,0,0,0,0,1,0,0,1,0,0
100000.0,24.0,11.98,767.0,13.03,37.0,1.0,0,0,0,1,0,0,0,0,1,0,0,1,1,0
665000.0,240.0,11.35,762.0,5.29,63.0,4.0,0,0,1,0,0,0,1,0,0,0,1,0,1,0
256000.0,360.0,7.0,692.0,5.55,64.0,0.0,0,1,0,0,0,0,0,1,0,0,1,0,0,1
314000.0,36.0,9.6,708.0,5.07,52.0,4.0,0,1,0,0,0,0,0,1,0,0,0,0,1,0
677000.0,24.0,12.87,664.0,2.32,47.0,2.0,0,0,0,1,0,0,1,0,0,0,1,0,1,0
813000.0,12.0,12.19,670.0,3.58,35.0,1.0,0,0,0,0,1,0,0,0,1,0,0,0,0,1
513000.0,360.0,9.86,726.0,5.05,31.0,4.0,0,0,1,0,0,0,0,0,1,0,0,0,0,1
655000.0,24.0,10.35,651.0,12.84,52.0,3.0,0,0,0,1,0,0,0,0,1,0,0,1,0,1
392000.0,36.0,10.58,637.0,2.94,26.0,1.0,0,0,0,1,0,0,1,0,0,0,1,0,0,0
248000.0,360.0,9.99,620.0,0.0,35.0,0.0,0,0,1,0,0,0,0,1,0,0,1,0,0,0
592000.0,36.0,7.25,792.0,5.39,56.0,0.0,0,0,0,0,1,0,0,0,1,0,0,1,0,1
438000.0,120.0,12.74,762.0,11.59,57.0,3.0,0,0,0,1,0,0,0,1,0,0,0,0,0,1
769000.0,120.0,10.3,695.0,3.74,55.0,4.0,0,0,0,0,1,1,0,0,0,0,0,0,1,0
1007000.0,360.0,8.96,766.0,0.0,34.0,4.0,0,1,0,0,0,1,0,0,0,0,0,0,1,0
783000.0,12.0,7.36,698.0,11.72,43.0,0.0,0,0,1,0,0,0,1,0,0,0,0,0,1,0
276000.0,36.0,7.98,632.0,0.0,61.0,0.0,0,0,0,1,0,0,0,0,1,0,1,0,0,0
222000.0,12.0,12.54,661.0,1.99,29.0,1.0,0,0,0,0,0,0,0,1,0,0,0,1,1,0
228000.0,12.0,11.38,771.0,4.91,32.0,0.0,0,0,1,0,0,0,0,0,0,0,0,1,1,0
641000.0,12.0,9.49,655.0,2.84,65.0,2.0,0,0,0,0,1,0,0,0,1,0,0,0,0,1
612000.0,60.0,10.74,693.0,3.63,60.0,3.0,0,0,1,0,0,1,0,0,0,0,0,1,0,0
602000.0,36.0,10.52,792.0,5.34,52.0,2.0,0,0,0,0,0,0,0,0,1,0,1,0,0,1
629000.0,36.0,9.88,652.0,0.0,46.0,1.0,0,0,0,1,0,0,1,0,0,0,0,0,1,0
822000.0,36.0,11.83,761.0,0.0,54.0,1.0,0,0,0,0,1,0,0,0,1,0,1,0,1,0
800000.0,240.0,10.78,787.0,6.44,37.0,4.0,0,0,0,0,1,0,1,0,0,0,0,1,0,1
944000.0,36.0,8.82,643.0,1.9,36.0,4.0,0,0,0,1,0,0,1,0,0,0,1,0,1,0
511000.0,12.0,9.9,701.0,2.56,22.0,3.0,0,0,0,0,0,0,0,0,0,1,1,0,0,0
338000.0,240.0,8.98,675.0,8.93,49.0,1.0,0,0,1,0,0,0,1,0,0,0,0,0,0,0
100000.0,24.0,12.0,688.0,0.0,55.0,0.0,0,0,1,0,0,0,0,0,0,0,1,0,0,1
332000.0,240.0,10.01,694.0,3.4,23.0,0.0,0,0,0,0,1,1,0,0,0,0,1,0,0,0
879000.0,120.0,10.74,632.0,0.0,58.0,4.0,0,0,0,0,0,0,0,1,0,0,0,1,0,1
681000.0,240.0,8.03,648.0,6.43,24.0,1.0,0,0,0,0,1,1,0,0,0,0,1,0,0,1
540000.0,240.0,7.78,698.0,1.43,28.0,4.0,0,0,1,0,0,0,1,0,0,0,1,0,1,0
725000.0,360.0,9.41,677.0,11.09,41.0,3.0,1,0,0,0,0,0,0,0,1,0,0,1,0,0
891000.0,360.0,10.85,652.0,15.57,56.0,2.0,0,0,1,0,0,1,0,0,0,0,0,1,0,0
403000.0,360.0,8.27,593.0,1.74,35.0,1.0,0,0,0,0,0,1,0,0,0,0,0,0,0,0
635000.0,36.0,9.37,676.0,3.01,36.0,2.0,0,0,0,0,1,0,0,0,0,1,0,0,1,0
941000.0,120.0,9.26,702.0,7.28,59.0,2.0,0,0,0,0,1,1,0,0,0,0,1,0,0,0
491000.0,24.0,8.21,651.0,5.26,53.0,0.0,0,0,0,0,1,0,0,0,0,0,1,0,1,0
723000.0,120.0,14.31,663.0,6.41,35.0,0.0,0,0,0,0,0,0,0,1,0,0,0,1,0,0
533000.0,60.0,10.86,725.0,7.59,54.0,3.0,0,0,0,0,0,1,0,0,0,0,1,0,0,0
550000.0,240.0,8.05,700.0,6.69,53.0,3.0,0,1,0,0,0,0,1,0,0,0,1,0,0,1
429000.0,24.0,9.32,627.0,4.12,22.0,1.0,0,0,1,0,0,0,0,1,0,0,1,0,1,0
304000.0,240.0,9.86,647.0,6.76,39.0,3.0,0,1,0,0,0,0,0,0,1,0,0,1,1,0
374000.0,24.0,12.79,629.0,3.07,56.0,0.0,0,0,0,1,0,0,1,0,0,0,0,1,0,1
848000.0,36.0,11.62,718.0,4.23,26.0,4.0,0,0,0,0,0,0,0,0,1,0,0,1,0,0
300000.0,120.0,12.32,685.0,2.22,56.0,0.0,0,0,0,0,1,0,0,0,0,0,0,0,0,0
734000.0,240.0,11.33,698.0,9.5,57.0,4.0,0,0,1,0,0,0,0,0,0,0,0,0,0,1
607000.0,24.0,8.71,712.0,0.54,39.0,1.0,0,0,1,0,0,0,0,0,0,1,1,0,0,0
484000.0,360.0,9.16,697.0,7.95,49.0,2.0,0,0,1,0,0,0,0,0,0,1,0,0,0,0
521000.0,60.0,10.53,704.0,8.59,47.0,1.0,0,0,0,0,1,1,0,0,0,0,0,0,0,0
100000.0,36.0,9.44,586.0,2.04,55.0,4.0,0,0,0,1,0,0,1,0,0,0,0,1,0,1
146000.0,60.0,11.95,697.0,8.16,50.0,4.0,0,0,0,0,1,0,1,0,0,0,0,1,0,0
640000.0,360.0,9.59,749.0,10.08,51.0,4.0,0,0,0,0,1,0,0,0,0,1,0,1,0,1
684000.0,360.0,14.22,676.0,4.68,63.0,2.0,0,0,1,0,0,0,0,0,0,0,0,1,0,0
529000.0,24.0,9.24,788.0,0.0,37.0,0.0,0,0,0,0,0,0,0,1,0,0,1,0,1,0
623000.0,12.0,10.04,704.0,0.0,57.0,4.0,0,0,0,0,1,0,1,0,0,0,0,1,0,0
1242000.0,360.0,9.21,712.0,8.3,56.0,3.0,0,0,0,0,1,0,1,0,0,0,0,1,0,1
573000.0,60.0,12.67,699.0,8.14,50.0,2.0,0,0,0,1,0,0,0,0,0,0,0,1,0,0
622000.0,120.0,7.07,703.0,0.0,34.0,2.0,0,0,0,0,1,1,0,0,0,0,0,0,0,1
525000.0,120.0,8.72,743.0,11.31,28.0,0.0,0,0,0,0,0,0,0,1,0,0,1,0,0,0
100000.0,120.0,7.35,746.0,1.89,45.0,1.0,0,0,0,1,0,0,0,1,0,0,0,1,0,1
279000.0,240.0,12.62,769.0,8.07,21.0,4.0,0,1,0,0,0,0,0,0,0,1,1,0,1,0
898000.0,12.0,9.69,686.0,13.58,37.0,4.0,0,0,0,1,0,1,0,0,0,0,0,1,0,0
779000.0,24.0,13.55,704.0,6.41,56.0,1.0,0,0,0,1,0,0,0,0,0,0,0,1,1,0
664000.0,120.0,7.0,695.0,4.27,36.0,4.0,0,0,1,0,0,0,0,0,1,0,1,0,1,0
286000.0,360.0,9.03,746.0,8.06,37.0,3.0,0,0,0,0,0,0,0,0,0,0,0,0,0,1
549000.0,60.0,14.92,690.0,20.66,53.0,0.0,0,0,0,1,0,1,0,0,0,0,0,0,1,0
713000.0,240.0,13.3,666.0,4.81,60.0,4.0,0,0,1,0,0,0,1,0,0,0,0,1,0,1
683000.0,24.0,11.33,669.0,8.42,46.0,0.0,0,0,0,0,0,1,0,0,0,0,0,1,1,0
605000.0,36.0,8.69,695.0,16.49,50.0,1.0,0,0,0,1,0,0,0,0,0,1,1,0,0,0
1244000.0,120.0,10.06,707.0,4.77,57.0,0.0,0,0,0,1,0,0,1,0,0,0,1,0,0,1
754000.0,12.0,10.44,635.0,0.0,51.0,4.0,0,0,0,0,1,0,0,1,0,0,0,1,0,0
1116000.0,36.0,11.53,760.0,2.55,22.0,1.0,0,0,0,1,0,0,1,0,0,0,0,0,0,0
309000.0,36.0,12.35,721.0,10.2,58.0,2.0,0,0,0,1,0,0,1,0,0,0,1,0,0,1
100000.0,24.0,8.44,636.0,2.98,59.0,1.0,0,0,0,0,1,1,0,0,0,0,0,0,0,0
167000.0,120.0,15.02,713.0,2.99,60.0,3.0,0,0,0,1,0,0,0,0,0,0,0,0,0,0
340000.0,12.0,7.48,686.0,5.75,22.0,1.0,0,0,1,0,0,0,0,1,0,0,0,1,0,0
653000.0,12.0,11.05,717.0,2.95,58.0,1.0,0,0,0,0,0,0,0,0,1,0,0,0,1,0
111000.0,36.0,11.8,705.0,0.0,40.0,1.0,0,0,0,1,0,0,0,0,0,1,0,0,0,1
534000.0,24.0,11.01,718.0,3.97,62.0,1.0,0,1,0,0,0,0,0,0,1,0,0,0,0,0
642000.0,240.0,10.84,710.0,0.66,25.0,2.0,0,1,0,0,0,0,0,0,1,0,0,0,1,0
1056000.0,24.0,13.62,712.0,4.45,59.0,2.0,0,0,0,1,0,1,0,0,0,0,0,1,0,1
276000.0,360.0,12.67,744.0,2.99,40.0,3.0,0,0,0,0,1,0,0,1,0,0,0,1,0,0
739000.0,120.0,12.46,679.0,7.42,61.0,2.0,0,0,1,0,0,0,1,0,0,0,0,0,0,1
100000.0,240.0,9.88,677.0,6.99,61.0,1.0,0,1,0,0,0,0,0,0,0,0,1,0,0,1
540000.0,60.0,11.86,597.0,3.11,22.0,2.0,0,0,0,0,1,0,0,1,0,0,0,1,0,0
275000.0,360.0,11.53,634.0,6.39,48.0,1.0,0,0,0,1,0,0,0,0,1,0,0,1,0,1
173000.0,36.0,10.2,706.0,9.0,36.0,4.0,0,0,0,1,0,0,1,0,0,0,0,0,1,0
553000.0,24.0,12.29,659.0,12.71,31.0,0.0,0,0,0,0,0,1,0,0,0,0,0,1,0,0
579000.0,360.0,13.22,720.0,0.17,64.0,3.0,0,1,0,0,0,0,0,1,0,0,0,1,0,1
473000.0,60.0,11.99,653.0,6.3,28.0,1.0,0,1,0,0,0,0,0,0,0,1,0,0,0,1
650000.0,36.0,10.87,659.0,9.9,48.0,3.0,0,0,1,0,0,1,0,0,0,0,1,0,0,0
857000.0,36.0,10.02,623.0,2.0,49.0,0.0,0,1,0,0,0,0,0,0,0,1,0,1,0,0
940000.0,120.0,10.61,798.0,2.93,45.0,2.0,0,0,0,0,0,0,0,0,0,1,1,0,1,0
547000.0,60.0,8.27,735.0,7.57,61.0,1.0,0,0,1,0,0,0,1,0,0,0,0,0,0,0
138000.0,24.0,13.02,716.0,4.78,38.0,0.0,0,0,0,0,0,0,0,0,0,1,1,0,0,0
232000.0,360.0,13.08,811.0,6.89,54.0,1.0,0,0,0,0,0,0,0,0,0,1,1,0,0,0
191000.0,24.0,10.08,789.0,4.17,21.0,0.0,0,0,1,0,0,0,0,0,1,0,1,0,0,1
891000.0,12.0,12.77,725.0,1.23,24.0,3.0,0,0,0,0,0,0,0,1,0,0,1,0,0,0
602000.0,120.0,11.37,679.0,0.0,44.0,0.0,0,0,0,0,0,1,0,0,0,0,0,1,0,0
451000.0,24.0,9.66,707.0,0.0,57.0,2.0,0,1,0,0,0,1,0,0,0,0,0,1,0,1
736000.0,240.0,8.56,711.0,1.36,54.0,3.0,0,0,0,0,1,0,0,0,0,0,0,1,0,1
685000.0,36.0,10.14,673.0,10.11,63.0,1.0,0,1,0,0,0,0,1,0,0,0,1,0,0,0
451000.0,360.0,12.1,745.0,2.58,61.0,2.0,0,0,0,1,0,0,0,0,0,1,0,0,0,0
632000.0,24.0,7.0,616.0,4.81,45.0,1.0,1,0,0,0,1,0,0,0,0,0,1,0,0,0
231000.0,360.0,7.0,723.0,7.04,48.0,4.0,0,0,0,0,1,1,0,0,0,0,0,0,0,0
164000.0,120.0,11.66,569.0,0.54,60.0,0.0,0,1,0,0,0,0,1,0,0,0,0,1,0,0
333000.0,240.0,10.57,708.0,3.54,30.0,1.0,0,1,0,0,0,1,0,0,0,0,1,0,0,1
807000.0,360.0,7.0,689.0,19.28,59.0,1.0,0,0,0,0,1,0,0,1,0,0,1,0,0,1
833000.0,12.0,9.09,635.0,3.96,53.0,3.0,0,0,0,0,1,0,0,1,0,0,0,0,0,1
825000.0,240.0,8.58,655.0,2.62,63.0,1.0,0,0,0,0,1,0,0,1,0,0,0,0,0,0
695000.0,360.0,14.32,718.0,3.9,37.0,0.0,0,0,1,0,0,0,0,1,0,0,1,0,1,0
565000.0,360.0,9.23,685.0,7.79,32.0,1.0,0,0,0,0,0,0,0,1,0,0,0,0,1,0
498000.0,240.0,10.78,700.0,5.45,32.0,2.0,0,1,0,0,0,0,0,0,0,1,1,0,0,1
482000.0,12.0,11.44,701.0,8.76,43.0,0.0,0,0,0,0,0,0,1,0,0,0,0,0,0,1
273000.0,60.0,12.03,675.0,14.0,32.0,0.0,0,1,0,0,0,0,0,1,0,0,1,0,0,0
715000.0,120.0,13.24,636.0,5.09,49.0,3.0,0,1,0,0,0,0,0,0,0,0,0,0,1,0
429000.0,24.0,7.86,715.0,11.84,57.0,2.0,0,0,0,1,0,1,0,0,0,0,0,0,1,0
546000.0,240.0,12.16,763.0,7.89,46.0,0.0,0,0,1,0,0,0,0,1,0,0,0,0,0,1
508000.0,24.0,9.45,666.0,6.53,60.0,2.0,0,0,0,0,0,1,0,0,0,0,1,0,0,1
234000.0,12.0,10.17,687.0,6.75,29.0,3.0,0,0,0,0,1,0,0,0,0,0,0,1,0,0
420000.0,12.0,8.21,711.0,4.17,59.0,1.0,0,1,0,0,0,0,0,1,0,0,0,1,0,1
424000.0,60.0,10.8,601.0,3.85,32.0,4.0,0,0,1,0,0,1,0,0,0,0,0,0,0,1
671000.0,24.0,10.63,707.0,15.3,21.0,0.0,0,1,0,0,0,0,1,0,0,0,0,1,1,0
297000.0,24.0,8.97,644.0,3.51,34.0,3.0,0,0,0,0,0,0,0,1,0,0,0,1,1,0
464000.0,240.0,10.6,675.0,9.9,22.0,0.0,0,0,0,0,1,0,1,0,0,0,0,0,0,0
634000.0,120.0,10.26,722.0,4.81,49.0,3.0,0,0,0,0,0,0,0,0,0,0,0,1,0,0
650000.0,36.0,10.58,822.0,2.91,65.0,2.0,0,0,0,0,1,0,1,0,0,0,0,1,1,0
141000.0,360.0,10.26,698.0,5.52,23.0,2.0,0,0,0,0,0,0,1,0,0,0,0,0,0,1
547000.0,240.0,13.35,675.0,0.0,56.0,3.0,0,0,1,0,0,0,1,0,0,0,0,0,1,0
752000.0,360.0,10.67,693.0,6.98,62.0,2.0,0,0,0,1,0,0,0,0,0,0,0,0,1,0
608000.0,24.0,12.6,738.0,10.68,41.0,3.0,0,0,0,1,0,0,0,1,0,0,1,0,1,0
100000.0,12.0,8.65,684.0,8.7,35.0,4.0,0,1,0,0,0,0,1,0,0,0,1,0,1,0
866000.0,36.0,11.82,790.0,13.78,35.0,0.0,0,0,0,0,0,0,0,0,0,1,0,0,1,0
366000.0,24.0,8.94,714.0,0.47,31.0,0.0,0,0,0,0,0,0,0,1,0,0,0,0,0,0
287000.0,24.0,11.02,703.0,3.0,43.0,3.0,0,1,0,0,0,0,1,0,0,0,0,1,0,0
763000.0,12.0,9.67,664.0,17.46,54.0,2.0,0,0,0,0,0,0,0,0,0,0,0,0,0,0
557000.0,120.0,11.84,734.0,6.26,54.0,4.0,0,0,1,0,0,0,0,0,0,1,0,0,0,0
624000.0,240.0,8.85,628.0,1.74,62.0,3.0,0,0,0,1,0,0,0,0,0,1,0,0,0,1
608000.0,60.0,11.03,635.0,5.33,22.0,1.0,0,1,0,0,0,0,0,0,0,1,0,1,1,0
100000.0,24.0,11.89,645.0,10.37,24.0,1.0,0,0,1,0,0,0,0,0,0,1,0,1,1,0
245000.0,24.0,13.44,648.0,0.0,55.0,2.0,0,0,0,0,1,0,1,0,0,0,0,0,1,0
512000.0,12.0,11.07,794.0,4.7,60.0,0.0,0,0,0,0,0,0,0,0,0,1,0,0,0,1
767000.0,360.0,10.5,781.0,7.09,41.0,1.0,0,0,0,0,0,0,0,0,0,0,1,0,0,1
508000.0,120.0,10.6,647.0,16.67,49.0,1.0,0,0,1,0,0,1,0,0,0,0,1,0,0,0
873000.0,12.0,12.46,733.0,5.72,42.0,1.0,0,1,0,0,0,0,0,0,0,0,0,0,1,0
750000.0,24.0,13.73,753.0,14.75,49.0,1.0,0,0,1,0,0,0,1,0,0,0,0,1,1,0
749000.0,120.0,14.46,646.0,10.53,43.0,0.0,0,0,0,0,1,0,0,1,0,0,0,0,0,1
100000.0,120.0,7.04,697.0,9.0,21.0,2.0,0,0,0,0,0,0,0,1,0,0,0,0,1,0
468000.0,120.0,10.81,731.0,7.63,29.0,0.0,0,1,0,0,0,0,0,0,1,0,1,0,0,0
100000.0,120.0,7.65,706.0,0.0,35.0,0.0,0,0,0,0,1,0,0,0,1,0,0,1,1,0
201000.0,360.0,11.15,752.0,9.65,21.0,2.0,0,0,0,1,0,1,0,0,0,0,0,1,0,1
241000.0,360.0,13.23,680.0,0.41,56.0,0.0,0,1,0,0,0,0,0,1,0,0,0,1,0,1
1159000.0,36.0,10.18,727.0,18.29,65.0,1.0,0,0,0,1,0,0,0,0,0,0,0,1,0,0
315000.0,120.0,14.84,702.0,2.88,29.0,2.0,0,0,0,0,0,0,0,0,0,1,0,0,0,1
100000.0,24.0,11.43,744.0,5.64,62.0,2.0,0,0,0,0,0,0,0,0,0,0,0,1,0,1
652000.0,240.0,9.84,707.0,1.02,57.0,4.0,0,0,0,1,0,0,0,0,0,0,0,1,0,1
551000.0,360.0,13.08,705.0,4.39,57.0,3.0,0,0,0,0,0,0,1,0,0,0,0,0,0,1
100000.0,120.0,10.86,687.0,2.84,43.0,3.0,0,1,0,0,0,0,0,0,0,1,0,0,0,0
615000.0,12.0,12.44,628.0,9.93,62.0,1.0,0,0,0,0,0,1,0,0,0,0,0,0,0,1
563000.0,24.0,7.74,707.0,5.2,41.0,2.0,0,0,0,0,0,0,0,0,0,1,1,0,0,1
100000.0,60.0,12.56,758.0,7.43,32.0,0.0,0,1,0,0,0,1,0,0,0,0,0,0,1,0
253000.0,120.0,8.04,692.0,9.6,39.0,0.0,0,0,1,0,0,1,0,0,0,0,0,1,0,1
839000.0,120.0,10.44,670.0,3.09,29.0,3.0,0,0,0,1,0,0,0,0,0,0,0,1,0,1
165000.0,60.0,11.57,605.0,5.68,48.0,2.0,0,0,1,0,0,0,0,0,1,0,0,0,0,0
721000.0,60.0,7.0,723.0,10.54,43.0,0.0,0,0,1,0,0,0,0,0,0,1,0,0,0,0
356000.0,36.0,9.01,607.0,18.61,30.0,2.0,0,0,0,1,0,0,0,1,0,0,0,0,0,0
353000.0,120.0,7.0,637.0,0.83,23.0,4.0,0,0,0,0,1,1,0,0,0,0,0,1,0,0
664000.0,60.0,8.01,678.0,12.57,58.0,3.0,0,1,0,0,0,0,0,0,1,0,0,1,0,1
943000.0,60.0,10.97,778.0,6.83,24.0,4.0,0,0,0,1,0,1,0,0,0,0,0,1,0,1
399000.0,360.0,11.04,763.0,2.19,58.0,3.0,0,0,0,1,0,0,0,1,0,0,0,0,0,0
487000.0,60.0,11.98,655.0,6.01,34.0,0.0,0,1,0,0,0,1,0,0,0,0,0,1,1,0
221000.0,12.0,8.4,723.0,0.0,44.0,4.0,0,1,0,0,0,0,0,0,1,0,0,1,0,0
363000.0,120.0,10.67,717.0,15.93,31.0,2.0,0,0,1,0,0,0,0,1,0,0,1,0,0,0
670000.0,24.0,11.2,691.0,10.64,42.0,1.0,0,1,0,0,0,0,1,0,0,0,0,0,1,0
347000.0,24.0,14.12,682.0,5.24,62.0,1.0,0,1,0,0,0,0,0,0,0,1,1,0,1,0
862000.0,360.0,9.43,643.0,0.73,34.0,0.0,0,0,1,0,0,0,1,0,0,0,1,0,0,1
530000.0,240.0,13.09,702.0,11.46,59.0,0.0,0,1,0,0,0,0,0,0,1,0,1,0,1,0
502000.0,240.0,12.63,688.0,4.58,46.0,0.0,0,0,1,0,0,0,0,0,0,0,0,1,1,0
666000.0,24.0,8.28,678.0,14.29,62.0,1.0,0,0,1,0,0,0,0,0,0,1,1,0,1,0
558000.0,12.0,12.8,731.0,5.65,34.0,3.0,0,0,1,0,0,0,1,0,0,0,0,1,0,1
944000.0,12.0,11.38,631.0,4.94,47.0,3.0,0,0,1,0,0,0,0,0,1,0,0,1,0,1
478000.0,12.0,9.32,658.0,11.52,35.0,4.0,0,1,0,0,0,0,0,0,0,1,0,0,0,1
100000.0,60.0,14.22,701.0,4.59,53.0,2.0,0,0,1,0,0,1,0,0,0,0,0,1,1,0
647000.0,240.0,10.08,684.0,4.43,37.0,4.0,0,0,0,0,0,0,0,0,0,0,1,0,0,0
1165000.0,360.0,10.01,733.0,0.73,30.0,0.0,0,1,0,0,0,0,0,1,0,0,1,0,0,1
493000.0,120.0,11.69,644.0,0.0,52.0,1.0,0,0,0,0,1,0,0,0,1,0,0,0,0,1
259000.0,60.0,9.55,762.0,3.74,43.0,1.0,0,0,1,0,0,1,0,0,0,0,1,0,1,0
100000.0,36.0,9.6,761.0,6.68,57.0,1.0,0,0,0,1,0,0,0,1,0,0,0,1,0,0
233000.0,360.0,9.76,779.0,1.73,40.0,4.0,0,1,0,0,0,0,0,0,0,1,1,0,0,0
671000.0,360.0,9.03,772.0,3.1,29.0,0.0,0,1,0,0,0,0,0,0,0,0,0,0,1,0
534000.0,12.0,11.34,628.0,18.6,24.0,3.0,0,0,0,1,0,0,1,0,0,0,0,0,0,1
224000.0,36.0,10.95,776.0,9.3,21.0,4.0,0,0,1,0,0,1,0,0,0,0,0,1,1,0
446000.0,120.0,9.02,699.0,5.88,53.0,0.0,0,1,0,0,0,0,0,0,0,1,1,0,0,1
869000.0,36.0,10.24,675.0,13.57,62.0,2.0,0,0,0,0,0,0,0,0,0,1,0,0,1,0
927000.0,360.0,12.95,756.0,4.01,54.0,1.0,0,0,1,0,0,0,0,0,0,1,0,1,0,1
532000.0,120.0,13.25,657.0,3.64,45.0,3.0,0,1,0,0,0,0,0,0,0,0,0,0,0,1
1125000.0,240.0,10.25,715.0,4.19,27.0,1.0,0,0,1,0,0,0,0,1,0,0,1,0,0,1
271000.0,12.0,10.34,669.0,5.41,56.0,1.0,0,0,0,0,0,0,0,0,0,1,0,0,0,0
536000.0,24.0,12.02,692.0,6.18,29.0,3.0,0,0,0,0,1,0,0,0,0,0,0,0,0,1
431000.0,360.0,13.59,691.0,4.35,62.0,1.0,0,0,0,0,1,0,0,0,0,0,1,0,0,1
353000.0,12.0,11.2,729.0,1.96,50.0,4.0,0,0,0,0,1,0,0,1,0,0,1,0,0,0
664000.0,60.0,8.27,754.0,5.96,52.0,0.0,0,0,0,0,1,0,0,1,0,0,1,0,0,1
265000.0,24.0,12.17,748.0,11.96,24.0,4.0,0,0,1,0,0,0,0,1,0,0,0,0,0,0
121000.0,120.0,9.8,740.0,1.52,29.0,3.0,0,0,0,0,0,0,0,0,1,0,0,1,0,1
556000.0,60.0,9.3,717.0,14.83,45.0,4.0,0,0,0,0,0,0,0,0,0,1,0,1,0,0
818000.0,24.0,7.78,673.0,8.12,60.0,2.0,0,1,0,0,0,0,0,0,1,0,0,1,0,0
565000.0,120.0,9.47,638.0,3.15,65.0,0.0,0,0,0,0,1,0,1,0,0,0,1,0,0,1
956000.0,120.0,10.57,765.0,13.43,34.0,0.0,0,0,0,0,1,1,0,0,0,0,1,0,0,1
946000.0,12.0,9.58,740.0,7.09,23.0,2.0,0,0,0,0,1,0,0,0,0,1,0,0,0,0
335000.0,360.0,12.17,683.0,4.77,35.0,4.0,0,0,0,0,0,0,0,0,1,0,0,0,0,1
100000.0,240.0,9.68,602.0,11.0,60.0,3.0,0,0,0,0,1,0,0,0,0,1,0,0,0,1
859000.0,12.0,11.34,685.0,20.35,26.0,4.0,0,0,1,0,0,0,0,1,0,0,0,1,1,0
193000.0,24.0,13.62,772.0,17.0,26.0,0.0,0,0,0,1,0,0,0,1,0,0,0,0,0,1
462000.0,240.0,10.89,683.0,2.02,21.0,0.0,0,0,0,1,0,0,0,0,0,0,0,1,0,1
1176000.0,36.0,9.17,720.0,12.2,38.0,2.0,0,1,0,0,0,1,0,0,0,0,0,0,1,0
678000.0,240.0,11.49,707.0,5.4,34.0,1.0,0,0,0,0,1,0,0,0,0,1,0,0,0,1
100000.0,240.0,10.56,694.0,1.78,38.0,0.0,0,0,0,1,0,0,0,1,0,0,0,0,0,1
283000.0,12.0,12.73,667.0,0.5,34.0,3.0,0,0,0,1,0,0,0,0,0,1,1,0,1,0
297000.0,240.0,11.64,668.0,12.4,59.0,0.0,0,0,1,0,0,0,0,0,1,0,0,1,0,1
700000.0,36.0,7.6,644.0,4.54,59.0,4.0,0,0,0,1,0,0,0,1,0,0,1,0,0,0
240000.0,60.0,10.83,644.0,2.35,27.0,2.0,0,1,0,0,0,1,0,0,0,0,0,0,1,0
367000.0,240.0,13.5,675.0,2.68,43.0,1.0,0,0,0,1,0,0,0,1,0,0,0,1,0,1
1149000.0,360.0,8.82,677.0,5.26,55.0,0.0,0,0,0,0,1,0,0,0,0,0,0,1,0,1
730000.0,36.0,14.5,676.0,2.45,35.0,3.0,0,1,0,0,0,0,1,0,0,0,0,0,1,0
100000.0,24.0,9.76,577.0,6.53,22.0,4.0,0,0,0,0,0,0,0,1,0,0,0,1,0,0
288000.0,60.0,9.47,722.0,0.0,38.0,2.0,0,1,0,0,0,0,1,0,0,0,1,0,0,1
489000.0,240.0,9.11,710.0,6.19,58.0,0.0,0,0,1,0,0,0,0,1,0,0,0,1,0,1
776000.0,240.0,9.46,617.0,7.82,44.0,2.0,0,0,0,0,0,0,0,0,1,0,0,1,0,1
804000.0,240.0,11.17,677.0,9.58,32.0,0.0,0,0,0,1,0,0,0,0,0,0,0,0,1,0
100000.0,360.0,11.2,696.0,0.0,49.0,3.0,0,0,1,0,0,0,1,0,0,0,1,0,1,0
281000.0,36.0,8.96,759.0,4.23,58.0,2.0,0,0,0,0,1,0,0,0,0,0,0,0,0,0
860000.0,240.0,11.44,656.0,5.05,50.0,1.0,0,0,0,0,1,0,0,0,0,0,0,1,1,0
390000.0,12.0,11.5,633.0,5.71,61.0,4.0,0,0,0,0,1,0,0,0,1,0,0,0,1,0
268000.0,60.0,10.72,712.0,9.77,64.0,2.0,0,0,0,0,1,0,0,0,0,0,0,0,0,0
572000.0,36.0,10.26,751.0,16.09,56.0,2.0,0,0,0,0,0,1,0,0,0,0,1,0,0,0
100000.0,120.0,8.63,634.0,2.01,48.0,0.0,0,0,0,1,0,0,0,0,0,0,0,1,0,1
490000.0,120.0,7.0,610.0,10.73,55.0,2.0,0,0,0,1,0,0,0,0,0,1,0,1,1,0
653000.0,12.0,12.99,608.0,3.36,31.0,0.0,0,0,0,0,1,0,1,0,0,0,1,0,0,1
100000.0,12.0,11.43,692.0,5.95,23.0,1.0,0,0,0,0,0,0,0,1,0,0,0,0,0,0
521000.0,36.0,14.37,724.0,3.86,33.0,0.0,0,0,1,0,0,1,0,0,0,0,0,1,0,0
100000.0,360.0,11.73,758.0,7.78,42.0,2.0,0,1,0,0,0,0,1,0,0,0,0,1,0,1
738000.0,12.0,9.93,727.0,1.22,49.0,3.0,0,0,0,0,0,0,0,0,0,0,0,1,1,0
100000.0,360.0,11.71,685.0,11.18,48.0,2.0,0,0,0,0,1,1,0,0,0,0,0,1,0,0
617000.0,360.0,9.18,612.0,2.94,26.0,1.0,0,0,1,0,0,0,1,0,0,0,0,0,0,0
107000.0,36.0,13.33,658.0,3.66,48.0,2.0,0,1,0,0,0,1,0,0,0,0,0,0,1,0
214000.0,120.0,11.17,643.0,2.26,48.0,4.0,0,0,1,0,0,0,0,0,1,0,0,0,0,1
867000.0,240.0,8.03,695.0,0.17,25.0,3.0,0,0,0,1,0,1,0,0,0,0,0,0,1,0
556000.0,240.0,8.14,749.0,12.02,22.0,3.0,0,0,0,0,1,0,0,0,0,0,0,1,0,1
542000.0,24.0,8.53,648.0,1.43,28.0,0.0,0,0,0,0,0,0,0,0,0,1,0,0,1,0
400000.0,240.0,9.58,655.0,13.72,50.0,1.0,0,0,1,0,0,0,0,1,0,0,0,1,0,1
751000.0,120.0,11.17,670.0,4.64,45.0,2.0,0,0,1,0,0,1,0,0,0,0,1,0,1,0
386000.0,36.0,9.85,646.0,3.62,58.0,1.0,0,0,1,0,0,0,0,0,0,1,0,1,0,1
761000.0,12.0,11.79,688.0,0.0,41.0,1.0,0,0,0,0,1,0,0,1,0,0,0,1,0,1
888000.0,120.0,13.29,616.0,9.55,47.0,3.0,0,0,1,0,0,0,1,0,0,0,0,1,0,0
311000.0,24.0,7.76,644.0,17.47,38.0,0.0,0,0,1,0,0,0,0,1,0,0,0,1,0,0
299000.0,120.0,13.43,634.0,4.39,41.0,0.0,0,0,1,0,0,0,0,0,0,0,0,1,1,0
612000.0,36.0,10.69,750.0,4.88,42.0,1.0,0,0,0,0,0,0,1,0,0,0,0,1,0,0
132000.0,24.0,10.18,695.0,9.2,39.0,3.0,0,1,0,0,0,0,0,0,0,0,0,0,1,0
431000.0,24.0,14.04,684.0,7.38,21.0,2.0,0,0,0,1,0,1,0,0,0,0,0,0,0,1
925000.0,120.0,10.46,789.0,9.16,44.0,1.0,0,0,0,0,1,0,0,0,0,1,0,1,0,1
463000.0,240.0,8.42,711.0,3.81,26.0,3.0,0,0,1,0,0,0,0,0,1,0,0,1,0,0
589000.0,24.0,8.51,621.0,6.16,26.0,0.0,0,1,0,0,0,0,0,1,0,0,1,0,0,0
476000.0,24.0,7.22,709.0,2.54,25.0,2.0,1,0,1,0,0,0,0,1,0,0,1,0,0,1
144000.0,120.0,11.62,722.0,3.58,21.0,4.0,0,0,1,0,0,0,0,0,0,0,0,1,0,1
503000.0,60.0,9.15,690.0,3.89,43.0,1.0,0,0,0,0,1,0,1,0,0,0,0,0,0,0
620000.0,360.0,8.23,679.0,15.4,61.0,2.0,0,0,0,0,1,0,0,0,0,1,1,0,1,0
393000.0,36.0,11.95,684.0,1.31,59.0,3.0,0,0,0,0,1,1,0,0,0,0,0,0,1,0
371000.0,360.0,9.23,581.0,4.63,54.0,3.0,0,0,1,0,0,0,0,0,0,1,1,0,1,0
1239000.0,36.0,8.32,592.0,0.94,31.0,1.0,0,1,0,0,0,0,0,1,0,0,0,1,0,0
1037000.0,60.0,9.55,667.0,5.09,28.0,3.0,0,0,0,1,0,1,0,0,0,0,1,0,0,1
681000.0,120.0,13.07,699.0,9.09,21.0,0.0,0,0,0,1,0,0,0,1,0,0,0,0,0,1
632000.0,240.0,15.34,663.0,3.81,52.0,0.0,0,1,0,0,0,0,0,0,0,1,0,0,0,0
669000.0,12.0,11.95,707.0,0.67,40.0,4.0,0,0,0,0,1,0,0,0,0,0,0,0,1,0
757000.0,120.0,10.24,762.0,5.66,57.0,1.0,0,0,0,1,0,0,0,1,0,0,0,0,0,0
690000.0,36.0,11.43,693.0,3.72,34.0,2.0,0,0,0,0,1,0,0,0,0,1,0,0,0,0
346000.0,36.0,12.43,711.0,3.86,49.0,2.0,0,1,0,0,0,1,0,0,0,0,1,0,0,0
317000.0,36.0,11.29,600.0,2.6,26.0,3.0,0,0,0,1,0,0,0,0,1,0,1,0,1,0
789000.0,240.0,12.77,665.0,8.76,62.0,4.0,0,0,0,0,0,0,0,0,1,0,1,0,1,0
725000.0,360.0,11.37,660.0,2.95,49.0,3.0,0,0,0,0,1,0,0,1,0,0,1,0,1,0
988000.0,36.0,7.76,700.0,3.79,34.0,3.0,0,0,0,1,0,0,0,1,0,0,1,0,1,0
401000.0,60.0,8.78,649.0,18.22,38.0,1.0,0,0,1,0,0,0,0,1,0,0,1,0,1,0
328000.0,36.0,15.22,714.0,2.8,37.0,1.0,0,0,1,0,0,1,0,0,0,0,0,0,0,0
779000.0,24.0,7.0,700.0,15.61,39.0,0.0,0,0,1,0,0,1,0,0,0,0,1,0,0,1
870000.0,120.0,11.63,725.0,10.86,39.0,4.0,0,0,0,1,0,0,0,0,0,1,0,1,1,0
706000.0,240.0,12.6,679.0,5.87,21.0,2.0,0,1,0,0,0,0,0,0,1,0,1,0,1,0
636000.0,36.0,13.26,687.0,5.62,49.0,0.0,0,0,0,0,1,0,1,0,0,0,0,1,1,0
735000.0,360.0,11.41,641.0,4.57,45.0,3.0,0,0,0,0,0,1,0,0,0,0,1,0,0,0
849000.0,12.0,7.76,701.0,3.29,48.0,1.0,0,0,0,0,1,0,0,1,0,0,0,0,0,1
292000.0,120.0,10.3,760.0,10.24,33.0,0.0,0,0,0,1,0,0,0,0,1,0,0,1,0,1
889000.0,60.0,12.9,754.0,4.92,32.0,1.0,0,0,0,0,1,0,0,0,0,1,1,0,0,0
100000.0,60.0,12.8,722.0,7.89,62.0,0.0,0,0,0,1,0,0,0,0,0,1,0,1,0,1
525000.0,360.0,8.85,729.0,0.0,39.0,2.0,0,1,0,0,0,1,0,0,0,0,0,0,0,0
656000.0,36.0,9.05,619.0,10.88,61.0,4.0,0,0,1,0,0,0,0,1,0,0,1,0,0,0
190000.0,24.0,11.17,663.0,8.62,42.0,3.0,0,0,0,0,0,0,1,0,0,0,1,0,1,0
227000.0,60.0,9.74,738.0,5.49,43.0,0.0,0,0,0,0,1,0,0,0,0,1,1,0,1,0
788000.0,12.0,9.15,750.0,8.27,29.0,1.0,0,0,1,0,0,0,0,1,0,0,1,0,0,1
146000.0,24.0,9.76,615.0,4.53,63.0,1.0,0,1,0,0,0,0,0,0,0,1,0,0,0,1
414000.0,120.0,9.82,697.0,10.22,64.0,1.0,0,0,0,0,0,0,0,0,0,0,1,0,1,0
485000.0,240.0,7.87,609.0,12.48,44.0,0.0,1,1,0,0,0,0,0,1,0,0,0,1,1,0
288000.0,12.0,13.79,734.0,7.45,23.0,2.0,0,1,0,0,0,0,1,0,0,0,0,1,0,0
716000.0,360.0,12.82,695.0,11.78,41.0,2.0,0,0,1,0,0,0,0,1,0,0,0,1,0,0
302000.0,240.0,10.29,748.0,20.16,56.0,4.0,0,0,1,0,0,1,0,0,0,0,0,0,0,0
543000.0,12.0,12.47,680.0,3.44,36.0,1.0,0,1,0,0,0,0,1,0,0,0,0,1,0,1
100000.0,12.0,10.35,646.0,5.01,24.0,3.0,0,1,0,0,0,0,0,1,0,0,1,0,0,1
797000.0,24.0,10.63,717.0,0.63,41.0,1.0,0,0,1,0,0,1,0,0,0,0,0,0,0,0
660000.0,12.0,9.95,711.0,7.32,55.0,3.0,0,0,0,0,0,0,0,1,0,0,0,1,0,1
332000.0,360.0,11.28,633.0,0.17,64.0,3.0,0,1,0,0,0,0,0,1,0,0,1,0,0,0
239000.0,240.0,7.87,728.0,5.36,53.0,3.0,0,0,1,0,0,0,0,0,1,0,0,0,1,0
378000.0,60.0,11.79,804.0,7.98,30.0,1.0,0,0,1,0,0,0,0,0,1,0,1,0,0,0
551000.0,360.0,10.0,629.0,8.25,23.0,0.0,0,0,0,0,1,0,0,0,0,1,0,1,0,1
296000.0,24.0,11.72,831.0,3.3,54.0,2.0,0,0,0,1,0,0,0,1,0,0,0,0,1,0
950000.0,12.0,11.35,721.0,4.23,56.0,1.0,0,1,0,0,0,1,0,0,0,0,1,0,0,0
322000.0,60.0,11.25,762.0,7.3,34.0,3.0,0,0,0,0,0,0,0,0,0,1,0,0,0,1
684000.0,360.0,10.3,626.0,8.09,58.0,4.0,0,0,0,0,0,0,1,0,0,0,0,1,0,1
808000.0,60.0,8.4,737.0,18.94,24.0,1.0,0,0,0,0,1,0,0,0,0,0,0,1,0,1
224000.0,240.0,8.3,812.0,0.0,58.0,4.0,0,1,0,0,0,0,0,0,0,1,1,0,1,0
513000.0,12.0,11.73,702.0,4.2,43.0,4.0,0,0,0,0,0,0,0,0,0,1,0,1,0,1
771000.0,240.0,10.46,699.0,2.9,33.0,0.0,0,0,0,1,0,0,0,1,0,0,0,0,0,0
351000.0,24.0,12.03,615.0,10.2,57.0,1.0,0,0,1,0,0,0,1,0,0,0,1,0,1,0
454000.0,24.0,12.31,586.0,19.0,41.0,3.0,0,0,0,0,1,0,0,0,0,1,0,0,1,0
100000.0,36.0,10.46,734.0,10.24,34.0,4.0,0,0,1,0,0,0,0,1,0,0,1,0,0,0
294000.0,240.0,12.13,643.0,9.77,64.0,0.0,0,0,0,0,0,0,1,0,0,0,1,0,0,1
693000.0,24.0,12.39,745.0,8.03,32.0,4.0,0,1,0,0,0,0,1,0,0,0,1,0,0,0
301000.0,60.0,11.26,768.0,5.48,46.0,4.0,0,0,0,1,0,0,0,0,1,0,0,1,1,0
414000.0,120.0,13.87,638.0,5.19,61.0,2.0,0,1,0,0,0,0,0,0,0,1,0,1,0,1
152000.0,240.0,9.73,750.0,6.09,54.0,3.0,0,0,0,0,0,0,0,0,1,0,0,1,0,0
147000.0,36.0,12.04,662.0,10.75,35.0,1.0,0,1,0,0,0,0,1,0,0,0,0,1,1,0
571000.0,240.0,10.62,674.0,1.73,24.0,3.0,0,1,0,0,0,0,0,0,0,0,0,0,0,1
391000.0,36.0,9.91,710.0,2.73,22.0,1.0,0,0,0,1,0,0,0,0,0,0,0,1,0,0
548000.0,24.0,9.83,717.0,7.39,60.0,0.0,0,0,1,0,0,0,0,1,0,0,0,1,0,0
664000.0,36.0,12.83,790.0,7.19,57.0,3.0,0,0,1,0,0,0,0,1,0,0,1,0,0,0
314000.0,36.0,10.39,663.0,7.16,56.0,3.0,0,1,0,0,0,0,0,0,0,0,0,0,1,0
821000.0,240.0,12.65,663.0,5.96,21.0,2.0,0,0,0,0,0,0,0,1,0,0,0,1,0,1
565000.0,60.0,8.24,699.0,6.36,28.0,1.0,0,1,0,0,0,0,1,0,0,0,0,1,0,0
157000.0,360.0,12.34,620.0,6.43,32.0,4.0,0,1,0,0,0,0,0,0,0,1,0,1,0,1
481000.0,240.0,8.14,773.0,8.84,27.0,3.0,0,0,0,0,1,0,1,0,0,0,0,0,0,0
611000.0,360.0,8.11,671.0,6.52,43.0,4.0,0,1,0,0,0,1,0,0,0,0,1,0,0,0
458000.0,120.0,12.35,683.0,5.8,26.0,1.0,0,0,0,0,0,0,0,0,0,0,0,0,0,1
580000.0,240.0,12.19,693.0,6.93,45.0,0.0,0,0,0,0,0,0,1,0,0,0,1,0,0,0
581000.0,24.0,7.21,719.0,10.89,29.0,1.0,0,1,0,0,0,0,0,0,0,0,1,0,1,0
395000.0,120.0,9.92,718.0,3.88,22.0,0.0,0,0,1,0,0,0,1,0,0,0,0,1,0,1
612000.0,12.0,8.92,719.0,18.31,53.0,0.0,0,0,0,0,1,1,0,0,0,0,0,0,1,0
100000.0,24.0,8.88,740.0,2.7,36.0,3.0,0,0,0,0,0,0,0,0,0,1,1,0,1,0
229000.0,60.0,11.19,757.0,6.61,24.0,0.0,0,0,0,0,0,0,0,0,1,0,0,0,1,0
707000.0,36.0,8.11,697.0,5.94,52.0,3.0,0,0,0,1,0,0,0,0,0,0,0,0,1,0
174000.0,120.0,11.51,642.0,4.87,28.0,1.0,0,0,0,0,1,0,0,0,0,0,0,0,0,0
358000.0,360.0,9.11,688.0,6.53,46.0,4.0,0,1,0,0,0,0,0,0,0,0,0,1,1,0
589000.0,24.0,11.76,665.0,12.65,57.0,4.0,0,0,0,0,0,0,0,0,1,0,0,1,0,1
100000.0,120.0,12.3,686.0,0.0,60.0,4.0,0,0,0,0,0,0,0,0,0,0,1,0,0,1
1114000.0,240.0,10.83,590.0,0.17,30.0,3.0,0,0,1,0,0,0,0,1,0,0,0,1,1,0
494000.0,240.0,11.15,679.0,0.0,39.0,3.0,0,0,0,0,1,0,0,0,1,0,1,0,1,0
496000.0,24.0,12.06,729.0,1.81,61.0,0.0,0,0,0,0,0,0,0,0,0,1,0,0,1,0
711000.0,36.0,11.07,761.0,16.43,51.0,2.0,0,0,0,0,1,0,1,0,0,0,0,0,1,0
309000.0,12.0,9.69,635.0,6.48,48.0,0.0,0,0,1,0,0,0,0,0,1,0,0,0,0,1
408000.0,360.0,8.03,756.0,7.71,25.0,2.0,0,0,0,1,0,0,0,0,1,0,0,0,0,0
437000.0,12.0,7.0,678.0,18.65,39.0,3.0,0,0,0,0,0,1,0,0,0,0,1,0,0,0
701000.0,240.0,13.47,709.0,8.4,48.0,4.0,0,0,0,0,1,0,0,0,0,0,1,0,0,0
272000.0,36.0,15.51,744.0,4.21,64.0,3.0,0,0,1,0,0,0,0,0,0,1,0,1,0,0
261000.0,240.0,8.55,694.0,1.35,38.0,0.0,0,0,0,0,0,0,1,0,0,0,0,0,1,0
616000.0,240.0,11.54,710.0,5.24,31.0,0.0,0,0,1,0,0,0,0,1,0,0,1,0,1,0
429000.0,24.0,9.1,687.0,2.69,37.0,4.0,0,0,0,0,1,0,0,1,0,0,1,0,0,0
483000.0,60.0,11.72,709.0,9.91,27.0,2.0,0,1,0,0,0,1,0,0,0,0,0,1,0,0
967000.0,36.0,8.73,651.0,17.73,27.0,4.0,0,0,0,0,0,0,0,1,0,0,0,1,0,0
883000.0,360.0,13.41,674.0,7.88,43.0,0.0,0,0,0,0,1,0,0,0,1,0,0,0,0,1
561000.0,240.0,11.33,735.0,6.45,56.0,4.0,0,0,0,1,0,0,0,1,0,0,0,1,0,0
236000.0,36.0,8.49,739.0,5.04,60.0,1.0,0,0,0,0,0,0,1,0,0,0,0,0,0,0
484000.0,240.0,9.21,775.0,10.31,36.0,4.0,0,0,0,0,1,0,0,1,0,0,0,0,0,1
100000.0,60.0,10.35,702.0,5.09,59.0,2.0,0,0,0,0,1,0,0,0,1,0,0,1,0,0
1042000.0,120.0,9.69,693.0,0.0,64.0,4.0,0,0,1,0,0,0,0,1,0,0,1,0,1,0
636000.0,60.0,9.82,719.0,7.12,35.0,0.0,0,0,0,0,0,0,1,0,0,0,1,0,0,1
100000.0,36.0,11.0,704.0,4.02,45.0,2.0,0,0,0,0,0,0,0,0,0,0,1,0,0,1
647000.0,36.0,7.91,762.0,1.26,53.0,2.0,0,0,0,1,0,0,1,0,0,0,0,1,0,1
328000.0,36.0,13.39,663.0,2.09,49.0,2.0,0,1,0,0,0,0,0,0,0,1,0,1,0,0
545000.0,120.0,8.16,798.0,3.64,65.0,1.0,0,0,0,1,0,0,0,0,0,1,0,0,0,1
258000.0,360.0,11.62,751.0,2.08,55.0,4.0,0,0,1,0,0,0,0,0,0,0,1,0,0,0
393000.0,36.0,9.32,653.0,19.4,39.0,1.0,0,0,0,1,0,0,0,0,0,1,0,1,0,1
252000.0,60.0,14.93,696.0,8.03,62.0,1.0,0,0,0,0,1,0,1,0,0,0,0,0,1,0
818000.0,24.0,7.0,670.0,3.04,32.0,0.0,0,0,1,0,0,0,0,0,0,0,0,1,1,0
541000.0,12.0,7.0,662.0,3.76,52.0,4.0,0,0,0,0,1,0,0,0,0,0,0,0,0,1
492000.0,24.0,8.95,784.0,3.83,30.0,2.0,0,0,0,0,1,0,0,0,1,0,1,0,1,0
139000.0,240.0,11.62,701.0,12.32,46.0,3.0,0,0,0,0,1,0,0,0,0,0,1,0,0,0
727000.0,360.0,9.13,797.0,1.93,52.0,0.0,0,0,0,1,0,0,0,0,0,1,1,0,0,0
100000.0,360.0,12.28,733.0,1.61,51.0,3.0,0,0,0,0,0,0,0,0,0,0,0,1,1,0
353000.0,36.0,12.55,786.0,0.61,63.0,4.0,0,1,0,0,0,0,0,0,1,0,0,1,0,0
771000.0,12.0,11.56,726.0,1.45,40.0,2.0,0,0,0,0,1,0,0,0,1,0,1,0,0,0
538000.0,60.0,9.81,608.0,13.99,44.0,0.0,0,0,0,0,1,0,0,0,1,0,0,0,1,0
944000.0,240.0,8.78,696.0,5.45,51.0,3.0,0,0,1,0,0,0,0,1,0,0,1,0,0,1
564000.0,120.0,8.76,707.0,7.64,28.0,2.0,0,0,1,0,0,0,1,0,0,0,0,0,1,0
100000.0,360.0,7.71,657.0,4.43,21.0,4.0,0,0,1,0,0,0,0,0,1,0,0,1,0,0
144000.0,240.0,8.71,628.0,3.44,65.0,1.0,0,0,0,0,1,0,0,0,0,0,0,1,0,0
866000.0,120.0,11.11,736.0,10.3,27.0,2.0,0,1,0,0,0,0,0,0,0,0,1,0,0,0
271000.0,36.0,12.33,661.0,8.01,29.0,1.0,0,1,0,0,0,0,1,0,0,0,1,0,1,0
711000.0,12.0,8.64,676.0,5.02,39.0,3.0,1,0,0,1,0,0,0,0,0,0,0,1,0,0
730000.0,60.0,7.0,601.0,0.0,53.0,1.0,0,0,0,1,0,0,0,1,0,0,1,0,1,0
100000.0,120.0,8.1,767.0,9.79,46.0,3.0,0,0,1,0,0,1,0,0,0,0,0,1,0,0
468000.0,36.0,14.73,773.0,7.31,58.0,1.0,0,0,0,0,0,0,0,0,1,0,0,1,0,0
466000.0,360.0,10.55,667.0,1.17,35.0,1.0,0,0,0,1,0,1,0,0,0,0,1,0,0,1
781000.0,12.0,13.01,704.0,2.46,60.0,1.0,0,0,0,1,0,0,0,0,0,0,1,0,0,1
659000.0,360.0,9.99,694.0,9.74,56.0,1.0,0,0,1,0,0,0,0,0,0,1,1,0,1,0
642000.0,24.0,9.54,660.0,5.0,35.0,3.0,0,1,0,0,0,1,0,0,0,0,1,0,1,0
485000.0,12.0,10.95,768.0,1.92,45.0,0.0,0,1,0,0,0,0,1,0,0,0,0,0,0,0
417000.0,12.0,10.66,688.0,20.33,36.0,3.0,0,0,0,0,1,0,1,0,0,0,1,0,0,0
142000.0,24.0,9.56,720.0,8.03,32.0,2.0,0,0,0,0,0,1,0,0,0,0,1,0,0,1
817000.0,120.0,12.85,670.0,10.92,63.0,3.0,0,0,0,1,0,1,0,0,0,0,1,0,0,1
398000.0,240.0,10.88,608.0,4.01,41.0,4.0,0,0,0,0,1,0,0,0,1,0,1,0,0,0
549000.0,120.0,7.55,688.0,9.5,47.0,2.0,0,0,1,0,0,0,1,0,0,0,1,0,1,0
628000.0,12.0,8.84,687.0,14.66,37.0,3.0,0,0,0,0,0,0,0,1,0,0,1,0,1,0
625000.0,24.0,9.76,658.0,2.91,44.0,2.0,0,0,0,0,0,0,0,0,0,1,0,0,1,0
384000.0,60.0,8.34,600.0,5.62,56.0,0.0,0,1,0,0,0,0,0,0,0,0,1,0,0,0
165000.0,60.0,11.5,622.0,1.08,32.0,0.0,0,0,0,0,0,0,0,0,0,0,0,0,1,0
635000.0,36.0,10.93,733.0,1.26,30.0,0.0,0,0,0,0,0,0,0,0,1,0,0,1,0,0
315000.0,60.0,9.19,747.0,14.5,55.0,0.0,0,0,1,0,0,0,1,0,0,0,0,1,0,1
812000.0,24.0,7.16,725.0,0.46,46.0,1.0,0,0,0,0,1,0,0,0,0,0,1,0,1,0
100000.0,24.0,14.25,782.0,2.15,34.0,1.0,0,1,0,0,0,0,0,1,0,0,0,0,0,0
180000.0,24.0,12.35,641.0,6.05,54.0,4.0,0,0,1,0,0,0,0,0,0,1,0,0,1,0
667000.0,24.0,12.17,733.0,3.97,36.0,0.0,0,0,0,1,0,0,0,0,0,0,0,0,0,1
572000.0,36.0,12.62,681.0,4.04,33.0,3.0,0,0,1,0,0,0,0,0,1,0,1,0,1,0
618000.0,24.0,12.13,592.0,7.99,28.0,4.0,0,0,1,0,0,0,0,0,0,0,1,0,0,0
386000.0,240.0,7.0,705.0,4.1,41.0,0.0,0,0,0,0,1,1,0,0,0,0,0,1,1,0
379000.0,12.0,9.45,681.0,8.13,41.0,0.0,0,1,0,0,0,0,1,0,0,0,0,0,1,0
925000.0,360.0,8.93,721.0,0.0,23.0,4.0,0,0,0,1,0,0,1,0,0,0,0,0,1,0
294000.0,12.0,11.5,680.0,11.46,56.0,2.0,0,0,1,0,0,0,1,0,0,0,0,0,0,1
100000.0,36.0,13.26,688.0,3.62,47.0,3.0,0,0,0,0,1,1,0,0,0,0,0,1,1,0
678000.0,12.0,7.13,690.0,8.04,29.0,2.0,0,0,0,1,0,0,1,0,0,0,1,0,0,1
698000.0,360.0,13.13,680.0,4.71,24.0,1.0,0,0,0,0,1,0,0,0,0,0,0,1,0,0
582000.0,120.0,11.23,666.0,2.06,64.0,0.0,0,0,0,1,0,0,0,0,1,0,0,0,0,0
586000.0,24.0,8.39,701.0,1.26,27.0,2.0,0,0,0,0,0,0,0,0,0,0,1,0,0,1
276000.0,120.0,10.18,690.0,5.66,58.0,1.0,0,0,1,0,0,0,0,0,0,0,1,0,0,1
639000.0,12.0,10.95,703.0,6.32,27.0,1.0,0,0,0,0,1,1,0,0,0,0,1,0,1,0
742000.0,120.0,10.83,651.0,4.24,55.0,0.0,0,0,0,1,0,0,0,0,0,0,0,0,1,0
100000.0,360.0,9.43,704.0,4.0,22.0,4.0,0,0,0,0,0,0,1,0,0,0,1,0,0,0
452000.0,120.0,10.64,624.0,9.12,56.0,3.0,0,1,0,0,0,0,0,0,0,0,0,0,1,0
727000.0,12.0,10.31,677.0,7.49,46.0,0.0,0,0,0,0,0,0,0,1,0,0,0,1,0,1
375000.0,240.0,11.99,616.0,5.5,60.0,4.0,0,0,0,1,0,1,0,0,0,0,0,0,0,1
220000.0,24.0,12.7,689.0,8.55,56.0,0.0,0,0,0,0,1,0,1,0,0,0,0,1,0,0
509000.0,120.0,9.52,714.0,10.17,42.0,4.0,0,0,1,0,0,0,0,0,1,0,1,0,0,0
160000.0,240.0,10.75,685.0,10.83,29.0,4.0,0,0,0,0,0,1,0,0,0,0,1,0,0,0
944000.0,360.0,7.0,747.0,8.57,65.0,4.0,0,0,1,0,0,0,0,0,0,0,0,1,1,0
506000.0,60.0,8.96,646.0,8.16,25.0,4.0,0,0,0,1,0,0,0,0,0,0,1,0,0,1
204000.0,360.0,10.51,688.0,2.78,64.0,4.0,0,0,1,0,0,0,0,0,0,0,0,0,0,0
471000.0,240.0,8.78,767.0,7.17,45.0,1.0,0,0,0,0,1,0,0,0,0,0,0,1,1,0
284000.0,24.0,9.47,680.0,4.57,48.0,3.0,0,0,0,0,0,1,0,0,0,0,0,1,0,0
169000.0,24.0,8.6,714.0,4.38,49.0,4.0,0,0,1,0,0,1,0,0,0,0,0,0,0,0
646000.0,60.0,14.06,742.0,10.08,64.0,1.0,0,1,0,0,0,1,0,0,0,0,0,0,0,1
1165000.0,12.0,11.04,724.0,4.31,56.0,2.0,0,0,0,0,1,0,1,0,0,0,1,0,0,1
133000.0,240.0,9.24,656.0,0.0,29.0,2.0,0,0,1,0,0,0,0,1,0,0,0,1,0,1
130000.0,120.0,11.05,731.0,1.96,50.0,4.0,0,0,1,0,0,0,0,1,0,0,0,1,0,0
724000.0,24.0,11.12,758.0,3.01,34.0,3.0,0,0,1,0,0,0,0,1,0,0,1,0,0,1
603000.0,60.0,13.11,763.0,5.79,50.0,1.0,0,0,0,0,0,0,1,0,0,0,1,0,0,0
100000.0,360.0,11.66,666.0,7.68,29.0,3.0,0,0,0,0,1,0,0,0,0,1,0,0,0,0
462000.0,36.0,7.0,676.0,7.63,60.0,3.0,0,0,0,0,1,0,0,1,0,0,0,1,0,0
738000.0,240.0,11.5,704.0,9.05,23.0,0.0,0,1,0,0,0,1,0,0,0,0,0,1,0,1
384000.0,12.0,11.99,701.0,3.48,50.0,0.0,0,0,0,1,0,0,0,1,0,0,0,0,0,1
548000.0,240.0,8.33,604.0,0.22,42.0,1.0,0,0,1,0,0,0,0,1,0,0,0,0,1,0
637000.0,36.0,8.47,727.0,11.62,57.0,1.0,0,0,0,0,1,0,0,0,1,0,1,0,1,0
893000.0,240.0,10.99,603.0,4.87,42.0,1.0,0,1,0,0,0,1,0,0,0,0,0,0,0,1
572000.0,24.0,8.03,684.0,6.93,49.0,3.0,0,0,0,0,0,1,0,0,0,0,1,0,0,0
760000.0,60.0,9.94,712.0,6.94,57.0,0.0,0,0,1,0,0,0,0,0,1,0,1,0,1,0
402000.0,24.0,7.71,726.0,8.45,52.0,0.0,0,1,0,0,0,0,0,0,1,0,0,0,0,0
100000.0,12.0,10.75,713.0,3.84,29.0,0.0,0,1,0,0,0,0,0,0,0,0,0,1,0,1
263000.0,360.0,10.43,691.0,2.55,64.0,0.0,0,0,0,0,1,1,0,0,0,0,0,0,0,0
518000.0,240.0,7.27,682.0,7.44,60.0,4.0,1,0,0,0,0,0,0,1,0,0,0,1,0,1
214000.0,12.0,15.11,642.0,11.82,60.0,2.0,0,1,0,0,0,0,0,0,1,0,0,1,0,1
236000.0,360.0,10.94,688.0,2.39,60.0,2.0,0,0,0,0,0,0,0,0,0,0,1,0,1,0
317000.0,24.0,8.05,714.0,8.78,39.0,0.0,0,1,0,0,0,0,0,0,0,1,0,1,0,1
581000.0,36.0,9.85,610.0,3.55,24.0,0.0,0,0,0,0,0,1,0,0,0,0,0,0,0,0
431000.0,240.0,9.97,684.0,3.57,26.0,3.0,0,1,0,0,0,0,0,0,0,0,0,1,1,0
824000.0,120.0,10.83,776.0,0.99,26.0,0.0,0,0,0,0,0,0,0,0,0,0,0,0,0,1
648000.0,36.0,11.52,685.0,9.86,61.0,2.0,0,0,0,0,0,0,0,0,0,0,0,0,0,0
713000.0,36.0,11.45,637.0,5.42,22.0,1.0,0,0,1,0,0,0,0,0,0,1,0,0,1,0
461000.0,24.0,7.0,718.0,5.11,53.0,4.0,1,0,0,1,0,0,1,0,0,0,1,0,1,0
107000.0,240.0,10.88,748.0,3.64,59.0,0.0,0,1,0,0,0,1,0,0,0,0,0,1,1,0
499000.0,24.0,11.16,658.0,3.18,46.0,4.0,0,0,0,0,0,1,0,0,0,0,0,1,0,0
629000.0,120.0,13.84,809.0,4.12,42.0,2.0,0,0,0,1,0,0,0,0,1,0,0,1,0,1
242000.0,24.0,10.25,724.0,6.68,65.0,2.0,0,0,0,1,0,0,0,1,0,0,1,0,0,1
498000.0,120.0,8.81,668.0,4.63,51.0,3.0,1,0,0,0,1,1,0,0,0,0,0,1,0,1
595000.0,12.0,12.44,737.0,10.19,21.0,1.0,0,0,0,0,0,0,0,0,0,1,0,0,0,1
672000.0,240.0,8.22,668.0,1.63,41.0,1.0,0,0,1,0,0,0,0,0,1,0,0,0,0,1
130000.0,60.0,12.9,699.0,2.74,56.0,1.0,0,0,1,0,0,0,0,1,0,0,0,0,1,0
326000.0,60.0,7.69,704.0,8.42,35.0,2.0,0,0,0,0,0,0,1,0,0,0,0,0,0,0
827000.0,36.0,11.69,734.0,6.8,42.0,2.0,0,0,0,1,0,1,0,0,0,0,1,0,0,0
272000.0,360.0,13.59,662.0,12.5,54.0,0.0,0,1,0,0,0,0,0,1,0,0,0,1,0,0
616000.0,36.0,12.7,748.0,3.32,33.0,2.0,0,0,0,1,0,1,0,0,0,0,0,1,0,1
374000.0,12.0,12.28,712.0,2.64,49.0,1.0,0,0,0,1,0,0,0,0,1,0,0,0,1,0
771000.0,36.0,15.25,626.0,18.87,22.0,1.0,0,0,1,0,0,0,0,0,0,1,0,0,0,1
393000.0,360.0,10.63,693.0,6.27,29.0,4.0,0,0,0,0,1,0,0,0,0,0,0,0,1,0
499000.0,60.0,8.92,794.0,0.37,37.0,1.0,0,0,0,1,0,0,0,1,0,0,0,1,0,0
625000.0,120.0,9.74,619.0,4.06,30.0,3.0,0,1,0,0,0,0,0,1,0,0,0,1,0,0
789000.0,360.0,9.11,734.0,0.0,41.0,0.0,0,1,0,0,0,0,0,0,1,0,0,1,1,0
293000.0,120.0,11.4,689.0,1.02,61.0,3.0,0,0,1,0,0,0,0,1,0,0,0,1,0,0
292000.0,36.0,8.55,729.0,10.71,41.0,3.0,0,0,0,0,0,1,0,0,0,0,1,0,0,1
916000.0,240.0,10.02,770.0,5.55,38.0,0.0,0,0,1,0,0,1,0,0,0,0,0,0,0,0
183000.0,360.0,8.87,753.0,6.85,26.0,2.0,0,0,0,0,1,0,0,0,0,0,0,1,0,0
294000.0,120.0,9.25,722.0,0.69,55.0,4.0,0,0,1,0,0,0,0,1,0,0,0,0,0,1
188000.0,12.0,12.31,649.0,2.82,59.0,3.0,0,0,0,0,0,0,0,0,0,1,0,1,1,0
100000.0,36.0,12.44,721.0,5.32,52.0,3.0,0,0,0,1,0,1,0,0,0,0,1,0,0,0
577000.0,24.0,12.48,681.0,10.69,30.0,3.0,0,0,0,0,1,0,0,0,1,0,1,0,0,0
649000.0,120.0,9.61,675.0,6.83,41.0,2.0,0,0,0,1,0,0,1,0,0,0,1,0,0,1
500000.0,240.0,8.51,669.0,6.83,54.0,0.0,0,0,0,0,1,0,1,0,0,0,1,0,0,0
410000.0,360.0,11.28,667.0,10.06,52.0,0.0,0,0,1,0,0,0,0,0,1,0,1,0,0,0
169000.0,240.0,14.88,720.0,0.0,54.0,3.0,0,0,0,0,1,1,0,0,0,0,0,0,1,0
347000.0,24.0,10.98,752.0,9.12,47.0,1.0,1,0,0,0,0,0,0,0,0,1,1,0,1,0
150000.0,360.0,11.44,742.0,10.65,65.0,3.0,0,0,0,0,1,0,0,0,1,0,1,0,0,1
473000.0,120.0,10.19,706.0,2.36,23.0,4.0,0,0,0,1,0,0,1,0,0,0,0,1,0,1
374000.0,24.0,11.23,664.0,5.44,54.0,2.0,0,0,0,0,1,0,0,0,1,0,1,0,0,1
575000.0,360.0,10.98,694.0,8.96,21.0,1.0,0,0,0,0,0,0,0,0,1,0,1,0,0,1
529000.0,60.0,8.09,708.0,6.6,40.0,1.0,0,0,0,0,1,0,0,1,0,0,0,0,0,0
404000.0,12.0,13.27,716.0,0.0,31.0,3.0,0,0,0,0,0,0,0,0,1,0,0,1,1,0
576000.0,240.0,11.32,747.0,7.51,50.0,3.0,0,0,1,0,0,0,0,1,0,0,0,0,0,0
100000.0,60.0,8.33,707.0,9.09,55.0,3.0,0,1,0,0,0,0,0,0,0,0,0,1,0,0
100000.0,240.0,14.62,723.0,1.06,34.0,4.0,0,0,0,0,1,1,0,0,0,0,1,0,0,0
516000.0,120.0,12.28,750.0,0.0,35.0,1.0,0,0,0,0,0,1,0,0,0,0,0,0,0,1
701000.0,360.0,9.9,692.0,4.75,55.0,0.0,0,0,0,0,1,0,0,0,0,0,0,1,0,1
585000.0,240.0,7.1,760.0,5.18,24.0,3.0,0,0,0,0,1,0,0,0,0,1,1,0,0,1
1245000.0,360.0,12.88,733.0,5.45,54.0,2.0,0,0,0,1,0,0,0,0,0,1,0,1,0,0
780000.0,120.0,11.83,724.0,4.75,46.0,0.0,0,0,0,0,0,0,0,0,0,0,0,0,1,0
827000.0,360.0,11.1,613.0,4.88,56.0,0.0,0,0,0,1,0,0,0,0,0,0,0,1,1,0
580000.0,120.0,10.08,702.0,6.44,35.0,0.0,0,0,1,0,0,0,0,0,0,1,0,0,0,1
499000.0,36.0,7.73,715.0,3.89,59.0,3.0,0,1,0,0,0,0,0,0,1,0,0,1,0,0
100000.0,36.0,7.82,760.0,11.76,24.0,2.0,0,0,1,0,0,0,0,0,0,1,0,0,0,1
297000.0,36.0,11.46,772.0,0.96,43.0,3.0,0,0,1,0,0,0,0,1,0,0,0,1,1,0
352000.0,240.0,9.93,720.0,3.9,27.0,3.0,0,0,0,1,0,0,1,0,0,0,0,1,0,1
617000.0,24.0,8.64,675.0,0.0,42.0,2.0,0,0,1,0,0,0,0,0,0,0,1,0,1,0
186000.0,24.0,10.15,619.0,10.69,21.0,3.0,0,0,1,0,0,0,1,0,0,0,0,0,0,0
606000.0,120.0,11.31,726.0,9.51,29.0,2.0,0,0,0,0,0,0,0,0,0,1,0,1,0,1
206000.0,36.0,14.88,728.0,5.14,45.0,0.0,0,1,0,0,0,0,0,0,0,0,1,0,1,0
502000.0,240.0,10.6,719.0,13.46,52.0,2.0,0,0,1,0,0,0,1,0,0,0,0,1,1,0
494000.0,360.0,11.74,678.0,4.54,59.0,3.0,0,0,0,1,0,0,0,0,0,1,1,0,0,0
374000.0,12.0,8.74,741.0,7.79,30.0,0.0,0,0,0,0,0,0,0,1,0,0,1,0,0,0
211000.0,24.0,8.41,722.0,2.33,22.0,0.0,0,0,0,1,0,0,0,0,0,0,0,0,0,0
1015000.0,240.0,8.93,651.0,0.0,42.0,2.0,1,0,1,0,0,1,0,0,0,0,1,0,0,1
569000.0,24.0,8.96,703.0,11.18,44.0,4.0,1,1,0,0,0,1,0,0,0,0,1,0,1,0
571000.0,36.0,11.91,756.0,1.85,40.0,1.0,0,0,0,1,0,0,0,0,0,0,0,0,0,0
100000.0,24.0,9.14,787.0,7.63,57.0,3.0,0,1,0,0,0,0,0,0,1,0,0,0,1,0
749000.0,120.0,9.3,765.0,0.45,62.0,2.0,0,0,0,1,0,0,0,1,0,0,0,0,0,1
904000.0,360.0,10.64,703.0,10.08,57.0,0.0,0,0,0,0,0,0,1,0,0,0,0,0,0,1
767000.0,12.0,7.0,725.0,9.3,54.0,3.0,0,0,0,1,0,0,0,0,1,0,0,0,1,0
692000.0,240.0,8.16,736.0,2.0,59.0,0.0,0,0,0,0,0,1,0,0,0,0,1,0,1,0
655000.0,36.0,8.86,709.0,0.0,21.0,4.0,0,1,0,0,0,0,0,0,0,1,1,0,0,0
594000.0,360.0,10.21,733.0,3.17,64.0,1.0,0,0,0,1,0,0,0,1,0,0,1,0,0,0
236000.0,360.0,9.16,766.0,11.46,47.0,0.0,0,0,0,0,0,0,0,1,0,0,0,0,0,0
380000.0,240.0,10.29,689.0,2.93,52.0,1.0,0,0,0,0,0,0,0,1,0,0,1,0,1,0
510000.0,240.0,12.28,700.0,0.86,53.0,0.0,1,0,0,0,1,0,1,0,0,0,0,1,1,0
334000.0,120.0,8.4,667.0,7.21,54.0,1.0,0,0,0,1,0,0,1,0,0,0,1,0,0,0
580000.0,12.0,7.0,744.0,2.33,43.0,2.0,0,0,0,0,1,1,0,0,0,0,1,0,1,0
192000.0,12.0,9.3,677.0,5.0,25.0,1.0,0,0,1,0,0,1,0,0,0,0,1,0,0,0
335000.0,120.0,11.66,699.0,0.19,27.0,2.0,0,0,0,0,1,0,0,0,0,1,1,0,0,1
998000.0,360.0,11.84,771.0,18.0,37.0,3.0,0,0,0,1,0,0,0,1,0,0,1,0,0,1
665000.0,24.0,11.87,697.0,8.46,42.0,4.0,0,0,0,0,1,0,0,0,0,1,0,0,0,0
765000.0,120.0,13.83,659.0,6.1,45.0,3.0,0,0,0,0,0,0,0,0,1,0,0,1,0,1
765000.0,12.0,11.69,776.0,0.0,23.0,4.0,0,1,0,0,0,1,0,0,0,0,0,0,0,0
579000.0,60.0,9.49,751.0,1.55,59.0,3.0,0,0,0,1,0,0,0,0,0,1,0,1,0,0
770000.0,360.0,10.47,647.0,4.83,38.0,3.0,0,0,0,0,1,0,0,0,0,0,0,1,0,1
441000.0,360.0,8.94,728.0,2.75,41.0,4.0,0,1,0,0,0,0,0,1,0,0,0,0,1,0
458000.0,36.0,8.9,639.0,10.09,31.0,4.0,0,1,0,0,0,0,0,0,0,0,0,0,1,0
736000.0,120.0,7.28,656.0,18.03,31.0,0.0,0,0,0,0,1,0,1,0,0,0,0,0,0,1
923000.0,240.0,8.85,756.0,3.63,35.0,4.0,0,1,0,0,0,0,0,0,1,0,1,0,1,0
637000.0,36.0,8.88,623.0,6.86,33.0,2.0,0,0,0,0,1,0,0,0,0,0,0,0,0,1
424000.0,240.0,13.91,667.0,4.68,54.0,1.0,0,0,0,1,0,0,0,0,0,0,1,0,0,1
734000.0,240.0,12.21,626.0,1.66,40.0,0.0,0,0,0,0,1,0,0,0,1,0,0,0,0,0
791000.0,36.0,11.03,630.0,10.45,48.0,3.0,0,1,0,0,0,0,0,1,0,0,0,0,0,0
100000.0,24.0,10.6,679.0,6.14,31.0,4.0,0,0,0,1,0,1,0,0,0,0,1,0,0,0
104000.0,60.0,9.43,661.0,2.11,45.0,4.0,0,0,0,0,0,1,0,0,0,0,0,1,0,1
344000.0,120.0,14.05,693.0,5.39,32.0,1.0,0,0,0,1,0,0,0,0,1,0,0,0,0,0
761000.0,24.0,8.49,765.0,4.21,57.0,3.0,0,0,0,1,0,0,0,0,1,0,0,0,0,0
740000.0,12.0,8.74,699.0,17.58,27.0,1.0,0,0,0,0,1,0,0,0,1,0,0,1,1,0
695000.0,12.0,9.77,691.0,2.47,62.0,4.0,0,0,0,0,1,0,0,0,0,0,0,1,0,0
647000.0,60.0,11.19,738.0,3.66,65.0,1.0,0,0,1,0,0,0,0,1,0,0,1,0,1,0
602000.0,240.0,14.12,736.0,8.38,54.0,0.0,0,0,0,0,0,0,0,0,0,0,0,1,1,0
360000.0,24.0,8.31,773.0,3.91,28.0,1.0,0,0,0,0,1,0,0,0,0,0,1,0,0,1
305000.0,12.0,8.47,723.0,8.92,31.0,2.0,0,1,0,0,0,0,0,0,1,0,0,0,0,1
271000.0,36.0,7.0,673.0,1.43,62.0,2.0,0,1,0,0,0,0,0,0,1,0,1,0,0,1
100000.0,360.0,11.81,680.0,4.07,50.0,4.0,0,0,0,1,0,0,0,0,1,0,0,1,1,0
100000.0,36.0,10.51,632.0,3.76,57.0,4.0,0,0,0,0,1,0,0,1,0,0,0,0,0,1
803000.0,360.0,11.22,735.0,3.21,30.0,0.0,0,0,0,1,0,0,0,0,1,0,1,0,0,0
247000.0,12.0,13.31,703.0,4.9,51.0,0.0,0,0,1,0,0,1,0,0,0,0,1,0,1,0
648000.0,240.0,9.83,661.0,2.33,31.0,2.0,0,0,0,0,0,0,1,0,0,0,1,0,1,0
100000.0,12.0,11.43,688.0,3.24,45.0,4.0,0,0,1,0,0,0,1,0,0,0,1,0,0,1
684000.0,240.0,8.06,704.0,0.0,56.0,4.0,0,0,1,0,0,0,0,0,0,1,0,0,0,1
318000.0,12.0,10.0,732.0,10.17,56.0,3.0,0,0,1,0,0,0,1,0,0,0,0,1,1,0
1208000.0,24.0,11.9,778.0,9.26,28.0,1.0,0,0,0,0,0,0,0,0,1,0,0,0,0,1
638000.0,120.0,8.4,719.0,0.0,32.0,0.0,0,0,0,0,0,0,0,0,0,1,0,0,0,1
433000.0,360.0,11.04,706.0,3.26,55.0,3.0,0,0,1,0,0,1,0,0,0,0,0,1,1,0
100000.0,24.0,10.13,725.0,4.98,60.0,1.0,0,0,1,0,0,0,0,1,0,0,1,0,1,0
778000.0,24.0,11.07,647.0,5.91,53.0,1.0,0,0,0,0,0,0,0,0,1,0,1,0,0,1
244000.0,120.0,10.37,599.0,1.11,60.0,0.0,0,0,0,0,1,0,0,0,0,1,0,1,0,1
425000.0,36.0,7.88,699.0,2.18,37.0,4.0,0,0,1,0,0,0,0,0,0,0,1,0,0,1
541000.0,36.0,9.0,691.0,5.09,39.0,3.0,0,0,1,0,0,0,0,1,0,0,0,1,1,0
100000.0,240.0,10.76,569.0,6.11,39.0,1.0,0,1,0,0,0,0,1,0,0,0,0,1,0,1
430000.0,240.0,7.0,671.0,0.0,62.0,1.0,0,0,0,1,0,1,0,0,0,0,1,0,1,0
610000.0,60.0,7.42,688.0,3.57,47.0,1.0,0,0,0,1,0,0,0,0,1,0,1,0,1,0
210000.0,60.0,10.17,702.0,6.87,58.0,3.0,0,0,0,1,0,0,0,0,0,1,0,1,0,0
914000.0,120.0,10.93,671.0,17.61,59.0,3.0,0,0,0,0,1,0,0,0,0,1,0,1,1,0
532000.0,60.0,9.84,746.0,2.98,35.0,1.0,0,0,0,0,0,1,0,0,0,0,0,0,1,0
133000.0,120.0,12.7,746.0,5.14,45.0,1.0,0,0,0,0,0,0,1,0,0,0,0,0,0,0
561000.0,60.0,12.47,755.0,7.58,33.0,4.0,0,0,1,0,0,0,0,0,0,0,1,0,1,0
381000.0,60.0,15.16,700.0,15.41,26.0,4.0,0,0,0,0,0,1,0,0,0,0,1,0,0,1
746000.0,360.0,10.81,745.0,3.17,40.0,2.0,0,0,0,1,0,1,0,0,0,0,0,0,1,0
471000.0,120.0,13.16,770.0,8.52,28.0,0.0,0,0,1,0,0,0,0,0,0,1,0,1,1,0
110000.0,360.0,12.21,769.0,4.04,48.0,2.0,0,1,0,0,0,1,0,0,0,0,0,0,0,0
241000.0,36.0,12.57,730.0,1.55,45.0,3.0,0,0,0,0,1,1,0,0,0,0,0,0,0,0
754000.0,36.0,12.39,669.0,8.48,39.0,2.0,0,0,0,1,0,0,1,0,0,0,0,1,1,0
223000.0,12.0,8.07,648.0,9.0,28.0,2.0,0,0,1,0,0,1,0,0,0,0,1,0,0,0
177000.0,24.0,7.11,746.0,8.82,43.0,1.0,0,1,0,0,0,0,0,0,0,1,0,0,0,1
347000.0,12.0,9.6,642.0,8.17,41.0,2.0,0,0,0,1,0,0,0,0,0,1,1,0,0,1
100000.0,36.0,8.59,708.0,7.02,51.0,1.0,0,0,0,1,0,0,0,0,1,0,1,0,1,0
421000.0,240.0,9.64,654.0,6.23,51.0,3.0,0,1,0,0,0,0,0,0,1,0,0,1,0,1
283000.0,12.0,11.88,697.0,3.35,37.0,4.0,0,1,0,0,0,0,0,0,1,0,0,1,0,0
865000.0,120.0,11.11,761.0,2.52,33.0,4.0,0,0,0,0,1,0,0,0,1,0,1,0,1,0
947000.0,12.0,11.68,776.0,4.17,23.0,3.0,0,0,0,1,0,0,0,0,0,0,0,1,0,1
627000.0,36.0,8.42,746.0,6.95,60.0,3.0,0,0,0,0,1,0,1,0,0,0,0,1,1,0
293000.0,240.0,7.0,745.0,5.49,21.0,3.0,0,0,0,0,0,0,1,0,0,0,0,1,1,0
100000.0,120.0,7.8,733.0,17.03,26.0,3.0,0,1,0,0,0,0,0,0,1,0,0,1,0,1
830000.0,360.0,9.38,690.0,4.61,34.0,1.0,0,0,0,0,1,0,0,0,0,1,0,0,0,1
133000.0,240.0,10.35,669.0,0.0,51.0,4.0,0,0,0,0,0,0,0,0,1,0,1,0,0,0
676000.0,120.0,8.89,632.0,3.55,23.0,0.0,0,0,0,0,1,0,0,0,0,0,1,0,0,1
701000.0,240.0,7.0,584.0,6.07,59.0,1.0,0,1,0,0,0,0,0,0,0,0,1,0,1,0
437000.0,240.0,7.44,664.0,3.17,26.0,3.0,0,1,0,0,0,1,0,0,0,0,0,0,0,1
998000.0,240.0,14.09,635.0,1.31,51.0,3.0,0,0,0,0,1,1,0,0,0,0,0,0,1,0
597000.0,120.0,10.03,637.0,8.39,64.0,4.0,0,0,0,0,1,0,0,1,0,0,0,1,1,0
100000.0,12.0,13.03,662.0,6.18,63.0,2.0,0,0,0,0,1,0,0,0,1,0,0,0,1,0
443000.0,360.0,12.69,694.0,1.61,44.0,4.0,0,0,0,0,1,1,0,0,0,0,1,0,1,0
771000.0,240.0,7.3,739.0,3.47,30.0,2.0,0,0,0,0,0,0,1,0,0,0,0,1,1,0
826000.0,12.0,11.4,702.0,3.21,59.0,0.0,0,0,0,0,0,1,0,0,0,0,0,1,0,1
526000.0,24.0,10.76,766.0,0.0,54.0,4.0,0,0,0,0,1,0,0,0,0,1,1,0,1,0
324000.0,12.0,8.07,759.0,0.0,56.0,0.0,0,0,0,0,1,0,1,0,0,0,1,0,0,1
362000.0,60.0,13.33,651.0,7.49,35.0,3.0,0,0,0,0,0,0,0,0,0,1,0,1,1,0
139000.0,120.0,9.83,692.0,18.4,43.0,2.0,0,0,0,1,0,0,1,0,0,0,0,0,0,1
100000.0,120.0,11.77,668.0,6.07,51.0,3.0,0,0,1,0,0,0,0,0,0,1,1,0,0,0
626000.0,36.0,9.5,622.0,6.61,29.0,3.0,0,0,1,0,0,0,0,0,0,1,0,0,0,0
1086000.0,240.0,8.95,714.0,2.29,47.0,0.0,0,0,0,0,0,0,0,0,0,1,0,1,0,0
386000.0,36.0,10.9,718.0,6.97,45.0,3.0,0,1,0,0,0,0,0,0,0,1,0,0,1,0
437000.0,360.0,7.0,693.0,9.25,58.0,4.0,0,0,1,0,0,0,0,0,0,1,0,1,1,0
482000.0,24.0,15.34,671.0,0.0,59.0,0.0,0,1,0,0,0,0,0,1,0,0,0,0,0,0
593000.0,120.0,11.96,700.0,4.34,23.0,3.0,0,0,0,0,1,1,0,0,0,0,1,0,1,0
151000.0,36.0,11.94,684.0,1.65,43.0,0.0,0,0,0,0,1,0,1,0,0,0,0,0,0,1
252000.0,36.0,12.05,755.0,3.26,29.0,4.0,0,1,0,0,0,0,1,0,0,0,1,0,1,0
620000.0,24.0,12.31,752.0,1.4,65.0,3.0,0,0,0,0,0,0,0,1,0,0,1,0,0,1
100000.0,12.0,7.69,702.0,5.32,29.0,3.0,0,0,0,1,0,0,0,0,0,1,0,1,0,1
232000.0,360.0,9.45,667.0,7.78,49.0,4.0,0,0,0,1,0,0,1,0,0,0,0,0,0,1
524000.0,36.0,9.92,658.0,1.83,31.0,2.0,0,0,0,1,0,0,0,0,0,0,0,0,0,0
555000.0,120.0,10.97,742.0,5.24,62.0,4.0,0,0,1,0,0,0,0,0,0,1,0,0,0,0
629000.0,12.0,12.3,715.0,5.85,37.0,1.0,0,0,0,1,0,0,0,0,0,1,0,1,1,0
226000.0,24.0,13.31,597.0,1.2,23.0,4.0,0,0,0,0,0,0,0,0,0,1,0,0,0,1
411000.0,60.0,11.62,713.0,8.5,32.0,2.0,0,0,0,0,0,1,0,0,0,0,0,1,0,1
521000.0,12.0,9.57,696.0,8.94,21.0,2.0,0,1,0,0,0,0,0,1,0,0,1,0,0,1
612000.0,360.0,8.86,691.0,6.97,42.0,4.0,0,0,1,0,0,0,0,0,0,1,0,1,0,0
435000.0,24.0,7.13,672.0,6.02,35.0,0.0,0,0,0,0,0,0,0,0,1,0,1,0,0,0
767000.0,120.0,8.82,612.0,6.91,36.0,4.0,0,0,0,0,0,1,0,0,0,0,0,1,0,0
670000.0,240.0,13.22,693.0,0.11,41.0,1.0,0,0,0,0,0,0,0,1,0,0,1,0,0,0
733000.0,12.0,12.12,725.0,3.04,26.0,1.0,0,0,0,0,1,0,0,0,0,0,0,0,0,0
115000.0,12.0,8.66,588.0,0.0,45.0,1.0,0,0,1,0,0,0,1,0,0,0,0,0,1,0
274000.0,36.0,9.2,678.0,2.92,31.0,0.0,0,1,0,0,0,0,0,1,0,0,0,1,0,1
100000.0,240.0,9.11,709.0,2.3,51.0,0.0,0,1,0,0,0,0,1,0,0,0,0,0,0,1
919000.0,240.0,12.09,687.0,5.3,29.0,0.0,0,0,1,0,0,0,0,0,0,0,1,0,1,0
100000.0,12.0,10.32,698.0,9.04,27.0,3.0,0,0,0,1,0,0,0,0,1,0,0,1,1,0
109000.0,360.0,7.0,675.0,6.09,48.0,1.0,0,0,0,0,0,0,0,0,0,0,1,0,0,0
760000.0,240.0,11.26,719.0,4.72,21.0,2.0,1,0,0,0,1,0,1,0,0,0,0,1,1,0
935000.0,24.0,10.16,741.0,5.55,26.0,0.0,0,0,0,1,0,0,0,0,1,0,1,0,0,0
649000.0,60.0,9.1,673.0,5.75,55.0,2.0,0,0,0,0,1,0,0,0,0,1,1,0,0,0
394000.0,12.0,9.13,648.0,2.38,27.0,4.0,0,0,0,1,0,1,0,0,0,0,0,0,0,0
1008000.0,36.0,8.61,655.0,7.92,42.0,0.0,0,1,0,0,0,0,0,0,0,1,0,0,0,1
514000.0,24.0,7.7,714.0,0.0,60.0,2.0,0,1,0,0,0,1,0,0,0,0,0,0,0,0
214000.0,60.0,10.99,634.0,7.75,36.0,3.0,0,0,1,0,0,0,0,1,0,0,1,0,0,0
181000.0,12.0,10.3,706.0,3.29,48.0,1.0,0,0,1,0,0,0,0,0,1,0,1,0,1,0
311000.0,36.0,12.05,724.0,20.72,51.0,3.0,0,0,0,0,0,0,0,0,0,1,0,1,0,0
918000.0,12.0,11.63,629.0,4.08,42.0,0.0,0,0,0,1,0,1,0,0,0,0,1,0,0,0
952000.0,120.0,9.63,732.0,3.01,65.0,3.0,1,0,0,1,0,0,0,0,1,0,0,1,1,0
600000.0,360.0,9.92,691.0,2.41,29.0,4.0,0,0,0,0,0,0,1,0,0,0,0,1,1,0
496000.0,36.0,9.62,645.0,8.71,44.0,2.0,0,0,0,1,0,0,1,0,0,0,0,0,1,0
478000.0,24.0,12.46,751.0,4.74,22.0,3.0,0,0,0,1,0,0,0,0,0,1,0,1,0,1
446000.0,24.0,11.45,692.0,3.86,64.0,1.0,0,1,0,0,0,1,0,0,0,0,1,0,0,0
227000.0,12.0,12.61,696.0,20.13,41.0,4.0,0,1,0,0,0,0,0,0,1,0,1,0,0,0
511000.0,360.0,11.29,711.0,10.34,56.0,3.0,0,0,1,0,0,0,0,1,0,0,0,1,0,0
678000.0,12.0,7.55,735.0,3.68,38.0,2.0,0,0,0,0,1,0,0,1,0,0,0,0,1,0
573000.0,36.0,10.32,735.0,1.1,25.0,2.0,0,0,0,1,0,0,0,0,1,0,0,1,0,0
547000.0,240.0,12.15,673.0,5.14,44.0,4.0,0,0,0,1,0,1,0,0,0,0,0,0,1,0
439000.0,24.0,11.13,729.0,9.86,64.0,4.0,0,0,0,0,0,0,1,0,0,0,1,0,0,0
698000.0,60.0,11.45,685.0,1.62,29.0,1.0,0,0,0,0,0,0,1,0,0,0,0,1,1,0
454000.0,12.0,10.05,700.0,0.76,33.0,3.0,0,0,1,0,0,0,0,1,0,0,0,0,0,1
566000.0,24.0,11.95,698.0,13.37,57.0,2.0,0,0,1,0,0,0,0,0,0,1,1,0,0,0
517000.0,36.0,7.0,829.0,4.26,49.0,4.0,0,1,0,0,0,0,1,0,0,0,0,0,0,1
166000.0,12.0,9.34,726.0,3.08,45.0,2.0,0,0,0,1,0,0,0,0,1,0,0,1,0,0
128000.0,360.0,11.27,676.0,6.81,24.0,0.0,0,0,1,0,0,0,1,0,0,0,0,0,0,0
194000.0,120.0,11.38,740.0,1.17,43.0,4.0,0,0,0,0,1,0,0,0,0,1,0,1,1,0
601000.0,12.0,11.26,653.0,2.69,27.0,0.0,0,0,1,0,0,1,0,0,0,0,0,1,1,0
332000.0,120.0,11.46,690.0,11.73,55.0,4.0,0,0,1,0,0,0,0,0,1,0,0,0,0,1
225000.0,240.0,12.24,697.0,2.86,27.0,4.0,0,0,0,0,1,0,0,0,0,0,1,0,0,0
961000.0,120.0,12.33,657.0,5.14,26.0,3.0,0,0,1,0,0,0,1,0,0,0,1,0,0,0
536000.0,360.0,13.75,756.0,4.66,28.0,3.0,0,0,1,0,0,0,0,0,0,1,0,1,1,0
100000.0,36.0,8.75,718.0,3.34,61.0,0.0,0,0,0,0,1,0,0,1,0,0,1,0,1,0
900000.0,60.0,11.19,687.0,4.37,26.0,3.0,0,0,0,0,1,1,0,0,0,0,0,1,1,0
624000.0,240.0,12.89,689.0,1.42,35.0,3.0,0,1,0,0,0,0,0,1,0,0,1,0,0,1
775000.0,12.0,11.1,722.0,7.21,55.0,3.0,0,0,1,0,0,0,0,0,0,1,0,0,1,0
836000.0,36.0,13.33,698.0,3.62,64.0,3.0,0,0,1,0,0,0,0,1,0,0,0,1,0,0
704000.0,36.0,11.3,736.0,0.28,54.0,0.0,0,0,0,0,1,0,0,0,0,1,0,1,0,1
198000.0,24.0,10.43,677.0,2.97,52.0,1.0,0,0,1,0,0,0,0,1,0,0,1,0,0,0
696000.0,120.0,7.81,738.0,5.69,47.0,4.0,0,0,1,0,0,0,0,0,0,1,0,1,1,0
1209000.0,360.0,7.0,698.0,6.7,49.0,4.0,0,0,0,0,0,0,0,0,1,0,0,0,1,0
420000.0,120.0,10.6,626.0,2.36,33.0,3.0,0,0,0,1,0,0,0,0,0,0,1,0,0,0
510000.0,360.0,8.79,715.0,6.05,31.0,1.0,0,0,0,0,0,0,0,1,0,0,0,0,1,0
515000.0,36.0,7.24,686.0,10.0,33.0,2.0,0,0,1,0,0,0,1,0,0,0,1,0,1,0
556000.0,12.0,12.31,665.0,12.18,45.0,3.0,0,0,0,1,0,1,0,0,0,0,0,1,0,1
333000.0,240.0,13.59,759.0,0.0,52.0,1.0,0,0,0,0,1,0,0,0,1,0,0,1,1,0
872000.0,60.0,7.51,655.0,5.38,41.0,1.0,0,0,0,0,1,0,1,0,0,0,0,0,0,0
776000.0,12.0,8.25,683.0,7.38,37.0,3.0,0,0,1,0,0,0,0,0,0,1,1,0,1,0
1044000.0,60.0,10.93,651.0,19.11,57.0,1.0,0,0,1,0,0,1,0,0,0,0,1,0,0,1
380000.0,24.0,11.63,669.0,5.25,65.0,0.0,0,0,0,1,0,0,0,0,0,0,0,1,1,0
396000.0,12.0,12.01,781.0,14.0,21.0,4.0,0,1,0,0,0,0,0,1,0,0,1,0,0,0
100000.0,360.0,8.29,661.0,3.35,57.0,2.0,0,0,0,0,1,0,0,0,1,0,1,0,0,0
585000.0,120.0,14.49,694.0,0.0,36.0,3.0,0,0,0,0,1,0,0,0,1,0,0,0,0,0
553000.0,240.0,12.48,700.0,7.43,32.0,1.0,0,0,0,1,0,0,0,0,0,1,0,0,1,0
872000.0,24.0,7.81,661.0,5.5,27.0,0.0,0,0,1,0,0,0,0,0,1,0,0,1,1,0
121000.0,24.0,9.55,694.0,4.15,61.0,1.0,0,0,0,0,0,1,0,0,0,0,1,0,0,0
1116000.0,12.0,7.0,730.0,14.15,44.0,3.0,0,0,1,0,0,0,1,0,0,0,0,0,1,0
299000.0,12.0,9.5,668.0,9.43,45.0,2.0,0,1,0,0,0,0,1,0,0,0,0,0,1,0
100000.0,60.0,13.23,680.0,16.07,30.0,2.0,0,0,1,0,0,0,0,0,0,1,1,0,0,1
847000.0,60.0,10.91,769.0,8.73,23.0,0.0,0,0,1,0,0,0,0,0,0,1,0,1,1,0
238000.0,360.0,8.0,766.0,9.16,27.0,4.0,0,0,0,0,0,0,1,0,0,0,0,1,0,0
226000.0,36.0,11.28,636.0,0.0,46.0,0.0,0,1,0,0,0,1,0,0,0,0,1,0,0,1
129000.0,240.0,10.12,662.0,6.6,58.0,4.0,0,1,0,0,0,0,0,0,0,1,0,0,1,0
286000.0,12.0,7.53,775.0,0.0,62.0,3.0,0,0,1,0,0,0,1,0,0,0,0,1,0,1
637000.0,12.0,8.34,668.0,4.14,57.0,2.0,0,0,1,0,0,1,0,0,0,0,0,0,0,1
601000.0,360.0,9.33,711.0,8.38,31.0,4.0,0,0,0,0,1,1,0,0,0,0,1,0,1,0
275000.0,36.0,13.64,691.0,11.45,34.0,0.0,0,0,1,0,0,0,1,0,0,0,0,1,0,1
833000.0,12.0,8.14,725.0,7.73,55.0,2.0,0,0,0,0,0,0,0,1,0,0,1,0,1,0
286000.0,24.0,11.18,726.0,4.3,53.0,3.0,0,0,1,0,0,0,0,0,1,0,1,0,0,0
794000.0,240.0,10.52,741.0,1.11,32.0,2.0,0,0,0,0,1,0,0,0,0,0,0,0,0,1
224000.0,60.0,10.77,661.0,0.0,51.0,3.0,0,0,0,0,0,0,0,0,0,1,0,1,0,1
100000.0,240.0,11.56,719.0,9.13,53.0,4.0,0,1,0,0,0,0,0,0,0,0,0,0,1,0
516000.0,24.0,8.77,776.0,7.55,30.0,4.0,0,0,1,0,0,0,0,0,0,1,0,0,0,1
538000.0,120.0,7.74,797.0,2.28,29.0,4.0,0,0,0,0,0,1,0,0,0,0,0,0,0,0
684000.0,240.0,7.98,688.0,3.1,21.0,2.0,0,0,0,1,0,0,0,0,0,1,0,0,0,0
100000.0,240.0,12.96,759.0,9.8,48.0,0.0,0,0,0,0,1,0,1,0,0,0,1,0,0,1
373000.0,36.0,13.3,686.0,2.97,58.0,4.0,0,1,0,0,0,0,0,0,0,0,1,0,1,0
334000.0,12.0,12.92,662.0,18.26,42.0,1.0,0,0,0,1,0,1,0,0,0,0,0,0,0,0
484000.0,240.0,10.0,733.0,12.96,34.0,4.0,0,0,0,0,1,0,0,1,0,0,0,0,1,0
251000.0,12.0,8.55,642.0,7.17,48.0,2.0,0,1,0,0,0,0,1,0,0,0,0,0,0,0
585000.0,36.0,8.66,760.0,6.59,54.0,4.0,0,0,1,0,0,0,0,0,1,0,1,0,0,0
757000.0,12.0,9.46,714.0,11.33,49.0,3.0,0,1,0,0,0,0,0,1,0,0,0,0,1,0
840000.0,60.0,11.94,756.0,3.78,34.0,0.0,0,0,0,0,1,0,0,1,0,0,0,1,1,0
830000.0,24.0,10.66,676.0,3.86,47.0,3.0,0,0,0,1,0,1,0,0,0,0,0,1,0,1
602000.0,120.0,11.22,769.0,8.18,24.0,2.0,0,1,0,0,0,0,0,1,0,0,0,1,0,1
329000.0,120.0,10.98,670.0,16.3,61.0,0.0,0,0,0,1,0,0,0,0,1,0,0,1,0,0
667000.0,36.0,13.83,703.0,5.78,40.0,0.0,0,0,0,0,1,0,0,0,0,0,1,0,0,1
818000.0,120.0,9.9,716.0,11.56,36.0,3.0,0,0,1,0,0,1,0,0,0,0,1,0,0,1
452000.0,24.0,12.09,724.0,6.19,44.0,3.0,0,0,0,1,0,0,0,0,1,0,1,0,0,1
880000.0,360.0,14.57,694.0,0.0,55.0,0.0,0,0,0,0,1,1,0,0,0,0,0,1,0,1
304000.0,12.0,13.32,709.0,12.33,51.0,1.0,0,0,0,0,0,1,0,0,0,0,0,1,1,0
100000.0,24.0,14.07,637.0,6.35,46.0,4.0,0,0,0,0,0,0,0,1,0,0,0,0,1,0
483000.0,120.0,10.91,754.0,1.75,45.0,4.0,0,0,1,0,0,0,0,0,1,0,0,0,0,1
418000.0,240.0,13.85,759.0,1.73,60.0,2.0,0,0,1,0,0,0,0,0,0,0,0,1,1,0
408000.0,240.0,9.26,646.0,1.93,46.0,4.0,0,0,0,0,1,1,0,0,0,0,0,0,1,0
611000.0,360.0,12.28,669.0,2.13,31.0,1.0,0,0,1,0,0,0,0,1,0,0,0,1,0,1
100000.0,360.0,8.76,678.0,1.68,51.0,0.0,0,0,0,1,0,0,0,0,0,0,0,0,0,1
573000.0,60.0,12.88,689.0,6.67,45.0,1.0,0,0,0,0,0,0,0,0,0,0,1,0,1,0
496000.0,36.0,8.57,790.0,6.81,33.0,0.0,0,0,0,0,0,0,0,0,1,0,0,0,0,1
1080000.0,360.0,9.97,713.0,8.28,64.0,1.0,0,0,0,0,1,1,0,0,0,0,0,0,0,0
582000.0,36.0,13.04,721.0,3.35,50.0,0.0,0,0,1,0,0,0,0,0,0,1,0,0,0,0
1080000.0,24.0,8.71,585.0,17.83,36.0,1.0,0,0,0,0,1,0,0,0,1,0,0,0,0,0
100000.0,240.0,11.86,725.0,11.56,34.0,2.0,0,1,0,0,0,1,0,0,0,0,1,0,1,0
611000.0,60.0,11.03,743.0,4.8,53.0,0.0,0,0,0,0,1,1,0,0,0,0,1,0,0,0
709000.0,240.0,10.07,767.0,5.9,34.0,2.0,0,0,1,0,0,0,1,0,0,0,0,1,0,1
483000.0,120.0,7.59,640.0,13.24,40.0,4.0,0,0,0,0,0,0,0,0,1,0,1,0,0,1
617000.0,360.0,7.51,704.0,0.0,58.0,3.0,0,0,1,0,0,0,0,0,0,0,1,0,0,0
244000.0,24.0,10.28,682.0,10.07,40.0,1.0,0,1,0,0,0,0,0,0,0,0,0,0,1,0
288000.0,60.0,14.13,724.0,4.02,42.0,0.0,0,0,0,0,0,1,0,0,0,0,0,1,0,1
390000.0,36.0,14.37,724.0,6.91,30.0,0.0,0,0,0,1,0,0,0,0,0,0,0,1,0,1
292000.0,12.0,8.91,725.0,2.0,35.0,1.0,0,0,1,0,0,0,0,1,0,0,1,0,0,0
100000.0,24.0,12.67,720.0,7.6,41.0,2.0,0,0,0,0,1,0,0,0,1,0,1,0,0,1
624000.0,360.0,11.67,707.0,0.28,56.0,3.0,0,0,0,1,0,0,0,0,0,0,0,1,0,1
301000.0,60.0,7.98,628.0,5.58,46.0,1.0,0,0,0,0,1,0,1,0,0,0,0,0,1,0
100000.0,36.0,7.01,764.0,3.32,24.0,4.0,1,1,0,0,0,1,0,0,0,0,0,1,1,0
211000.0,60.0,7.17,663.0,6.25,60.0,1.0,0,1,0,0,0,0,0,0,0,1,1,0,0,1
100000.0,12.0,10.96,749.0,4.64,29.0,0.0,0,0,0,0,0,0,0,0,1,0,1,0,0,0
353000.0,12.0,11.06,801.0,2.12,24.0,1.0,0,0,1,0,0,0,0,0,0,0,0,1,1,0
951000.0,60.0,12.03,681.0,1.35,41.0,0.0,1,0,1,0,0,0,0,1,0,0,1,0,0,1
801000.0,120.0,10.6,660.0,9.47,32.0,0.0,0,0,1,0,0,0,1,0,0,0,0,0,0,0
653000.0,120.0,10.5,774.0,6.55,27.0,0.0,0,0,0,0,0,1,0,0,0,0,0,1,0,1
299000.0,120.0,11.14,835.0,1.76,63.0,3.0,0,0,0,1,0,0,0,0,0,0,0,0,0,1
653000.0,240.0,10.6,727.0,16.78,42.0,2.0,0,0,1,0,0,0,0,0,0,1,0,0,0,1
471000.0,24.0,12.25,777.0,8.54,44.0,4.0,0,0,0,0,0,0,0,0,1,0,0,1,1,0
558000.0,240.0,9.69,746.0,8.84,55.0,3.0,0,0,1,0,0,0,1,0,0,0,1,0,0,0
100000.0,24.0,10.32,616.0,0.0,54.0,1.0,0,0,0,0,1,0,0,0,1,0,0,0,0,0
100000.0,120.0,12.21,692.0,9.35,22.0,4.0,0,0,0,1,0,0,0,0,0,0,1,0,0,0
651000.0,24.0,9.85,745.0,6.92,63.0,3.0,0,0,0,0,1,1,0,0,0,0,0,0,1,0
468000.0,360.0,7.33,657.0,6.67,43.0,1.0,0,0,0,0,0,0,0,0,1,0,0,1,1,0
820000.0,24.0,11.14,652.0,9.73,62.0,2.0,0,0,0,0,1,0,0,0,0,1,0,1,0,0
849000.0,60.0,11.6,615.0,4.36,60.0,4.0,0,0,0,0,1,0,1,0,0,0,0,0,0,1
1025000.0,360.0,14.55,698.0,8.57,42.0,2.0,0,0,1,0,0,0,0,0,1,0,1,0,1,0
741000.0,120.0,11.54,768.0,1.19,28.0,2.0,0,0,1,0,0,0,0,0,0,1,0,0,0,1
175000.0,36.0,11.8,634.0,7.55,52.0,4.0,0,0,0,0,1,1,0,0,0,0,0,1,1,0
355000.0,120.0,9.96,771.0,15.33,47.0,1.0,0,0,1,0,0,0,0,1,0,0,1,0,0,1
489000.0,360.0,8.42,687.0,8.66,60.0,1.0,0,0,0,0,1,0,0,0,0,1,1,0,0,1
274000.0,60.0,9.85,640.0,18.43,36.0,2.0,0,0,0,0,1,0,0,1,0,0,0,0,1,0
269000.0,120.0,11.83,685.0,7.15,55.0,0.0,0,0,1,0,0,0,0,0,1,0,0,0,1,0
327000.0,240.0,10.78,680.0,0.13,26.0,0.0,0,0,0,0,1,1,0,0,0,0,1,0,1,0
885000.0,36.0,9.34,670.0,5.66,27.0,1.0,0,0,0,0,1,1,0,0,0,0,1,0,0,1
171000.0,120.0,11.59,734.0,14.05,45.0,3.0,0,0,0,1,0,0,0,0,0,1,0,1,0,1
376000.0,360.0,11.11,682.0,8.58,31.0,0.0,0,0,0,0,1,0,1,0,0,0,0,1,0,0
270000.0,240.0,11.44,696.0,6.73,57.0,4.0,0,0,0,0,1,0,0,1,0,0,1,0,0,1
954000.0,120.0,10.42,763.0,7.87,53.0,4.0,0,1,0,0,0,0,0,0,0,1,0,0,0,0
619000.0,360.0,10.09,669.0,11.9,44.0,0.0,0,0,0,0,1,0,0,1,0,0,1,0,1,0
647000.0,24.0,10.96,785.0,6.81,43.0,2.0,0,1,0,0,0,0,0,0,0,1,0,0,0,1
345000.0,240.0,11.57,696.0,1.1,50.0,1.0,0,0,0,1,0,0,0,0,1,0,0,1,0,1
100000.0,60.0,10.7,748.0,7.2,38.0,1.0,0,0,1,0,0,0,1,0,0,0,0,0,1,0
340000.0,24.0,12.15,699.0,0.0,46.0,3.0,0,0,1,0,0,0,0,0,0,0,1,0,1,0
451000.0,60.0,10.96,775.0,17.84,50.0,0.0,0,0,0,0,0,0,0,0,1,0,0,1,0,1
620000.0,240.0,10.77,651.0,3.36,49.0,4.0,0,0,1,0,0,0,0,0,1,0,0,0,1,0
409000.0,240.0,10.59,671.0,3.45,41.0,1.0,0,0,0,0,0,0,0,1,0,0,0,1,1,0
1196000.0,120.0,10.19,683.0,3.08,50.0,0.0,0,0,0,0,0,0,0,1,0,0,0,0,0,1
692000.0,360.0,8.27,647.0,11.22,57.0,0.0,0,0,0,0,0,0,1,0,0,0,1,0,1,0
755000.0,60.0,10.29,579.0,5.63,61.0,4.0,0,0,0,0,1,1,0,0,0,0,0,0,0,1
100000.0,120.0,11.62,719.0,3.6,27.0,1.0,0,0,1,0,0,1,0,0,0,0,0,0,1,0
1100000.0,24.0,13.26,716.0,8.63,48.0,4.0,0,0,0,0,1,0,1,0,0,0,0,1,0,0
648000.0,24.0,11.25,656.0,0.0,25.0,2.0,0,0,0,0,1,1,0,0,0,0,0,1,0,0
380000.0,12.0,10.47,764.0,5.1,65.0,3.0,0,0,0,0,1,0,0,0,1,0,0,0,0,1
152000.0,12.0,8.8,682.0,2.7,26.0,2.0,0,1,0,0,0,1,0,0,0,0,0,0,0,0
484000.0,360.0,12.17,669.0,17.44,40.0,0.0,0,0,0,0,0,0,0,0,0,0,1,0,1,0
825000.0,120.0,9.64,694.0,7.6,40.0,2.0,0,0,0,0,0,0,0,0,1,0,0,0,0,1
1287000.0,360.0,8.99,694.0,7.5,53.0,3.0,0,0,0,1,0,0,0,0,1,0,0,1,0,0
266000.0,12.0,10.21,762.0,10.01,36.0,1.0,0,0,0,0,1,0,0,1,0,0,1,0,1,0
862000.0,36.0,8.48,626.0,5.2,43.0,0.0,0,0,1,0,0,0,0,0,1,0,0,0,0,0
624000.0,240.0,12.94,691.0,7.1,36.0,2.0,0,1,0,0,0,0,0,0,0,1,1,0,1,0
304000.0,24.0,12.83,704.0,0.41,58.0,0.0,0,0,0,0,1,0,0,0,0,0,0,1,0,1
829000.0,360.0,9.48,718.0,5.32,56.0,1.0,0,0,0,0,1,0,0,0,1,0,1,0,1,0
100000.0,36.0,14.54,715.0,4.95,43.0,3.0,0,0,0,1,0,0,0,0,1,0,1,0,0,1
313000.0,360.0,8.7,686.0,4.7,62.0,3.0,0,0,0,0,0,0,0,0,1,0,0,1,0,0
942000.0,360.0,11.0,703.0,15.85,64.0,3.0,0,0,0,0,0,0,1,0,0,0,0,1,1,0
516000.0,36.0,13.63,688.0,5.36,41.0,3.0,0,0,1,0,0,1,0,0,0,0,0,0,0,1
329000.0,60.0,14.82,653.0,13.86,35.0,1.0,0,0,0,1,0,0,0,0,0,0,0,0,0,1
254000.0,24.0,10.99,735.0,5.62,38.0,0.0,0,0,0,0,0,0,1,0,0,0,0,0,0,1
777000.0,240.0,12.32,614.0,2.54,40.0,2.0,0,0,1,0,0,0,1,0,0,0,0,1,0,1
529000.0,120.0,8.72,710.0,9.4,46.0,2.0,0,1,0,0,0,0,0,0,0,0,1,0,0,1
817000.0,360.0,11.44,740.0,13.51,42.0,1.0,0,0,1,0,0,0,0,0,0,0,0,0,0,0
849000.0,60.0,13.99,670.0,5.03,42.0,0.0,0,0,0,0,0,0,0,0,1,0,0,0,0,0
692000.0,24.0,10.96,688.0,15.45,52.0,4.0,0,0,0,0,0,0,0,0,1,0,0,0,1,0
920000.0,240.0,9.41,678.0,8.54,32.0,4.0,0,0,0,0,0,1,0,0,0,0,1,0,1,0
597000.0,24.0,10.06,669.0,10.78,24.0,4.0,0,0,0,0,1,0,0,0,0,0,0,0,1,0
168000.0,360.0,10.45,704.0,9.67,51.0,2.0,0,1,0,0,0,0,1,0,0,0,1,0,0,0
256000.0,120.0,7.2,751.0,15.76,47.0,0.0,0,0,0,0,0,0,0,0,0,1,0,0,0,0
237000.0,120.0,11.55,692.0,2.94,47.0,1.0,0,0,1,0,0,0,0,0,1,0,0,1,1,0
1052000.0,360.0,7.56,680.0,6.79,22.0,3.0,0,1,0,0,0,0,0,0,0,0,0,1,1,0
637000.0,120.0,7.0,670.0,7.12,57.0,4.0,0,0,1,0,0,0,0,0,0,0,0,0,1,0
114000.0,24.0,9.85,723.0,3.81,35.0,1.0,0,0,1,0,0,0,0,0,0,0,0,1,1,0
1051000.0,24.0,8.98,706.0,7.69,36.0,3.0,0,0,0,0,1,0,0,0,1,0,0,0,0,0
100000.0,24.0,9.1,695.0,0.0,37.0,3.0,0,0,1,0,0,0,0,0,0,1,1,0,0,0
571000.0,12.0,11.7,694.0,8.62,49.0,3.0,0,0,0,0,0,0,0,0,0,0,0,1,1,0
141000.0,240.0,9.76,652.0,0.0,38.0,3.0,0,0,0,0,1,0,0,0,1,0,0,0,0,0
721000.0,12.0,13.25,774.0,4.49,48.0,2.0,0,0,1,0,0,0,0,0,0,1,0,1,0,0
615000.0,12.0,7.0,705.0,2.93,38.0,4.0,0,1,0,0,0,1,0,0,0,0,0,0,1,0
867000.0,12.0,8.6,697.0,8.31,25.0,3.0,0,0,0,0,0,0,0,0,0,1,1,0,1,0
1229000.0,24.0,10.07,687.0,3.26,40.0,4.0,0,0,0,0,1,0,0,0,1,0,1,0,0,0
551000.0,120.0,7.0,696.0,9.95,22.0,1.0,0,1,0,0,0,0,1,0,0,0,0,1,1,0
259000.0,24.0,7.07,753.0,3.61,34.0,3.0,0,0,0,1,0,0,1,0,0,0,0,1,1,0
183000.0,360.0,9.94,695.0,1.88,59.0,3.0,0,0,1,0,0,0,0,0,0,0,0,0,0,1
260000.0,360.0,14.94,750.0,17.47,32.0,1.0,0,0,0,1,0,0,0,0,1,0,0,1,1,0
385000.0,12.0,11.28,685.0,17.76,51.0,1.0,0,0,1,0,0,0,0,1,0,0,1,0,0,0
218000.0,12.0,7.0,727.0,4.32,42.0,2.0,0,1,0,0,0,1,0,0,0,0,1,0,0,1
305000.0,240.0,11.9,709.0,8.97,34.0,1.0,0,1,0,0,0,0,1,0,0,0,0,1,1,0
331000.0,24.0,7.0,664.0,11.62,37.0,4.0,0,0,0,0,1,0,0,0,0,0,0,0,1,0
258000.0,360.0,8.98,770.0,4.16,65.0,0.0,0,0,0,1,0,0,0,0,0,1,1,0,1,0
139000.0,36.0,10.06,741.0,3.64,26.0,3.0,0,0,0,0,1,0,0,1,0,0,0,1,1,0
612000.0,120.0,7.85,708.0,5.09,25.0,0.0,0,0,1,0,0,0,0,1,0,0,1,0,0,1
192000.0,360.0,11.26,737.0,7.45,22.0,4.0,0,0,0,0,1,0,0,0,0,0,0,1,1,0
324000.0,120.0,13.1,738.0,2.38,41.0,4.0,0,1,0,0,0,0,0,0,1,0,0,0,0,0
276000.0,60.0,12.19,673.0,3.03,49.0,3.0,0,0,0,1,0,0,0,1,0,0,1,0,0,1
489000.0,360.0,11.04,701.0,4.34,40.0,2.0,0,1,0,0,0,0,0,0,0,1,0,0,1,0
479000.0,240.0,10.8,660.0,6.19,42.0,3.0,0,0,0,0,0,0,0,1,0,0,1,0,1,0
1205000.0,360.0,11.06,669.0,2.23,38.0,1.0,0,0,1,0,0,0,0,0,1,0,1,0,1,0
202000.0,36.0,8.95,646.0,0.37,30.0,0.0,0,0,0,0,1,0,0,0,1,0,1,0,1,0
275000.0,120.0,7.0,635.0,3.15,34.0,0.0,0,0,0,0,0,0,0,0,0,1,0,0,0,0
648000.0,60.0,11.67,672.0,4.26,49.0,1.0,0,1,0,0,0,0,1,0,0,0,0,1,0,0
612000.0,24.0,13.6,668.0,11.44,52.0,2.0,0,1,0,0,0,0,1,0,0,0,0,1,0,1
196000.0,120.0,12.85,737.0,2.17,44.0,0.0,0,0,1,0,0,0,0,1,0,0,1,0,1,0
296000.0,36.0,7.31,706.0,4.01,56.0,2.0,0,0,0,1,0,0,0,0,0,0,1,0,1,0
557000.0,60.0,13.11,682.0,2.39,52.0,0.0,0,0,1,0,0,0,1,0,0,0,1,0,0,0
226000.0,12.0,9.99,707.0,5.46,36.0,2.0,0,1,0,0,0,0,0,0,0,0,0,0,0,0
280000.0,24.0,12.25,714.0,4.67,60.0,2.0,0,0,0,1,0,0,1,0,0,0,0,0,0,0
1061000.0,60.0,7.96,677.0,12.41,43.0,4.0,1,0,0,0,0,0,0,0,1,0,0,0,1,0
700000.0,240.0,9.26,709.0,3.52,41.0,3.0,0,1,0,0,0,0,1,0,0,0,0,0,0,0
395000.0,36.0,9.89,711.0,1.3,62.0,4.0,0,1,0,0,0,0,0,0,0,0,0,1,0,0
505000.0,36.0,9.18,623.0,0.97,48.0,1.0,0,0,1,0,0,1,0,0,0,0,1,0,0,0
970000.0,36.0,8.42,658.0,4.94,61.0,3.0,0,0,0,1,0,1,0,0,0,0,0,0,0,0
267000.0,240.0,7.85,627.0,9.64,46.0,1.0,0,1,0,0,0,1,0,0,0,0,1,0,1,0
772000.0,240.0,12.38,723.0,4.08,63.0,3.0,0,0,0,1,0,0,0,1,0,0,1,0,0,1
556000.0,24.0,13.06,805.0,2.62,59.0,4.0,0,0,1,0,0,0,1,0,0,0,0,1,0,1
632000.0,120.0,8.92,742.0,10.24,60.0,2.0,0,1,0,0,0,0,0,1,0,0,0,1,0,1
791000.0,24.0,10.67,685.0,5.52,51.0,2.0,0,0,0,0,0,0,0,0,0,1,0,0,0,0
672000.0,360.0,10.75,726.0,3.76,34.0,1.0,0,0,0,1,0,0,0,0,0,1,1,0,0,0
100000.0,360.0,10.88,749.0,16.75,28.0,4.0,0,0,0,1,0,0,0,1,0,0,0,0,1,0
100000.0,360.0,10.86,737.0,3.59,38.0,2.0,0,0,0,0,1,1,0,0,0,0,1,0,1,0
706000.0,360.0,10.79,727.0,11.82,45.0,4.0,0,0,0,0,1,1,0,0,0,0,1,0,0,1
552000.0,24.0,9.12,736.0,4.89,35.0,4.0,0,0,0,0,0,0,0,0,1,0,0,0,0,1
636000.0,60.0,7.74,643.0,4.54,63.0,1.0,0,0,1,0,0,0,0,0,0,0,0,1,0,1
334000.0,60.0,12.7,674.0,6.41,56.0,3.0,0,0,0,0,0,1,0,0,0,0,0,0,1,0
805000.0,36.0,9.63,765.0,2.7,59.0,3.0,1,0,0,1,0,0,1,0,0,0,0,0,0,0
741000.0,120.0,7.0,706.0,4.29,46.0,3.0,0,0,0,1,0,0,0,0,0,1,1,0,0,0
727000.0,12.0,12.13,731.0,12.0,37.0,4.0,0,0,0,1,0,1,0,0,0,0,1,0,0,0
681000.0,240.0,8.48,665.0,5.65,56.0,1.0,0,0,0,1,0,1,0,0,0,0,0,0,0,1
939000.0,36.0,11.74,748.0,1.74,30.0,2.0,0,0,0,0,1,0,0,0,0,0,0,0,0,0
584000.0,360.0,12.22,665.0,8.44,63.0,1.0,0,1,0,0,0,0,0,0,0,0,0,1,1,0
782000.0,36.0,10.02,816.0,4.82,46.0,0.0,0,1,0,0,0,0,0,0,1,0,0,0,0,1
669000.0,36.0,8.65,690.0,4.04,50.0,0.0,0,0,1,0,0,0,1,0,0,0,1,0,1,0
100000.0,12.0,8.74,736.0,0.0,35.0,2.0,0,0,0,0,1,0,1,0,0,0,0,1,0,0
588000.0,120.0,7.48,683.0,16.4,52.0,1.0,0,0,1,0,0,0,0,1,0,0,1,0,1,0
1172000.0,240.0,13.38,769.0,13.26,37.0,3.0,0,0,0,1,0,0,0,0,0,0,1,0,0,0
621000.0,60.0,7.54,614.0,19.42,42.0,1.0,0,0,0,1,0,0,0,0,0,1,0,0,0,0
341000.0,12.0,12.39,696.0,2.71,34.0,0.0,0,1,0,0,0,0,0,1,0,0,0,0,0,1
436000.0,12.0,10.75,720.0,7.18,41.0,1.0,0,0,0,0,1,0,0,0,0,0,1,0,0,1
234000.0,60.0,8.57,641.0,15.79,36.0,3.0,0,1,0,0,0,0,1,0,0,0,0,1,0,0
918000.0,120.0,11.1,631.0,16.92,65.0,2.0,0,0,1,0,0,0,0,0,0,1,0,0,1,0
521000.0,120.0,10.09,672.0,9.75,57.0,4.0,0,0,0,1,0,0,0,0,0,0,1,0,1,0
590000.0,240.0,12.98,742.0,9.43,58.0,0.0,0,1,0,0,0,0,0,0,0,1,0,0,1,0
661000.0,12.0,10.92,652.0,0.0,26.0,0.0,0,0,1,0,0,0,0,1,0,0,0,0,0,0
568000.0,240.0,11.25,796.0,16.18,25.0,3.0,0,0,0,0,0,0,0,0,1,0,0,1,1,0
733000.0,36.0,8.86,725.0,6.84,61.0,3.0,0,0,0,0,1,0,0,1,0,0,1,0,0,1
207000.0,12.0,10.42,685.0,0.0,39.0,0.0,0,0,0,1,0,0,0,0,0,0,0,0,0,1
302000.0,36.0,8.47,716.0,3.63,25.0,4.0,0,0,0,0,0,0,0,0,1,0,1,0,1,0
893000.0,360.0,10.87,704.0,6.02,44.0,2.0,0,0,1,0,0,0,0,0,0,0,1,0,0,0
639000.0,120.0,12.26,631.0,5.85,63.0,1.0,0,0,0,1,0,1,0,0,0,0,1,0,0,1
494000.0,12.0,9.76,714.0,14.79,45.0,1.0,0,1,0,0,0,0,0,0,0,0,0,1,1,0
100000.0,360.0,10.44,682.0,4.62,52.0,2.0,0,1,0,0,0,0,1,0,0,0,0,0,0,0
895000.0,120.0,8.38,652.0,2.11,28.0,1.0,0,0,0,0,0,0,0,0,0,1,0,0,0,1
629000.0,24.0,8.63,623.0,5.48,22.0,2.0,0,0,0,0,1,0,0,1,0,0,0,0,0,0
107000.0,360.0,11.0,800.0,4.61,61.0,2.0,0,1,0,0,0,1,0,0,0,0,0,0,1,0
774000.0,360.0,10.36,601.0,3.34,22.0,2.0,0,0,0,0,1,0,0,1,0,0,0,0,1,0
539000.0,360.0,10.57,634.0,6.74,28.0,1.0,0,0,0,0,1,0,0,0,0,1,1,0,0,0
1000000.0,120.0,10.11,750.0,5.63,58.0,4.0,0,0,0,0,1,0,0,0,0,0,0,0,0,1
804000.0,120.0,14.69,714.0,3.0,27.0,0.0,0,1,0,0,0,0,1,0,0,0,0,1,0,0
203000.0,12.0,9.23,823.0,13.09,37.0,4.0,0,0,1,0,0,1,0,0,0,0,0,1,1,0
100000.0,24.0,11.21,738.0,0.0,51.0,3.0,0,0,0,0,1,0,0,0,0,0,0,0,0,0
1080000.0,12.0,8.88,643.0,5.79,50.0,4.0,0,0,0,0,0,0,0,0,0,0,0,0,0,0
840000.0,360.0,12.91,703.0,10.42,37.0,0.0,0,0,1,0,0,0,0,1,0,0,1,0,0,1
688000.0,12.0,7.43,659.0,9.64,52.0,3.0,0,0,0,0,1,0,0,0,0,0,0,1,0,0
583000.0,60.0,8.23,658.0,0.0,52.0,1.0,0,0,0,0,0,0,1,0,0,0,0,0,0,0
485000.0,12.0,13.45,717.0,17.65,57.0,2.0,0,0,0,0,0,0,0,0,0,1,0,1,0,0
583000.0,12.0,9.27,677.0,5.26,33.0,3.0,0,0,1,0,0,0,0,0,0,1,1,0,0,1
100000.0,60.0,8.86,746.0,12.12,21.0,4.0,1,0,0,0,0,0,0,0,0,1,1,0,0,0
1088000.0,240.0,9.47,729.0,9.61,44.0,1.0,0,1,0,0,0,0,0,1,0,0,0,1,0,1
805000.0,12.0,9.03,623.0,3.75,64.0,3.0,0,0,0,0,1,0,0,0,0,0,0,1,0,0
107000.0,120.0,12.11,743.0,6.37,29.0,4.0,0,0,1,0,0,0,1,0,0,0,1,0,0,0
417000.0,360.0,9.56,749.0,4.27,46.0,2.0,0,0,1,0,0,0,0,0,0,0,1,0,1,0
308000.0,36.0,12.6,600.0,19.56,51.0,1.0,0,0,1,0,0,0,0,0,0,1,1,0,0,0
788000.0,60.0,8.67,736.0,16.44,39.0,1.0,0,0,1,0,0,0,0,1,0,0,0,0,1,0
715000.0,240.0,11.57,673.0,15.49,57.0,2.0,0,1,0,0,0,0,0,0,0,0,1,0,0,1
100000.0,240.0,8.17,693.0,0.0,54.0,3.0,0,0,0,0,0,0,0,0,0,1,0,1,0,1
169000.0,12.0,10.83,667.0,6.31,23.0,1.0,0,0,0,0,1,0,0,1,0,0,1,0,0,1
534000.0,240.0,8.0,698.0,11.67,61.0,4.0,0,0,0,0,1,1,0,0,0,0,1,0,1,0
522000.0,60.0,11.49,771.0,11.64,31.0,1.0,0,0,0,1,0,1,0,0,0,0,0,0,0,1
620000.0,360.0,12.19,743.0,5.14,48.0,1.0,0,0,1,0,0,0,1,0,0,0,0,0,1,0
652000.0,120.0,8.49,732.0,11.34,55.0,2.0,0,0,0,0,0,0,0,1,0,0,0,0,0,1
593000.0,360.0,10.67,601.0,17.35,27.0,3.0,0,0,1,0,0,0,0,1,0,0,0,1,1,0
100000.0,12.0,9.05,714.0,0.0,58.0,2.0,0,1,0,0,0,0,0,0,1,0,1,0,0,1
798000.0,360.0,9.43,707.0,4.82,25.0,0.0,0,0,1,0,0,0,0,1,0,0,0,0,0,1
375000.0,240.0,12.75,708.0,0.97,50.0,1.0,0,1,0,0,0,0,0,0,1,0,0,1,1,0
521000.0,12.0,10.77,732.0,2.62,56.0,4.0,0,1,0,0,0,1,0,0,0,0,1,0,0,0
694000.0,12.0,9.57,782.0,2.62,24.0,3.0,0,0,0,0,1,0,0,0,1,0,0,1,0,0
669000.0,12.0,13.69,710.0,8.36,26.0,2.0,0,0,0,0,0,0,0,0,0,1,0,0,0,0
100000.0,240.0,12.9,628.0,0.0,21.0,2.0,0,0,0,0,1,0,0,0,0,1,0,1,0,1
654000.0,120.0,10.44,631.0,10.04,28.0,2.0,0,1,0,0,0,0,0,0,0,1,0,0,1,0
100000.0,36.0,11.91,709.0,0.9,34.0,3.0,0,1,0,0,0,0,0,0,0,0,1,0,1,0
156000.0,24.0,12.45,710.0,11.45,63.0,2.0,0,0,0,1,0,0,0,1,0,0,1,0,1,0
652000.0,24.0,9.62,695.0,0.0,40.0,0.0,0,0,0,0,1,0,0,1,0,0,1,0,0,0
432000.0,360.0,11.37,685.0,0.0,28.0,2.0,0,0,1,0,0,0,0,0,0,0,1,0,0,1
146000.0,12.0,12.46,777.0,4.79,50.0,4.0,0,1,0,0,0,1,0,0,0,0,0,1,0,0
788000.0,24.0,9.72,803.0,4.23,34.0,3.0,0,0,0,0,1,0,0,0,1,0,1,0,1,0
389000.0,36.0,8.74,774.0,0.93,34.0,0.0,0,1,0,0,0,0,1,0,0,0,1,0,0,1
480000.0,240.0,12.26,690.0,0.97,37.0,3.0,0,0,0,0,0,1,0,0,0,0,0,1,0,0
472000.0,360.0,9.76,693.0,2.42,27.0,3.0,0,0,0,1,0,0,0,1,0,0,1,0,1,0
630000.0,12.0,11.48,683.0,14.79,27.0,1.0,0,0,0,0,0,0,0,0,0,1,0,0,0,0
560000.0,36.0,12.84,691.0,5.49,54.0,0.0,0,0,0,0,0,0,1,0,0,0,1,0,1,0
370000.0,24.0,9.76,767.0,12.1,59.0,0.0,0,1,0,0,0,0,0,1,0,0,0,0,0,1
264000.0,24.0,9.75,692.0,5.78,42.0,1.0,0,0,1,0,0,0,0,1,0,0,0,0,1,0
755000.0,120.0,7.93,678.0,6.38,56.0,4.0,0,1,0,0,0,0,0,0,1,0,0,1,1,0
668000.0,360.0,11.91,686.0,6.68,56.0,2.0,0,1,0,0,0,0,0,1,0,0,0,0,1,0
525000.0,12.0,12.52,761.0,5.22,62.0,2.0,0,0,0,0,1,0,1,0,0,0,0,0,0,0
241000.0,60.0,7.41,723.0,6.44,64.0,4.0,0,0,0,1,0,1,0,0,0,0,0,0,0,0
952000.0,60.0,7.0,641.0,0.72,32.0,1.0,0,0,0,1,0,0,0,0,1,0,0,1,0,1
642000.0,12.0,12.18,617.0,18.69,46.0,2.0,0,0,0,0,1,0,0,0,1,0,0,0,1,0
558000.0,360.0,10.28,668.0,0.0,37.0,1.0,0,0,0,1,0,1,0,0,0,0,1,0,0,1
757000.0,36.0,9.19,735.0,12.22,26.0,2.0,0,0,1,0,0,0,0,1,0,0,1,0,0,0
105000.0,24.0,10.49,715.0,4.63,42.0,1.0,0,0,1,0,0,0,0,0,0,0,0,0,1,0
276000.0,120.0,11.61,567.0,0.99,21.0,3.0,0,0,0,1,0,0,1,0,0,0,0,0,1,0
585000.0,24.0,11.97,748.0,5.6,21.0,0.0,0,0,1,0,0,1,0,0,0,0,0,1,0,0
729000.0,60.0,7.0,701.0,4.67,45.0,0.0,0,0,0,0,1,0,0,1,0,0,0,0,0,0
303000.0,360.0,8.64,669.0,12.9,45.0,0.0,0,0,0,0,1,0,0,0,0,0,0,1,1,0
319000.0,360.0,12.86,666.0,5.67,36.0,0.0,0,0,0,1,0,0,0,0,0,0,1,0,0,1
402000.0,120.0,9.98,684.0,1.9,36.0,4.0,0,0,0,1,0,1,0,0,0,0,1,0,0,0
565000.0,120.0,12.53,689.0,7.4,65.0,1.0,0,1,0,0,0,0,0,0,0,1,1,0,1,0
656000.0,12.0,9.02,705.0,10.66,34.0,3.0,0,0,0,1,0,0,0,0,0,0,0,1,0,1
442000.0,24.0,7.43,646.0,5.57,50.0,3.0,0,0,1,0,0,0,0,0,0,1,1,0,0,0
596000.0,240.0,12.08,697.0,8.97,45.0,3.0,0,0,0,0,0,0,0,1,0,0,1,0,0,0
567000.0,120.0,10.34,636.0,1.76,21.0,2.0,0,0,1,0,0,0,0,0,0,0,1,0,1,0
402000.0,60.0,10.7,689.0,11.19,40.0,3.0,0,0,1,0,0,0,0,1,0,0,0,1,0,0
904000.0,120.0,10.55,677.0,10.41,49.0,1.0,0,0,0,0,1,1,0,0,0,0,1,0,1,0
592000.0,12.0,7.0,686.0,6.08,31.0,3.0,0,0,1,0,0,1,0,0,0,0,0,1,0,1
736000.0,360.0,11.05,685.0,5.03,54.0,0.0,0,0,0,0,1,0,0,0,1,0,0,1,1,0
376000.0,36.0,11.31,713.0,11.2,48.0,1.0,0,0,0,0,1,0,0,0,0,1,0,1,0,1
454000.0,240.0,8.84,693.0,6.95,47.0,4.0,0,0,0,0,1,0,0,0,0,0,0,1,0,0
562000.0,12.0,9.65,734.0,6.84,50.0,3.0,1,0,0,0,1,0,0,0,0,1,1,0,0,0
414000.0,24.0,8.87,732.0,1.37,37.0,3.0,0,0,0,0,1,0,0,0,1,0,1,0,0,0
100000.0,24.0,13.16,701.0,10.11,56.0,2.0,0,0,0,0,0,0,1,0,0,0,0,1,0,1
965000.0,12.0,9.7,665.0,7.23,63.0,4.0,0,0,1,0,0,0,0,0,0,0,0,1,0,0
994000.0,24.0,9.26,765.0,4.24,63.0,3.0,0,0,0,0,0,0,0,0,0,1,0,0,1,0
100000.0,120.0,7.61,628.0,0.0,50.0,2.0,0,0,1,0,0,0,1,0,0,0,0,1,0,0
1064000.0,36.0,8.66,635.0,1.95,63.0,0.0,0,0,1,0,0,0,0,0,0,1,1,0,0,1
1280000.0,120.0,10.85,696.0,6.78,52.0,3.0,0,0,0,1,0,0,0,1,0,0,0,0,0,0
100000.0,360.0,10.26,776.0,9.57,61.0,4.0,0,0,0,1,0,0,0,0,1,0,0,1,0,1
1028000.0,24.0,9.81,682.0,10.42,52.0,3.0,0,1,0,0,0,0,1,0,0,0,1,0,0,1
823000.0,24.0,8.4,740.0,4.42,32.0,0.0,0,1,0,0,0,0,0,0,1,0,0,1,1,0
978000.0,24.0,9.67,764.0,1.22,42.0,1.0,0,1,0,0,0,1,0,0,0,0,1,0,0,0
370000.0,24.0,10.12,762.0,12.47,36.0,3.0,0,1,0,0,0,0,0,0,1,0,1,0,0,1
497000.0,36.0,12.95,777.0,9.17,52.0,1.0,0,0,0,1,0,0,0,0,1,0,1,0,1,0
1276000.0,36.0,13.22,727.0,4.52,33.0,4.0,0,0,0,0,0,1,0,0,0,0,0,0,0,0
1096000.0,120.0,8.46,669.0,3.54,54.0,2.0,0,0,0,0,0,0,0,0,1,0,0,1,0,1
603000.0,36.0,12.77,744.0,1.92,24.0,3.0,0,0,0,1,0,0,0,0,1,0,0,1,0,0
364000.0,36.0,9.25,673.0,8.14,58.0,2.0,0,0,1,0,0,1,0,0,0,0,0,0,1,0
100000.0,24.0,12.9,737.0,2.59,34.0,4.0,0,0,0,0,0,0,0,0,0,1,0,1,1,0
750000.0,24.0,14.3,612.0,11.72,65.0,2.0,0,0,0,0,1,0,0,1,0,0,1,0,0,1
810000.0,24.0,9.55,753.0,3.76,59.0,2.0,0,0,1,0,0,0,0,0,1,0,1,0,1,0
564000.0,120.0,9.62,745.0,7.14,26.0,1.0,0,0,0,0,1,1,0,0,0,0,0,0,1,0
338000.0,360.0,9.72,625.0,5.44,47.0,2.0,0,0,1,0,0,0,0,0,0,0,1,0,0,1
410000.0,12.0,11.15,786.0,5.81,55.0,4.0,0,0,0,1,0,1,0,0,0,0,0,1,0,1
749000.0,360.0,9.37,771.0,0.0,46.0,0.0,0,0,1,0,0,0,0,1,0,0,0,1,1,0
430000.0,24.0,7.4,651.0,3.25,48.0,0.0,0,0,0,0,1,0,1,0,0,0,0,1,0,0
667000.0,120.0,9.95,576.0,6.85,58.0,3.0,0,0,0,0,0,1,0,0,0,0,1,0,1,0
622000.0,240.0,13.1,641.0,10.0,65.0,1.0,0,0,0,0,0,0,0,0,0,0,1,0,0,1
557000.0,120.0,11.65,664.0,7.59,63.0,3.0,0,0,0,1,0,0,1,0,0,0,0,0,0,1
671000.0,240.0,10.91,717.0,8.55,62.0,1.0,0,1,0,0,0,0,0,0,0,0,0,1,1,0
481000.0,36.0,11.12,680.0,9.59,30.0,4.0,0,0,1,0,0,0,0,0,1,0,0,0,0,0
887000.0,24.0,11.69,755.0,5.24,60.0,1.0,0,0,1,0,0,1,0,0,0,0,0,0,0,0
629000.0,24.0,9.44,652.0,13.0,28.0,1.0,0,0,1,0,0,0,0,0,0,0,0,1,0,0
491000.0,24.0,10.85,633.0,6.05,46.0,4.0,0,1,0,0,0,0,0,0,1,0,0,1,1,0
1077000.0,12.0,8.79,715.0,8.54,48.0,0.0,0,1,0,0,0,0,0,0,0,1,0,1,0,0
145000.0,60.0,11.78,730.0,1.66,26.0,2.0,0,1,0,0,0,0,0,0,1,0,1,0,0,1
1012000.0,12.0,11.04,747.0,6.84,34.0,0.0,0,0,1,0,0,1,0,0,0,0,0,0,1,0
385000.0,36.0,7.87,694.0,19.0,44.0,0.0,0,0,1,0,0,0,0,0,1,0,0,0,1,0
511000.0,60.0,13.3,755.0,0.5,27.0,2.0,0,1,0,0,0,0,0,1,0,0,1,0,1,0
513000.0,24.0,10.78,676.0,5.13,39.0,1.0,0,0,0,0,0,0,0,1,0,0,0,0,0,0
1064000.0,360.0,10.3,728.0,4.7,60.0,4.0,0,0,0,1,0,1,0,0,0,0,1,0,0,1
286000.0,36.0,9.51,672.0,4.79,46.0,4.0,0,0,0,0,1,0,0,1,0,0,0,0,0,0
315000.0,360.0,12.75,670.0,2.86,58.0,2.0,0,1,0,0,0,0,0,0,0,0,1,0,0,0
543000.0,36.0,10.93,685.0,3.61,26.0,3.0,0,0,0,1,0,0,1,0,0,0,0,1,1,0
613000.0,120.0,9.43,745.0,11.22,36.0,4.0,0,0,0,0,1,0,0,0,0,1,0,1,1,0
164000.0,240.0,10.58,733.0,0.22,25.0,2.0,0,0,0,0,0,0,0,0,1,0,1,0,1,0
410000.0,360.0,12.9,733.0,2.47,25.0,2.0,0,1,0,0,0,0,0,0,1,0,1,0,1,0
276000.0,240.0,11.6,735.0,1.91,52.0,0.0,0,1,0,0,0,1,0,0,0,0,0,0,0,1
855000.0,240.0,10.84,698.0,8.93,63.0,3.0,0,0,0,1,0,0,1,0,0,0,0,0,0,1
686000.0,12.0,8.62,604.0,7.27,25.0,0.0,0,0,0,0,1,0,0,0,1,0,0,0,0,0
143000.0,360.0,10.93,726.0,9.71,58.0,0.0,0,0,1,0,0,0,1,0,0,0,0,0,0,1
100000.0,24.0,10.89,666.0,9.32,22.0,0.0,0,0,1,0,0,0,0,0,1,0,0,0,1,0
478000.0,36.0,11.19,724.0,6.85,43.0,3.0,0,0,0,0,0,0,0,1,0,0,0,0,1,0
705000.0,24.0,9.21,787.0,11.51,48.0,0.0,0,0,0,1,0,0,0,0,1,0,0,0,0,0
892000.0,12.0,14.02,768.0,9.35,21.0,4.0,0,1,0,0,0,1,0,0,0,0,0,1,0,0
475000.0,240.0,10.7,746.0,8.45,47.0,4.0,0,0,0,0,0,0,0,0,0,1,0,1,0,0
637000.0,60.0,8.87,751.0,3.53,51.0,0.0,0,0,0,1,0,1,0,0,0,0,1,0,1,0
900000.0,24.0,10.69,715.0,6.83,25.0,3.0,0,0,0,0,0,0,0,1,0,0,0,1,0,1
653000.0,360.0,11.32,621.0,6.32,26.0,2.0,0,0,1,0,0,0,0,0,1,0,0,0,1,0
997000.0,240.0,10.41,689.0,7.5,64.0,1.0,0,0,0,0,0,0,0,1,0,0,0,0,0,0
542000.0,24.0,8.02,714.0,8.83,29.0,3.0,0,0,0,0,0,0,0,0,1,0,0,1,1,0
649000.0,240.0,11.67,702.0,5.97,55.0,2.0,1,1,0,0,0,1,0,0,0,0,1,0,1,0
832000.0,240.0,10.0,726.0,13.35,37.0,4.0,0,0,0,1,0,0,0,1,0,0,1,0,0,1
411000.0,360.0,9.12,730.0,17.63,52.0,3.0,0,0,1,0,0,1,0,0,0,0,0,0,0,1
856000.0,240.0,9.42,684.0,6.06,46.0,4.0,0,0,0,0,0,0,0,1,0,0,1,0,0,0
721000.0,60.0,7.67,702.0,7.0,38.0,3.0,0,0,0,0,1,0,0,0,0,1,1,0,0,1
277000.0,240.0,11.17,749.0,0.0,30.0,3.0,0,1,0,0,0,0,0,1,0,0,0,1,1,0
574000.0,60.0,8.9,615.0,1.41,55.0,1.0,0,0,0,1,0,1,0,0,0,0,0,1,0,1
516000.0,240.0,9.78,773.0,7.02,40.0,1.0,0,0,1,0,0,0,1,0,0,0,1,0,0,0
489000.0,24.0,9.59,700.0,2.24,40.0,1.0,0,0,1,0,0,0,0,0,1,0,1,0,0,1
292000.0,12.0,11.54,674.0,10.61,23.0,1.0,0,0,0,1,0,0,1,0,0,0,0,0,0,1
659000.0,24.0,13.35,750.0,12.53,42.0,2.0,0,0,0,1,0,1,0,0,0,0,1,0,0,1
677000.0,120.0,8.85,710.0,3.4,30.0,1.0,0,1,0,0,0,1,0,0,0,0,1,0,0,1
765000.0,36.0,7.0,694.0,0.55,63.0,3.0,0,0,0,0,1,1,0,0,0,0,1,0,1,0
1144000.0,36.0,12.96,650.0,2.54,49.0,3.0,0,1,0,0,0,0,0,1,0,0,1,0,0,1
137000.0,240.0,14.73,726.0,16.14,53.0,3.0,0,0,0,0,0,0,0,0,1,0,0,0,0,1
366000.0,12.0,10.46,699.0,6.63,48.0,2.0,0,0,1,0,0,0,0,0,1,0,1,0,0,1
911000.0,60.0,10.28,765.0,3.48,22.0,3.0,0,1,0,0,0,0,0,1,0,0,1,0,1,0
768000.0,360.0,12.28,749.0,0.0,29.0,0.0,0,1,0,0,0,0,0,1,0,0,0,0,0,1
994000.0,24.0,13.06,712.0,11.45,54.0,4.0,0,1,0,0,0,0,0,0,0,0,0,1,0,1
566000.0,240.0,10.4,740.0,4.74,63.0,2.0,0,0,0,1,0,1,0,0,0,0,1,0,1,0
302000.0,120.0,8.7,708.0,7.56,33.0,2.0,0,1,0,0,0,0,1,0,0,0,0,1,0,0
685000.0,120.0,13.83,716.0,17.4,43.0,3.0,0,1,0,0,0,0,0,0,0,1,0,0,1,0
223000.0,120.0,9.53,671.0,2.64,51.0,2.0,0,1,0,0,0,1,0,0,0,0,0,1,1,0
380000.0,120.0,9.08,717.0,1.85,41.0,1.0,0,0,1,0,0,0,0,0,0,0,0,1,0,0
263000.0,12.0,10.02,724.0,3.53,39.0,4.0,0,1,0,0,0,0,1,0,0,0,1,0,0,0
247000.0,360.0,9.92,619.0,15.95,30.0,4.0,0,0,1,0,0,0,0,0,0,0,0,0,0,0
548000.0,360.0,12.74,670.0,1.94,49.0,1.0,0,1,0,0,0,1,0,0,0,0,0,0,0,0
580000.0,120.0,11.21,730.0,6.0,42.0,0.0,0,0,0,0,0,0,0,0,0,1,1,0,0,1
358000.0,240.0,10.68,750.0,12.94,59.0,2.0,0,0,0,1,0,1,0,0,0,0,0,1,0,0
715000.0,240.0,12.58,697.0,0.0,32.0,0.0,0,0,0,0,0,1,0,0,0,0,0,0,1,0
876000.0,240.0,14.55,608.0,1.9,37.0,2.0,0,0,0,0,0,0,0,0,1,0,0,0,0,0
570000.0,240.0,8.44,700.0,3.12,55.0,3.0,0,0,0,0,0,1,0,0,0,0,1,0,0,1
220000.0,240.0,9.82,708.0,14.76,50.0,4.0,0,0,0,1,0,0,0,0,0,0,0,0,0,1
821000.0,360.0,7.21,692.0,13.36,25.0,4.0,0,0,0,0,1,1,0,0,0,0,1,0,0,1
519000.0,36.0,9.09,626.0,16.0,43.0,0.0,0,0,0,1,0,0,0,0,0,1,0,0,0,0
420000.0,360.0,11.42,640.0,3.14,26.0,3.0,0,0,0,0,0,0,0,0,1,0,0,0,1,0
324000.0,24.0,9.97,809.0,10.95,56.0,2.0,0,1,0,0,0,0,0,0,0,1,1,0,0,1
762000.0,360.0,9.22,746.0,9.19,52.0,1.0,0,0,0,0,0,0,1,0,0,0,0,1,0,0
1082000.0,36.0,10.5,696.0,12.62,21.0,2.0,0,0,0,0,1,0,0,0,1,0,0,1,1,0
458000.0,120.0,7.0,713.0,3.77,49.0,1.0,0,1,0,0,0,0,0,0,0,0,0,1,1,0
436000.0,24.0,11.37,655.0,7.01,58.0,2.0,0,0,0,1,0,0,0,0,1,0,0,0,0,1
504000.0,12.0,7.58,774.0,3.28,47.0,3.0,0,1,0,0,0,0,0,0,1,0,0,0,1,0
433000.0,120.0,10.31,758.0,0.0,45.0,1.0,0,0,1,0,0,0,0,0,0,1,0,1,1,0
656000.0,12.0,11.8,605.0,4.13,21.0,0.0,0,1,0,0,0,0,0,0,1,0,0,0,0,1
548000.0,12.0,10.49,714.0,3.88,25.0,1.0,0,0,1,0,0,1,0,0,0,0,0,0,0,1
531000.0,120.0,8.01,647.0,5.76,42.0,4.0,1,0,0,0,0,0,0,0,0,0,1,0,1,0
314000.0,120.0,11.69,759.0,4.01,49.0,0.0,0,1,0,0,0,0,0,0,0,1,1,0,0,1
535000.0,240.0,9.7,680.0,1.59,46.0,4.0,0,1,0,0,0,0,0,1,0,0,0,0,1,0
555000.0,12.0,11.8,729.0,3.34,24.0,2.0,0,0,1,0,0,0,0,0,0,1,0,0,1,0
100000.0,60.0,12.47,743.0,1.03,59.0,0.0,0,0,0,1,0,1,0,0,0,0,0,1,1,0
651000.0,24.0,12.49,606.0,8.05,28.0,4.0,0,0,0,1,0,0,1,0,0,0,0,0,1,0
877000.0,360.0,11.89,661.0,5.99,62.0,3.0,0,0,1,0,0,1,0,0,0,0,0,1,1,0
721000.0,36.0,12.48,720.0,3.11,47.0,4.0,0,0,0,0,0,0,0,0,1,0,0,1,1,0
798000.0,60.0,9.04,692.0,2.09,29.0,4.0,0,1,0,0,0,0,0,0,0,0,1,0,0,1
909000.0,360.0,10.1,747.0,10.99,64.0,3.0,0,0,1,0,0,0,1,0,0,0,0,1,1,0
100000.0,36.0,10.82,695.0,1.68,41.0,4.0,0,0,0,0,1,0,0,0,0,0,1,0,0,1
856000.0,120.0,12.5,650.0,8.25,23.0,3.0,0,0,1,0,0,0,1,0,0,0,0,0,1,0
566000.0,120.0,12.41,673.0,9.26,42.0,2.0,0,0,0,1,0,1,0,0,0,0,0,1,0,1
100000.0,240.0,12.52,647.0,5.32,25.0,3.0,0,0,0,1,0,0,1,0,0,0,0,1,0,1
233000.0,120.0,10.86,727.0,0.0,55.0,1.0,0,0,1,0,0,1,0,0,0,0,0,0,0,1
378000.0,120.0,10.47,804.0,0.0,44.0,4.0,0,0,0,1,0,1,0,0,0,0,0,1,0,0
100000.0,36.0,15.1,672.0,0.0,50.0,4.0,0,0,1,0,0,1,0,0,0,0,0,1,0,0
393000.0,12.0,8.24,689.0,6.89,24.0,0.0,0,0,0,0,0,1,0,0,0,0,1,0,0,1
841000.0,240.0,12.29,750.0,2.61,49.0,0.0,0,1,0,0,0,0,0,0,0,0,0,0,0,0
582000.0,240.0,9.54,620.0,6.22,41.0,1.0,0,0,1,0,0,1,0,0,0,0,0,0,0,0
526000.0,120.0,9.61,751.0,0.0,35.0,0.0,0,0,0,0,1,0,0,1,0,0,1,0,1,0
253000.0,360.0,10.64,661.0,3.73,58.0,1.0,1,0,1,0,0,0,0,0,0,0,0,1,0,1
657000.0,12.0,11.74,717.0,4.35,46.0,3.0,0,0,1,0,0,0,0,0,1,0,0,0,0,1
1214000.0,36.0,12.43,706.0,6.24,58.0,1.0,0,0,0,1,0,0,0,0,1,0,1,0,0,0
1033000.0,24.0,11.11,728.0,2.3,56.0,3.0,0,0,1,0,0,0,0,0,0,0,0,1,1,0
575000.0,24.0,13.03,740.0,9.15,27.0,1.0,0,0,1,0,0,0,0,0,0,1,1,0,0,0
502000.0,360.0,10.75,741.0,4.63,57.0,1.0,0,1,0,0,0,0,0,0,0,1,0,1,0,1
570000.0,360.0,7.0,733.0,10.53,60.0,2.0,0,0,0,1,0,0,0,0,0,1,0,1,0,1
662000.0,12.0,7.0,702.0,2.74,32.0,4.0,0,0,0,0,1,0,1,0,0,0,0,0,1,0
674000.0,36.0,10.58,693.0,3.79,22.0,3.0,0,0,1,0,0,0,0,0,0,0,0,1,1,0
469000.0,12.0,14.43,740.0,3.86,51.0,1.0,0,1,0,0,0,0,0,0,0,1,1,0,1,0
369000.0,240.0,9.04,665.0,3.32,38.0,4.0,0,0,0,1,0,0,0,0,1,0,1,0,0,1
125000.0,36.0,9.06,736.0,0.0,60.0,2.0,0,0,0,1,0,0,1,0,0,0,0,1,1,0
100000.0,36.0,11.6,707.0,0.0,36.0,4.0,0,1,0,0,0,0,0,0,0,1,0,0,0,1
697000.0,240.0,11.53,618.0,20.73,40.0,1.0,1,0,0,0,0,0,0,0,0,1,1,0,0,0
782000.0,12.0,13.51,626.0,0.0,61.0,3.0,0,0,0,1,0,1,0,0,0,0,0,0,0,0
253000.0,12.0,8.16,673.0,10.94,32.0,2.0,0,0,0,1,0,0,0,0,0,1,0,0,0,0
420000.0,36.0,9.5,744.0,0.2,24.0,1.0,0,0,0,0,1,0,1,0,0,0,1,0,1,0
162000.0,120.0,13.31,661.0,15.04,27.0,1.0,0,0,1,0,0,0,0,0,0,0,0,0,0,1
577000.0,120.0,9.16,726.0,7.34,53.0,1.0,0,1,0,0,0,1,0,0,0,0,0,1,0,1
571000.0,240.0,10.33,635.0,2.87,21.0,3.0,0,0,0,1,0,1,0,0,0,0,0,1,1,0
182000.0,24.0,12.79,636.0,2.5,39.0,4.0,0,0,1,0,0,0,1,0,0,0,1,0,0,0
967000.0,120.0,9.37,698.0,6.53,31.0,1.0,0,0,0,0,1,0,0,0,0,1,0,0,1,0
100000.0,24.0,10.78,655.0,2.78,61.0,2.0,0,1,0,0,0,0,0,1,0,0,1,0,0,0
470000.0,120.0,11.19,685.0,4.12,42.0,2.0,0,0,0,1,0,1,0,0,0,0,0,0,0,0
100000.0,12.0,14.63,740.0,3.14,22.0,2.0,0,0,0,0,0,1,0,0,0,0,0,0,0,1
405000.0,24.0,9.56,675.0,2.66,41.0,2.0,0,0,0,0,1,0,0,1,0,0,0,0,1,0
682000.0,120.0,11.43,697.0,7.16,28.0,3.0,0,0,0,0,0,0,0,0,0,1,0,1,0,0
509000.0,12.0,11.81,718.0,8.57,25.0,4.0,0,1,0,0,0,0,0,0,0,1,0,1,0,0
584000.0,360.0,15.64,721.0,0.89,49.0,3.0,0,0,1,0,0,0,1,0,0,0,1,0,0,0
658000.0,12.0,7.0,731.0,9.6,64.0,2.0,0,0,0,0,1,0,0,0,0,0,0,0,0,0
420000.0,360.0,8.84,703.0,2.21,44.0,1.0,0,0,1,0,0,0,0,0,0,1,1,0,0,1
398000.0,12.0,10.84,738.0,8.22,48.0,0.0,0,1,0,0,0,0,0,0,0,0,1,0,0,0
330000.0,240.0,10.94,681.0,5.26,35.0,2.0,0,1,0,0,0,0,0,1,0,0,0,0,0,0
630000.0,240.0,11.4,678.0,18.39,28.0,1.0,0,0,1,0,0,0,0,0,0,0,0,0,0,0
381000.0,240.0,13.64,614.0,12.0,64.0,0.0,0,1,0,0,0,0,0,0,1,0,0,1,0,1
388000.0,60.0,10.07,789.0,3.36,54.0,3.0,0,0,1,0,0,1,0,0,0,0,1,0,0,1
219000.0,240.0,10.04,726.0,4.9,41.0,3.0,0,0,1,0,0,0,1,0,0,0,1,0,1,0
392000.0,60.0,8.72,735.0,8.91,49.0,1.0,0,0,0,0,1,0,1,0,0,0,0,0,1,0
312000.0,60.0,12.31,663.0,3.79,32.0,4.0,0,0,0,0,0,0,0,1,0,0,0,0,0,1
559000.0,60.0,7.8,590.0,10.56,31.0,1.0,0,0,0,1,0,0,0,1,0,0,1,0,0,0
285000.0,120.0,12.25,709.0,11.57,22.0,3.0,0,0,1,0,0,0,0,1,0,0,0,0,0,1
317000.0,360.0,12.45,651.0,8.76,23.0,0.0,0,0,1,0,0,1,0,0,0,0,0,1,0,0
737000.0,120.0,10.1,641.0,5.87,54.0,0.0,0,1,0,0,0,0,1,0,0,0,0,1,1,0
382000.0,12.0,9.25,665.0,18.12,37.0,0.0,0,1,0,0,0,0,0,1,0,0,0,1,0,0
551000.0,24.0,11.61,691.0,6.8,44.0,2.0,0,0,0,0,0,0,0,0,1,0,0,1,0,0
412000.0,240.0,12.04,663.0,0.0,27.0,0.0,0,1,0,0,0,1,0,0,0,0,0,1,0,0
524000.0,36.0,7.92,691.0,12.77,54.0,0.0,0,0,0,1,0,1,0,0,0,0,0,1,0,0
517000.0,60.0,7.0,651.0,4.59,44.0,4.0,0,0,0,0,1,1,0,0,0,0,1,0,1,0
741000.0,36.0,10.63,738.0,1.86,46.0,4.0,0,0,0,0,1,0,0,0,1,0,1,0,0,1
230000.0,24.0,8.49,721.0,18.04,58.0,0.0,0,0,0,0,0,0,0,0,0,1,1,0,0,0
671000.0,36.0,11.2,683.0,10.43,32.0,3.0,0,0,0,0,1,0,0,1,0,0,0,1,1,0
445000.0,24.0,11.11,767.0,6.06,48.0,0.0,0,0,0,0,1,0,1,0,0,0,0,1,0,1
451000.0,36.0,10.79,696.0,9.33,55.0,0.0,0,0,0,1,0,0,0,1,0,0,1,0,0,1
551000.0,120.0,7.68,709.0,3.86,55.0,2.0,0,1,0,0,0,1,0,0,0,0,0,0,0,0
972000.0,240.0,8.35,753.0,14.78,34.0,4.0,0,0,0,0,1,0,0,1,0,0,0,1,0,0
933000.0,240.0,13.8,798.0,20.48,60.0,3.0,0,0,0,0,1,0,0,0,0,0,0,0,0,0
739000.0,360.0,8.46,657.0,7.05,36.0,3.0,0,0,0,0,0,0,0,0,0,1,0,0,0,0
321000.0,240.0,11.43,715.0,6.58,47.0,0.0,0,0,0,0,1,0,0,0,0,0,1,0,1,0
100000.0,60.0,12.0,692.0,4.63,26.0,2.0,0,0,0,0,0,0,0,1,0,0,0,1,1,0
744000.0,24.0,11.5,712.0,3.48,34.0,2.0,0,1,0,0,0,1,0,0,0,0,0,1,0,1
410000.0,36.0,10.38,745.0,6.27,47.0,3.0,0,0,1,0,0,0,0,0,0,1,0,0,0,1
269000.0,240.0,14.71,755.0,3.96,36.0,3.0,0,0,0,1,0,0,0,0,1,0,1,0,1,0
658000.0,12.0,11.12,730.0,0.41,47.0,2.0,0,0,0,0,1,0,0,0,0,0,0,0,0,1
405000.0,240.0,12.47,741.0,5.63,30.0,4.0,0,0,0,0,0,0,0,0,1,0,0,1,0,1
1140000.0,360.0,11.87,660.0,7.23,54.0,0.0,1,1,0,0,0,0,0,1,0,0,0,1,0,0
1094000.0,240.0,12.2,735.0,8.96,42.0,0.0,0,0,0,0,1,0,0,0,1,0,0,1,0,1
776000.0,360.0,9.72,772.0,1.52,22.0,2.0,0,0,1,0,0,0,0,0,0,0,1,0,1,0
447000.0,24.0,9.73,779.0,7.68,26.0,0.0,0,0,1,0,0,0,0,1,0,0,1,0,1,0
460000.0,60.0,11.14,665.0,8.81,41.0,3.0,0,0,0,0,0,0,0,0,0,0,1,0,0,1
283000.0,120.0,10.6,751.0,8.12,61.0,3.0,1,1,0,0,0,0,0,0,0,1,0,0,0,1
591000.0,24.0,11.43,644.0,13.04,54.0,3.0,0,0,1,0,0,1,0,0,0,0,1,0,1,0
402000.0,60.0,11.27,662.0,11.45,34.0,3.0,0,0,0,0,1,0,1,0,0,0,0,0,0,0
225000.0,240.0,10.62,742.0,11.9,52.0,4.0,0,1,0,0,0,0,0,0,1,0,1,0,1,0
794000.0,120.0,13.26,569.0,0.0,28.0,4.0,0,0,0,0,1,0,0,0,1,0,0,1,0,1
461000.0,12.0,10.89,678.0,0.56,52.0,2.0,0,0,0,1,0,0,0,0,0,1,0,1,0,1
595000.0,36.0,9.89,772.0,5.4,50.0,2.0,0,0,1,0,0,1,0,0,0,0,0,0,1,0
622000.0,12.0,11.74,755.0,16.11,36.0,4.0,0,0,1,0,0,1,0,0,0,0,0,1,1,0
582000.0,360.0,8.12,670.0,2.57,61.0,1.0,0,0,1,0,0,0,0,1,0,0,0,1,0,0
618000.0,120.0,11.62,724.0,7.49,37.0,1.0,0,0,0,0,1,0,0,0,0,1,0,1,0,0
815000.0,36.0,8.5,693.0,7.99,52.0,0.0,0,0,0,0,0,0,0,0,0,0,0,0,0,0
482000.0,360.0,12.95,608.0,9.69,48.0,1.0,0,0,0,1,0,0,0,0,0,0,0,1,0,0
521000.0,360.0,9.36,736.0,8.27,26.0,4.0,0,0,0,0,0,0,0,0,0,1,1,0,0,1
444000.0,360.0,9.26,758.0,10.05,44.0,4.0,0,0,0,1,0,1,0,0,0,0,1,0,1,0
100000.0,60.0,10.15,710.0,2.37,21.0,0.0,0,0,1,0,0,0,0,0,0,0,0,0,1,0
100000.0,36.0,10.61,752.0,4.32,40.0,1.0,0,1,0,0,0,1,0,0,0,0,0,0,0,0
250000.0,120.0,9.27,686.0,4.17,50.0,4.0,0,0,0,0,0,0,0,1,0,0,0,0,0,0
435000.0,36.0,10.87,769.0,0.0,33.0,3.0,0,1,0,0,0,0,1,0,0,0,0,1,1,0
264000.0,12.0,8.41,766.0,2.93,49.0,4.0,0,1,0,0,0,0,0,1,0,0,0,0,0,0
140000.0,12.0,10.52,765.0,0.0,56.0,1.0,0,1,0,0,0,0,0,0,1,0,1,0,0,1
817000.0,36.0,10.03,766.0,5.69,65.0,4.0,0,1,0,0,0,0,0,0,0,0,0,0,0,0
578000.0,12.0,11.24,740.0,9.9,63.0,0.0,0,1,0,0,0,0,0,0,0,0,1,0,1,0
958000.0,12.0,11.91,669.0,12.21,42.0,2.0,0,0,0,0,0,1,0,0,0,0,0,0,0,0
317000.0,60.0,10.22,711.0,11.61,22.0,3.0,0,0,0,0,0,1,0,0,0,0,1,0,0,0
454000.0,24.0,10.02,623.0,2.44,59.0,3.0,0,1,0,0,0,0,0,1,0,0,1,0,0,0
328000.0,240.0,10.29,657.0,5.16,50.0,1.0,0,0,0,0,0,1,0,0,0,0,1,0,0,0
1150000.0,60.0,10.08,711.0,10.32,56.0,4.0,0,0,0,0,0,1,0,0,0,0,1,0,1,0
301000.0,120.0,10.32,713.0,12.07,30.0,1.0,1,0,0,1,0,1,0,0,0,0,0,1,0,0
634000.0,12.0,10.41,712.0,20.29,57.0,3.0,0,1,0,0,0,0,0,1,0,0,0,0,0,1
555000.0,120.0,10.53,736.0,9.77,59.0,0.0,0,1,0,0,0,0,0,0,0,0,1,0,0,1
721000.0,24.0,11.44,706.0,4.66,35.0,4.0,0,0,0,0,0,1,0,0,0,0,1,0,1,0
489000.0,12.0,10.83,685.0,5.03,22.0,0.0,0,0,0,0,0,0,0,0,1,0,1,0,1,0
169000.0,120.0,8.54,716.0,10.2,45.0,1.0,0,0,0,1,0,0,1,0,0,0,1,0,0,0
431000.0,24.0,11.35,703.0,6.41,30.0,4.0,0,1,0,0,0,0,0,0,0,1,1,0,0,0
100000.0,12.0,7.0,709.0,6.94,46.0,3.0,0,0,0,1,0,0,1,0,0,0,0,0,1,0
100000.0,12.0,9.09,766.0,3.3,57.0,1.0,0,1,0,0,0,0,1,0,0,0,0,1,0,0
100000.0,360.0,12.14,656.0,1.79,30.0,4.0,0,0,0,0,0,0,0,1,0,0,1,0,0,1
850000.0,12.0,7.0,637.0,6.38,43.0,1.0,0,0,0,0,1,0,0,0,1,0,0,0,0,0
582000.0,120.0,8.47,808.0,0.0,61.0,1.0,0,0,0,0,1,0,1,0,0,0,0,0,0,1
718000.0,120.0,13.45,742.0,1.54,56.0,3.0,0,0,0,0,1,0,1,0,0,0,0,0,1,0
255000.0,12.0,13.04,783.0,17.11,64.0,2.0,0,0,0,0,1,0,0,0,1,0,1,0,0,0
611000.0,360.0,12.79,732.0,6.88,36.0,3.0,0,0,1,0,0,0,0,0,0,0,0,0,0,1
490000.0,240.0,9.17,655.0,3.2,32.0,1.0,0,0,0,0,1,1,0,0,0,0,1,0,1,0
319000.0,60.0,11.65,782.0,9.63,24.0,1.0,0,0,0,1,0,0,0,0,1,0,0,0,1,0
822000.0,24.0,7.0,730.0,8.86,35.0,2.0,0,0,0,0,1,0,0,0,0,1,0,1,0,0
201000.0,60.0,10.73,664.0,0.36,32.0,1.0,0,0,1,0,0,0,0,0,0,0,1,0,0,0
548000.0,120.0,9.48,798.0,16.78,34.0,2.0,0,0,0,0,0,0,0,0,1,0,1,0,0,0
229000.0,120.0,8.63,689.0,2.05,32.0,0.0,0,0,0,0,0,0,1,0,0,0,0,0,0,0
702000.0,360.0,9.62,751.0,6.07,40.0,4.0,0,1,0,0,0,1,0,0,0,0,0,1,1,0
301000.0,120.0,8.76,679.0,7.78,34.0,4.0,0,0,0,0,0,0,1,0,0,0,0,0,0,1
816000.0,12.0,7.7,689.0,16.07,50.0,1.0,0,0,0,0,1,0,0,0,0,0,1,0,1,0
293000.0,360.0,8.09,742.0,5.88,25.0,0.0,0,0,1,0,0,1,0,0,0,0,0,1,1,0
591000.0,360.0,11.21,716.0,5.41,37.0,4.0,0,0,1,0,0,1,0,0,0,0,0,1,1,0
524000.0,120.0,11.67,691.0,7.21,65.0,1.0,0,0,0,0,1,0,0,1,0,0,0,0,0,0
737000.0,36.0,9.39,706.0,6.08,41.0,3.0,0,0,0,1,0,0,0,0,0,0,0,0,0,1
183000.0,24.0,13.7,679.0,4.84,34.0,4.0,0,0,0,0,1,0,0,1,0,0,1,0,0,0
186000.0,360.0,10.09,751.0,5.22,42.0,3.0,0,1,0,0,0,1,0,0,0,0,0,0,0,0
620000.0,360.0,8.02,629.0,2.04,58.0,3.0,0,0,1,0,0,0,0,0,0,1,0,1,0,0
386000.0,12.0,9.33,654.0,19.38,59.0,3.0,0,0,0,0,1,1,0,0,0,0,0,1,0,1
100000.0,12.0,13.76,683.0,17.23,58.0,1.0,0,0,0,0,1,0,0,0,0,1,1,0,0,0
431000.0,12.0,11.33,674.0,6.71,50.0,3.0,0,0,0,0,0,0,0,0,0,1,0,1,0,0
161000.0,240.0,10.59,687.0,13.49,58.0,1.0,0,0,0,1,0,1,0,0,0,0,1,0,1,0
457000.0,24.0,10.41,653.0,4.74,33.0,4.0,0,1,0,0,0,0,0,1,0,0,1,0,0,0
486000.0,240.0,8.6,645.0,3.74,60.0,3.0,0,1,0,0,0,0,0,0,1,0,0,0,0,1
985000.0,36.0,7.0,641.0,16.07,56.0,0.0,0,0,0,0,0,0,0,1,0,0,1,0,1,0
100000.0,36.0,11.96,672.0,0.0,26.0,3.0,0,1,0,0,0,1,0,0,0,0,0,1,0,0
493000.0,24.0,10.99,770.0,12.16,55.0,4.0,0,0,0,0,1,0,1,0,0,0,0,0,1,0
420000.0,360.0,8.09,656.0,8.63,44.0,4.0,0,0,0,0,0,0,0,0,0,0,0,1,0,0
379000.0,360.0,12.82,715.0,10.03,63.0,2.0,0,1,0,0,0,0,0,1,0,0,0,1,1,0
442000.0,36.0,12.03,745.0,2.75,37.0,3.0,0,0,1,0,0,0,0,0,0,1,0,0,0,0
356000.0,360.0,10.32,750.0,12.08,31.0,1.0,0,0,0,1,0,0,0,0,0,0,0,0,0,1
200000.0,240.0,12.28,680.0,8.6,39.0,3.0,0,0,0,1,0,0,0,0,1,0,1,0,1,0
440000.0,24.0,9.62,708.0,11.7,55.0,0.0,0,1,0,0,0,0,0,0,1,0,1,0,1,0
804000.0,12.0,8.97,749.0,5.54,63.0,1.0,0,0,0,0,1,0,0,0,0,1,0,1,0,0
499000.0,24.0,7.0,690.0,7.39,30.0,4.0,0,0,0,1,0,0,0,1,0,0,1,0,0,1
186000.0,12.0,7.9,771.0,2.36,24.0,3.0,0,0,0,0,1,0,0,1,0,0,0,1,0,0
954000.0,24.0,7.38,628.0,9.04,61.0,2.0,0,1,0,0,0,1,0,0,0,0,1,0,0,1
100000.0,12.0,11.04,710.0,2.82,29.0,3.0,0,0,0,0,0,0,0,0,0,0,0,1,0,0
1041000.0,360.0,11.15,692.0,18.05,29.0,1.0,0,0,0,0,1,0,1,0,0,0,0,1,0,1
787000.0,24.0,11.47,582.0,8.35,62.0,2.0,0,0,0,0,1,0,0,0,0,1,0,1,0,0
392000.0,240.0,7.28,794.0,3.65,27.0,1.0,0,0,0,0,0,0,0,0,0,0,0,0,0,1
650000.0,12.0,13.03,687.0,6.65,61.0,0.0,0,1,0,0,0,0,0,0,1,0,1,0,0,0
134000.0,24.0,11.59,738.0,13.94,54.0,3.0,0,0,0,1,0,0,1,0,0,0,1,0,1,0
429000.0,120.0,9.2,691.0,5.87,41.0,2.0,0,0,0,0,1,0,0,1,0,0,0,1,1,0
535000.0,120.0,7.0,733.0,10.97,27.0,2.0,0,0,0,0,1,0,1,0,0,0,0,1,1,0
100000.0,60.0,10.72,781.0,4.73,52.0,2.0,0,0,1,0,0,0,0,0,1,0,0,0,0,1
650000.0,60.0,11.48,690.0,10.43,35.0,2.0,0,0,0,0,0,0,0,0,0,1,1,0,1,0
366000.0,240.0,8.95,682.0,4.78,26.0,2.0,1,0,0,1,0,1,0,0,0,0,1,0,0,0
1007000.0,60.0,11.31,706.0,3.85,23.0,0.0,0,1,0,0,0,0,1,0,0,0,1,0,0,1
932000.0,240.0,8.28,753.0,3.97,59.0,2.0,0,0,0,1,0,0,0,0,1,0,0,1,0,0
894000.0,60.0,11.73,647.0,2.88,61.0,2.0,0,0,0,0,1,0,0,0,1,0,1,0,1,0
739000.0,60.0,11.2,767.0,14.13,37.0,1.0,0,0,0,0,0,0,0,0,1,0,1,0,0,0
815000.0,12.0,7.93,631.0,6.42,62.0,3.0,0,0,0,0,0,1,0,0,0,0,0,1,1,0
100000.0,360.0,11.61,742.0,10.95,25.0,1.0,0,0,0,1,0,1,0,0,0,0,0,0,0,0
614000.0,60.0,13.89,704.0,3.26,35.0,4.0,0,0,0,0,1,1,0,0,0,0,0,1,0,0
965000.0,60.0,12.96,670.0,10.88,45.0,4.0,0,0,1,0,0,0,0,0,0,0,0,0,0,0
695000.0,12.0,7.54,719.0,13.5,23.0,0.0,0,0,0,1,0,0,0,0,0,1,0,0,1,0
100000.0,240.0,7.72,739.0,1.97,49.0,3.0,0,1,0,0,0,0,0,1,0,0,1,0,0,0
100000.0,36.0,11.41,676.0,4.54,50.0,1.0,0,0,0,0,0,1,0,0,0,0,1,0,0,0
755000.0,36.0,12.19,680.0,8.27,55.0,0.0,0,0,0,0,0,1,0,0,0,0,0,0,0,1
639000.0,12.0,7.0,670.0,8.11,47.0,1.0,0,0,0,0,0,1,0,0,0,0,1,0,0,0
500000.0,60.0,8.55,669.0,8.38,26.0,4.0,0,0,0,1,0,1,0,0,0,0,1,0,0,1
535000.0,36.0,11.25,678.0,3.67,39.0,0.0,0,0,0,0,0,1,0,0,0,0,0,0,1,0
375000.0,60.0,11.76,792.0,0.0,64.0,1.0,0,0,0,0,0,0,0,0,0,1,1,0,1,0
475000.0,12.0,12.5,697.0,12.16,59.0,3.0,0,0,0,1,0,0,0,0,1,0,0,0,0,0
580000.0,24.0,8.43,750.0,6.8,41.0,3.0,0,0,0,0,0,0,0,0,0,1,0,0,1,0
473000.0,24.0,8.33,757.0,3.74,41.0,3.0,0,0,0,0,0,0,1,0,0,0,0,0,1,0
686000.0,360.0,10.03,716.0,2.86,57.0,2.0,0,1,0,0,0,0,0,0,1,0,0,0,1,0
445000.0,360.0,9.69,700.0,5.08,39.0,3.0,0,0,0,0,0,0,1,0,0,0,0,1,1,0
243000.0,12.0,11.02,638.0,5.55,50.0,3.0,0,0,0,0,0,1,0,0,0,0,0,0,1,0
666000.0,60.0,9.81,667.0,4.67,24.0,4.0,0,1,0,0,0,0,0,1,0,0,0,0,1,0
591000.0,12.0,7.99,637.0,3.05,41.0,4.0,0,1,0,0,0,0,0,0,1,0,0,1,0,1
345000.0,240.0,11.68,695.0,5.43,43.0,3.0,0,0,0,0,1,0,0,1,0,0,1,0,0,0
728000.0,24.0,9.21,625.0,13.82,28.0,1.0,0,0,0,1,0,0,0,0,0,1,1,0,1,0
328000.0,12.0,11.22,713.0,10.85,44.0,3.0,0,0,0,1,0,0,1,0,0,0,0,1,1,0
664000.0,60.0,10.19,661.0,4.22,37.0,4.0,0,0,1,0,0,0,0,1,0,0,1,0,0,0
787000.0,360.0,8.46,676.0,3.24,42.0,1.0,0,1,0,0,0,0,0,0,0,0,0,1,1,0
227000.0,12.0,13.69,632.0,1.74,23.0,0.0,0,0,0,1,0,0,0,0,1,0,0,0,0,1
707000.0,60.0,7.0,763.0,4.74,23.0,2.0,0,0,1,0,0,1,0,0,0,0,0,1,0,0
595000.0,24.0,10.7,792.0,2.76,27.0,3.0,0,0,0,0,0,0,0,0,0,1,0,1,1,0
100000.0,240.0,7.0,701.0,3.24,52.0,2.0,0,0,1,0,0,0,0,0,0,1,0,1,1,0
189000.0,120.0,9.05,644.0,0.0,64.0,2.0,0,0,1,0,0,0,0,1,0,0,0,0,1,0
653000.0,36.0,9.77,668.0,5.83,27.0,4.0,0,0,1,0,0,0,0,0,0,0,0,1,1,0
598000.0,120.0,9.07,724.0,6.13,48.0,3.0,0,1,0,0,0,0,0,0,1,0,0,0,0,0
633000.0,36.0,8.42,652.0,8.6,53.0,1.0,0,1,0,0,0,0,0,0,1,0,1,0,0,1
615000.0,360.0,11.69,777.0,0.81,24.0,0.0,0,0,0,0,1,0,1,0,0,0,1,0,0,0
202000.0,240.0,7.47,816.0,0.0,28.0,0.0,0,1,0,0,0,0,0,0,0,0,0,0,0,0
847000.0,240.0,9.29,711.0,10.27,58.0,4.0,0,0,0,0,1,0,0,0,0,1,0,1,1,0
617000.0,360.0,9.02,689.0,7.28,31.0,3.0,0,1,0,0,0,0,0,0,0,0,0,0,0,1
139000.0,120.0,9.31,701.0,4.53,26.0,1.0,0,1,0,0,0,0,0,0,0,0,0,0,1,0
270000.0,36.0,14.25,727.0,6.6,24.0,0.0,0,0,0,0,1,0,0,1,0,0,0,0,1,0
914000.0,24.0,7.77,640.0,5.27,61.0,2.0,0,0,0,1,0,0,0,0,0,1,0,0,1,0
873000.0,24.0,12.2,769.0,0.0,21.0,3.0,0,0,0,0,0,0,0,0,1,0,0,1,0,1
462000.0,60.0,11.51,771.0,0.0,44.0,4.0,0,0,1,0,0,1,0,0,0,0,0,1,0,1
658000.0,360.0,11.26,735.0,6.85,38.0,4.0,0,0,0,1,0,0,0,0,1,0,0,1,0,1
757000.0,36.0,8.69,583.0,6.7,63.0,3.0,0,0,0,1,0,0,1,0,0,0,0,0,0,0
699000.0,240.0,8.32,768.0,4.9,54.0,0.0,0,0,0,0,0,1,0,0,0,0,0,1,1,0
535000.0,36.0,9.84,642.0,3.28,57.0,1.0,0,0,0,0,0,0,1,0,0,0,0,0,0,1
674000.0,120.0,13.77,715.0,5.4,25.0,1.0,0,0,1,0,0,1,0,0,0,0,0,0,0,1
581000.0,12.0,8.97,679.0,3.29,42.0,4.0,0,0,0,1,0,0,0,0,1,0,0,1,1,0
194000.0,36.0,9.06,630.0,9.03,62.0,0.0,0,0,0,0,1,0,1,0,0,0,0,1,0,1
595000.0,240.0,12.81,685.0,5.59,53.0,1.0,0,0,0,0,1,0,0,0,0,1,0,0,0,0
553000.0,24.0,12.22,653.0,3.12,22.0,1.0,0,0,0,1,0,0,0,0,0,1,0,1,1,0
645000.0,360.0,7.71,746.0,15.72,58.0,4.0,0,0,0,1,0,0,0,1,0,0,0,1,0,0
652000.0,12.0,7.74,712.0,5.17,46.0,1.0,0,0,0,1,0,0,0,0,1,0,1,0,0,1
308000.0,36.0,11.37,653.0,5.87,46.0,2.0,0,0,0,0,0,0,0,0,1,0,1,0,0,1
487000.0,120.0,11.21,748.0,14.35,38.0,3.0,0,0,0,0,1,0,0,1,0,0,1,0,0,1
701000.0,60.0,12.52,672.0,2.46,51.0,3.0,0,0,0,0,1,0,1,0,0,0,0,0,1,0
238000.0,36.0,11.81,734.0,18.34,62.0,2.0,0,1,0,0,0,0,0,0,0,1,0,0,0,1
476000.0,360.0,12.52,632.0,6.76,25.0,3.0,0,0,0,0,1,0,0,0,0,1,0,0,0,1
446000.0,36.0,11.08,751.0,10.08,52.0,4.0,0,0,0,0,1,1,0,0,0,0,1,0,0,0
405000.0,36.0,9.63,627.0,8.2,53.0,2.0,0,0,0,0,1,1,0,0,0,0,0,0,0,0
673000.0,60.0,11.06,699.0,17.57,59.0,3.0,0,0,0,0,0,0,0,0,1,0,0,0,0,0
349000.0,120.0,10.82,659.0,1.77,35.0,3.0,0,0,0,1,0,0,1,0,0,0,0,0,0,1
388000.0,360.0,10.8,646.0,10.44,39.0,4.0,0,0,0,0,1,0,0,1,0,0,0,0,1,0
582000.0,36.0,10.18,658.0,1.4,30.0,1.0,0,0,0,1,0,0,0,1,0,0,1,0,1,0
100000.0,60.0,9.96,738.0,2.17,49.0,1.0,0,0,0,0,0,0,0,0,1,0,1,0,0,0
628000.0,360.0,13.51,688.0,1.03,41.0,3.0,0,0,0,0,1,0,0,0,1,0,0,0,0,0
100000.0,120.0,7.58,588.0,9.67,35.0,3.0,0,0,0,1,0,0,0,1,0,0,0,0,0,0
876000.0,24.0,9.36,718.0,4.95,25.0,4.0,0,1,0,0,0,0,0,1,0,0,0,1,1,0
252000.0,360.0,12.92,681.0,1.99,50.0,0.0,0,0,1,0,0,0,0,0,0,1,0,1,0,1
277000.0,36.0,8.74,725.0,17.54,38.0,1.0,0,0,0,0,0,0,0,0,0,1,0,1,1,0
613000.0,240.0,9.58,655.0,2.72,35.0,1.0,0,0,0,0,0,1,0,0,0,0,0,0,0,0
291000.0,24.0,12.36,707.0,0.75,43.0,2.0,0,1,0,0,0,0,0,0,0,0,0,1,0,0
176000.0,60.0,9.75,636.0,9.69,36.0,1.0,0,0,0,0,1,0,0,0,0,1,0,0,1,0
607000.0,120.0,12.47,704.0,0.0,37.0,1.0,0,0,0,0,0,0,0,1,0,0,0,0,0,0
417000.0,120.0,13.07,712.0,15.78,35.0,4.0,0,1,0,0,0,0,0,1,0,0,1,0,1,0
563000.0,360.0,12.82,631.0,0.72,52.0,2.0,0,0,0,1,0,1,0,0,0,0,0,0,1,0
379000.0,240.0,11.39,691.0,7.0,36.0,4.0,0,1,0,0,0,0,1,0,0,0,0,0,1,0
842000.0,240.0,11.79,776.0,4.13,44.0,0.0,0,1,0,0,0,1,0,0,0,0,0,1,0,1
471000.0,120.0,8.85,744.0,11.9,64.0,1.0,0,1,0,0,0,0,1,0,0,0,1,0,0,1
896000.0,240.0,10.86,704.0,4.01,61.0,3.0,0,0,1,0,0,0,0,1,0,0,0,0,0,1
279000.0,240.0,8.91,720.0,4.02,37.0,0.0,0,0,0,0,1,1,0,0,0,0,1,0,0,1
1213000.0,12.0,10.61,649.0,10.31,22.0,2.0,0,0,0,0,1,0,0,0,1,0,0,0,0,1
192000.0,360.0,14.63,683.0,0.36,43.0,0.0,0,0,0,0,0,0,0,0,0,0,1,0,0,1
420000.0,240.0,8.85,690.0,8.71,45.0,4.0,0,0,1,0,0,0,0,0,0,0,0,1,1,0
888000.0,12.0,9.76,729.0,0.0,50.0,0.0,0,0,0,0,0,0,0,0,0,1,0,1,0,1
631000.0,24.0,9.29,701.0,4.16,29.0,3.0,0,0,1,0,0,1,0,0,0,0,0,1,0,1
286000.0,120.0,8.68,684.0,13.8,45.0,2.0,0,0,0,0,0,0,1,0,0,0,0,0,0,1
355000.0,240.0,11.36,701.0,0.17,62.0,4.0,0,0,0,0,1,0,0,0,0,0,1,0,0,1
114000.0,24.0,7.22,645.0,1.39,35.0,0.0,0,0,0,0,1,0,0,0,0,1,0,1,0,0
880000.0,240.0,12.16,726.0,6.2,24.0,2.0,0,0,0,1,0,1,0,0,0,0,1,0,1,0
450000.0,120.0,13.78,698.0,12.95,23.0,1.0,0,1,0,0,0,0,0,1,0,0,1,0,1,0
123000.0,12.0,9.58,825.0,0.76,21.0,3.0,0,1,0,0,0,0,0,0,1,0,0,0,0,0
522000.0,60.0,12.52,708.0,8.12,52.0,2.0,0,0,0,0,0,0,0,1,0,0,1,0,0,0
624000.0,120.0,9.15,751.0,12.37,65.0,4.0,0,0,0,1,0,0,0,1,0,0,0,1,1,0
646000.0,60.0,13.03,703.0,2.49,22.0,1.0,0,0,0,0,1,0,0,0,0,1,1,0,0,0
484000.0,360.0,11.57,643.0,2.08,35.0,0.0,0,0,0,1,0,0,0,0,0,0,0,0,0,1
815000.0,12.0,8.88,724.0,9.03,45.0,2.0,0,1,0,0,0,0,0,0,0,0,0,1,0,0
528000.0,120.0,10.28,683.0,3.02,41.0,1.0,0,0,1,0,0,0,0,0,1,0,0,1,0,1
302000.0,240.0,7.9,737.0,1.74,29.0,4.0,0,0,0,0,0,0,0,1,0,0,1,0,0,0
264000.0,240.0,7.0,744.0,6.79,25.0,4.0,0,0,1,0,0,0,0,0,0,1,0,1,0,1
679000.0,24.0,10.02,697.0,5.15,27.0,1.0,0,0,1,0,0,1,0,0,0,0,0,0,1,0
100000.0,60.0,9.8,708.0,1.26,49.0,4.0,0,0,0,1,0,0,0,1,0,0,0,1,0,0
395000.0,36.0,11.91,738.0,4.83,49.0,3.0,0,0,0,0,0,0,1,0,0,0,1,0,0,0
141000.0,60.0,12.98,694.0,13.85,21.0,0.0,0,0,1,0,0,0,0,0,0,0,0,1,1,0
586000.0,240.0,10.77,644.0,1.63,32.0,1.0,0,0,0,0,0,0,1,0,0,0,1,0,0,0
607000.0,240.0,12.7,688.0,0.9,39.0,3.0,0,0,0,0,0,1,0,0,0,0,0,0,0,1
395000.0,120.0,12.9,726.0,0.0,56.0,4.0,0,0,0,0,0,0,0,0,0,1,1,0,0,0
295000.0,36.0,7.64,767.0,4.84,60.0,3.0,0,0,0,0,1,1,0,0,0,0,1,0,0,0
574000.0,360.0,13.82,782.0,2.24,64.0,2.0,0,0,1,0,0,0,0,0,1,0,0,1,0,1
616000.0,36.0,10.25,767.0,8.21,27.0,0.0,0,0,0,0,0,1,0,0,0,0,0,1,1,0
1051000.0,36.0,11.35,736.0,12.44,47.0,0.0,0,0,0,0,0,0,1,0,0,0,0,1,1,0
238000.0,60.0,8.88,651.0,3.72,61.0,2.0,0,0,0,0,1,0,1,0,0,0,0,0,0,0
100000.0,24.0,10.22,640.0,9.41,52.0,1.0,0,1,0,0,0,0,0,0,0,1,0,1,0,0
517000.0,120.0,9.27,651.0,5.23,38.0,0.0,0,0,0,1,0,0,0,0,0,0,0,1,0,0
561000.0,240.0,9.35,745.0,6.19,31.0,4.0,0,0,1,0,0,0,0,0,1,0,0,1,1,0
681000.0,12.0,12.62,729.0,4.85,49.0,2.0,0,0,0,0,0,0,1,0,0,0,0,1,0,0
740000.0,120.0,10.56,736.0,16.76,31.0,1.0,0,0,1,0,0,0,0,0,1,0,0,1,0,1
517000.0,120.0,11.46,740.0,5.51,42.0,2.0,0,0,0,0,1,0,1,0,0,0,1,0,1,0
332000.0,120.0,7.4,586.0,5.49,26.0,3.0,0,1,0,0,0,0,0,1,0,0,0,0,1,0
100000.0,36.0,12.48,714.0,3.23,21.0,3.0,0,1,0,0,0,0,1,0,0,0,1,0,0,1
943000.0,24.0,12.17,634.0,5.81,52.0,2.0,1,0,0,1,0,0,0,1,0,0,1,0,0,0
399000.0,240.0,9.9,787.0,2.88,52.0,3.0,0,0,1,0,0,0,0,0,1,0,0,1,0,0
178000.0,240.0,10.0,707.0,0.0,56.0,2.0,0,0,1,0,0,0,0,0,0,0,0,1,1,0
881000.0,120.0,12.73,630.0,0.0,58.0,0.0,0,0,0,0,1,0,0,0,0,0,0,1,0,0
815000.0,360.0,9.96,660.0,6.75,62.0,0.0,0,0,0,0,0,0,0,0,0,1,1,0,0,0
406000.0,240.0,7.46,724.0,3.45,42.0,3.0,0,1,0,0,0,1,0,0,0,0,1,0,0,0
540000.0,60.0,12.98,684.0,2.64,39.0,2.0,0,0,1,0,0,1,0,0,0,0,1,0,0,0
1218000.0,120.0,9.7,654.0,3.87,32.0,1.0,0,0,0,0,0,0,0,1,0,0,0,1,1,0
1187000.0,12.0,12.86,724.0,11.14,45.0,4.0,0,0,0,0,0,1,0,0,0,0,1,0,0,1
539000.0,24.0,12.06,690.0,12.5,25.0,1.0,0,0,0,0,1,0,1,0,0,0,0,0,0,1
246000.0,120.0,12.82,663.0,4.94,49.0,0.0,0,0,0,0,0,0,0,0,0,0,1,0,0,1
942000.0,240.0,10.78,807.0,3.32,45.0,4.0,0,0,0,1,0,0,0,0,0,1,0,1,0,0
380000.0,120.0,10.41,690.0,4.73,24.0,3.0,0,0,0,0,0,0,0,0,1,0,1,0,1,0
895000.0,60.0,9.61,674.0,6.65,38.0,2.0,0,0,0,0,1,0,0,0,0,1,0,1,0,0
100000.0,120.0,14.34,648.0,7.21,49.0,0.0,0,0,0,0,1,0,1,0,0,0,1,0,0,0
362000.0,24.0,9.3,691.0,6.01,26.0,0.0,0,0,0,0,1,0,0,1,0,0,0,1,1,0
355000.0,60.0,7.0,703.0,11.48,56.0,3.0,0,0,0,1,0,0,0,1,0,0,1,0,0,0
305000.0,360.0,13.17,730.0,13.27,36.0,4.0,0,0,0,1,0,0,0,0,0,1,0,0,0,1
877000.0,12.0,9.1,654.0,3.7,47.0,4.0,0,0,0,0,1,0,0,0,1,0,1,0,1,0
454000.0,120.0,8.76,668.0,4.85,43.0,0.0,0,1,0,0,0,0,0,1,0,0,1,0,0,1
735000.0,36.0,11.54,652.0,10.0,26.0,4.0,0,0,0,0,0,0,1,0,0,0,0,1,0,1
717000.0,24.0,12.09,688.0,6.43,58.0,0.0,0,0,0,1,0,0,0,0,0,0,0,1,0,1
1070000.0,36.0,10.62,736.0,11.57,60.0,0.0,0,0,0,0,1,0,0,0,0,1,0,1,0,1
920000.0,240.0,9.12,771.0,4.46,28.0,2.0,0,0,0,0,0,0,1,0,0,0,1,0,0,0
346000.0,24.0,9.59,720.0,2.8,23.0,2.0,0,0,0,0,1,0,0,0,0,0,0,1,0,0
859000.0,60.0,7.83,733.0,0.0,43.0,2.0,0,1,0,0,0,0,0,0,1,0,1,0,1,0
1148000.0,36.0,7.52,758.0,2.91,48.0,1.0,0,0,1,0,0,0,0,0,0,1,0,1,0,1
125000.0,360.0,14.33,725.0,10.29,35.0,3.0,0,0,0,0,1,0,0,0,0,1,0,0,0,0
100000.0,120.0,10.77,685.0,2.9,45.0,1.0,0,0,0,1,0,0,0,0,0,0,1,0,1,0
101000.0,120.0,11.55,672.0,2.57,38.0,4.0,0,0,1,0,0,0,1,0,0,0,0,1,0,1
346000.0,60.0,13.79,681.0,8.49,36.0,3.0,0,0,0,0,0,0,0,0,0,0,1,0,1,0
1135000.0,120.0,13.13,722.0,5.1,37.0,0.0,0,0,0,0,1,0,0,1,0,0,0,0,1,0
850000.0,240.0,12.92,744.0,0.0,47.0,3.0,0,0,1,0,0,0,0,1,0,0,1,0,0,0
607000.0,240.0,11.66,655.0,6.64,41.0,2.0,0,1,0,0,0,0,0,0,0,1,1,0,0,0
100000.0,240.0,8.99,693.0,2.44,30.0,3.0,0,0,0,1,0,0,0,0,0,1,0,1,0,0
363000.0,360.0,7.0,626.0,10.14,30.0,3.0,0,0,0,0,0,0,0,0,0,1,0,0,0,0
551000.0,24.0,10.55,657.0,10.23,43.0,4.0,0,0,1,0,0,0,0,0,0,1,0,1,0,0
100000.0,360.0,12.47,727.0,1.15,63.0,4.0,0,0,0,1,0,0,0,1,0,0,0,0,0,0
685000.0,12.0,12.14,773.0,5.26,36.0,4.0,0,1,0,0,0,0,0,0,0,1,0,0,1,0
513000.0,24.0,8.04,670.0,7.31,56.0,1.0,0,0,0,1,0,0,0,0,0,1,0,1,0,1
489000.0,240.0,8.61,671.0,9.18,37.0,0.0,0,1,0,0,0,0,0,0,0,1,0,1,0,0
377000.0,24.0,9.43,702.0,13.89,21.0,1.0,0,0,0,0,0,0,0,0,0,0,0,1,1,0
380000.0,360.0,11.33,632.0,1.72,53.0,4.0,0,0,1,0,0,1,0,0,0,0,1,0,1,0
510000.0,360.0,7.16,702.0,15.29,60.0,2.0,0,0,0,0,1,0,0,0,0,1,0,1,1,0
1195000.0,120.0,11.28,758.0,7.26,49.0,0.0,1,0,0,0,0,0,0,0,0,1,0,1,0,1
430000.0,240.0,9.69,662.0,7.76,43.0,3.0,0,0,0,0,1,0,0,0,0,1,0,1,0,0
172000.0,240.0,9.69,686.0,4.36,53.0,0.0,0,1,0,0,0,1,0,0,0,0,0,0,0,0
100000.0,60.0,14.3,692.0,6.68,42.0,2.0,0,0,0,0,1,1,0,0,0,0,0,0,0,0
508000.0,12.0,13.1,746.0,3.02,58.0,2.0,0,0,1,0,0,0,0,1,0,0,1,0,1,0
217000.0,24.0,11.89,725.0,12.43,42.0,2.0,0,0,0,0,0,1,0,0,0,0,0,0,1,0
515000.0,24.0,10.54,791.0,9.75,57.0,0.0,0,0,1,0,0,0,0,1,0,0,0,0,0,0
498000.0,12.0,11.71,636.0,7.15,65.0,0.0,0,0,0,1,0,0,0,0,1,0,0,1,0,0
469000.0,36.0,7.04,788.0,3.65,23.0,0.0,0,0,0,1,0,0,1,0,0,0,0,0,0,1
603000.0,24.0,8.69,636.0,3.02,23.0,3.0,0,0,1,0,0,1,0,0,0,0,1,0,1,0
579000.0,12.0,11.95,746.0,3.17,59.0,0.0,0,0,0,0,0,0,0,0,1,0,0,1,0,1
560000.0,120.0,11.91,734.0,5.49,40.0,0.0,0,0,0,0,1,0,1,0,0,0,1,0,1,0
291000.0,12.0,9.49,615.0,0.18,30.0,3.0,0,1,0,0,0,0,0,1,0,0,0,1,0,0
100000.0,24.0,12.34,777.0,7.41,29.0,3.0,0,0,0,1,0,0,1,0,0,0,1,0,0,0
918000.0,60.0,7.0,654.0,12.02,39.0,4.0,0,0,1,0,0,0,0,1,0,0,1,0,0,0
919000.0,240.0,12.92,572.0,3.92,29.0,3.0,0,0,1,0,0,0,1,0,0,0,0,1,0,0
616000.0,240.0,11.27,626.0,14.47,59.0,3.0,0,0,0,0,0,0,0,1,0,0,0,1,1,0
454000.0,240.0,9.52,775.0,4.86,32.0,0.0,0,0,0,0,1,0,0,0,0,1,0,0,0,1
907000.0,24.0,8.97,766.0,2.11,50.0,0.0,0,0,1,0,0,0,1,0,0,0,0,0,0,1
1029000.0,24.0,10.0,694.0,4.5,29.0,2.0,0,0,0,1,0,1,0,0,0,0,1,0,0,1
896000.0,240.0,15.34,807.0,4.49,29.0,1.0,0,1,0,0,0,1,0,0,0,0,0,0,0,1
334000.0,360.0,8.87,685.0,8.32,54.0,0.0,0,0,0,0,1,0,0,0,1,0,1,0,1,0
698000.0,12.0,7.01,674.0,0.0,55.0,2.0,0,1,0,0,0,0,0,0,0,1,0,1,0,1
403000.0,36.0,10.86,720.0,1.13,39.0,2.0,0,0,0,0,1,0,0,0,0,1,0,1,0,0
554000.0,60.0,10.98,691.0,2.47,49.0,2.0,0,0,0,1,0,1,0,0,0,0,0,0,1,0
457000.0,120.0,10.73,749.0,0.63,56.0,1.0,0,0,0,0,0,1,0,0,0,0,0,0,0,1
118000.0,120.0,8.67,688.0,1.84,42.0,4.0,1,0,0,0,1,0,0,0,0,0,0,0,1,0
499000.0,120.0,12.86,671.0,15.73,56.0,0.0,0,1,0,0,0,0,1,0,0,0,1,0,0,1
741000.0,36.0,13.11,739.0,7.45,49.0,1.0,0,1,0,0,0,0,1,0,0,0,0,1,0,1
412000.0,24.0,8.24,805.0,1.28,57.0,0.0,0,0,0,1,0,0,1,0,0,0,0,1,0,1
100000.0,12.0,10.93,638.0,0.0,59.0,4.0,0,0,0,1,0,0,1,0,0,0,0,1,0,0
756000.0,240.0,9.56,701.0,0.28,27.0,2.0,0,1,0,0,0,1,0,0,0,0,0,1,1,0
752000.0,360.0,7.47,682.0,3.01,52.0,4.0,0,0,0,1,0,0,0,0,0,1,0,1,0,1
373000.0,360.0,11.45,664.0,3.67,38.0,3.0,0,0,1,0,0,0,0,0,0,0,0,1,0,0
1066000.0,12.0,8.23,662.0,9.98,40.0,1.0,0,0,0,0,0,0,0,0,0,1,0,0,0,1
533000.0,120.0,10.03,707.0,9.05,58.0,1.0,0,0,0,0,1,0,1,0,0,0,1,0,0,1
890000.0,60.0,7.0,714.0,10.84,62.0,3.0,0,0,0,0,1,0,0,0,0,1,1,0,0,0
645000.0,120.0,12.54,566.0,6.55,26.0,3.0,0,0,0,1,0,1,0,0,0,0,0,0,0,0
934000.0,12.0,11.59,736.0,2.04,37.0,1.0,0,1,0,0,0,1,0,0,0,0,0,1,0,0
1255000.0,240.0,9.64,703.0,15.46,29.0,4.0,0,0,0,1,0,0,0,0,0,1,1,0,1,0
821000.0,36.0,12.05,745.0,1.67,65.0,0.0,0,0,1,0,0,1,0,0,0,0,0,0,0,1
747000.0,24.0,12.96,736.0,10.39,50.0,0.0,0,0,0,0,1,0,0,0,0,0,0,1,0,0
220000.0,120.0,12.84,700.0,6.81,65.0,3.0,0,0,0,0,0,0,0,0,0,1,0,0,0,0
210000.0,120.0,10.72,712.0,8.97,28.0,1.0,0,1,0,0,0,0,0,0,0,0,1,0,0,0
618000.0,24.0,11.36,636.0,12.36,27.0,3.0,0,0,0,0,0,0,0,0,0,0,1,0,0,0
242000.0,120.0,11.33,682.0,6.97,50.0,0.0,0,0,1,0,0,0,0,0,0,0,0,1,0,1
211000.0,60.0,11.99,660.0,20.1,22.0,3.0,0,0,0,0,1,0,1,0,0,0,0,0,0,1
609000.0,240.0,9.88,685.0,17.76,40.0,0.0,0,1,0,0,0,0,1,0,0,0,1,0,0,0
244000.0,36.0,8.93,779.0,6.9,25.0,3.0,0,0,1,0,0,0,1,0,0,0,0,1,0,0
540000.0,360.0,10.97,701.0,9.02,32.0,3.0,0,0,1,0,0,1,0,0,0,0,0,1,1,0
221000.0,36.0,7.28,743.0,5.33,64.0,2.0,0,0,0,1,0,0,0,0,1,0,1,0,1,0
432000.0,240.0,10.19,669.0,0.0,41.0,1.0,0,0,1,0,0,0,0,1,0,0,1,0,1,0
811000.0,60.0,10.52,694.0,14.97,25.0,2.0,0,1,0,0,0,0,0,1,0,0,1,0,0,0
363000.0,12.0,12.35,663.0,0.66,37.0,0.0,0,0,0,0,1,0,1,0,0,0,0,1,0,0
719000.0,240.0,11.44,686.0,0.0,56.0,3.0,0,0,1,0,0,0,1,0,0,0,0,0,0,1
229000.0,24.0,10.68,707.0,0.0,34.0,2.0,0,1,0,0,0,0,0,1,0,0,0,0,1,0
461000.0,12.0,9.85,579.0,20.6,59.0,2.0,0,1,0,0,0,0,1,0,0,0,1,0,0,1
422000.0,60.0,11.23,726.0,4.11,54.0,0.0,0,0,0,1,0,0,1,0,0,0,1,0,0,1
157000.0,240.0,10.02,692.0,0.0,48.0,0.0,0,0,1,0,0,0,0,1,0,0,0,0,1,0
934000.0,36.0,7.0,624.0,1.97,48.0,4.0,0,0,0,0,0,0,0,0,1,0,0,0,1,0
502000.0,36.0,9.3,723.0,10.44,41.0,0.0,0,0,0,0,0,0,1,0,0,0,0,1,0,0
100000.0,24.0,12.26,637.0,7.03,23.0,2.0,1,0,0,0,1,0,0,0,0,1,0,1,1,0
473000.0,60.0,13.08,708.0,3.54,29.0,2.0,0,0,1,0,0,0,0,0,1,0,0,0,1,0
284000.0,12.0,10.14,721.0,1.08,27.0,2.0,0,1,0,0,0,0,1,0,0,0,0,1,1,0
875000.0,12.0,8.34,652.0,8.05,52.0,1.0,0,0,0,0,0,0,0,0,0,1,0,1,0,1
229000.0,120.0,9.9,699.0,10.7,56.0,2.0,0,1,0,0,0,0,0,0,0,1,1,0,1,0
686000.0,24.0,7.45,757.0,4.05,24.0,1.0,0,0,0,0,1,0,1,0,0,0,0,1,0,1
393000.0,60.0,12.53,763.0,4.05,50.0,4.0,0,0,0,0,0,0,0,0,1,0,0,1,0,1
421000.0,12.0,12.56,787.0,17.86,32.0,4.0,0,0,0,1,0,0,0,0,0,0,0,0,1,0
100000.0,12.0,12.31,579.0,4.7,54.0,0.0,0,0,0,0,0,0,0,0,0,0,1,0,0,0
650000.0,60.0,12.36,663.0,0.0,47.0,2.0,0,0,0,0,0,0,0,0,0,0,0,1,1,0
1058000.0,24.0,15.71,666.0,5.77,63.0,1.0,0,0,0,0,0,0,0,0,0,0,1,0,0,0
443000.0,60.0,9.93,691.0,6.67,48.0,2.0,0,0,0,1,0,0,1,0,0,0,0,1,0,0
902000.0,360.0,7.62,679.0,7.11,24.0,4.0,0,0,0,1,0,0,1,0,0,0,1,0,0,1
429000.0,240.0,7.17,649.0,10.63,35.0,2.0,0,0,0,0,1,0,0,1,0,0,1,0,0,0
794000.0,24.0,13.24,656.0,7.18,58.0,4.0,0,0,0,1,0,0,0,0,0,0,0,0,0,0
661000.0,120.0,8.71,623.0,3.44,45.0,2.0,0,0,0,0,1,0,0,0,0,1,0,0,1,0
269000.0,24.0,9.18,778.0,3.69,21.0,2.0,0,0,0,0,0,0,1,0,0,0,0,1,1,0
276000.0,24.0,7.25,673.0,11.08,34.0,0.0,1,1,0,0,0,0,0,1,0,0,0,0,1,0
529000.0,24.0,7.66,721.0,0.0,26.0,3.0,0,0,0,0,1,0,0,1,0,0,0,0,1,0
486000.0,240.0,9.28,772.0,15.84,50.0,0.0,0,0,0,1,0,1,0,0,0,0,1,0,0,0
923000.0,36.0,10.69,684.0,4.61,35.0,0.0,0,1,0,0,0,0,0,0,0,1,0,1,1,0
605000.0,24.0,7.77,746.0,11.11,24.0,4.0,0,0,1,0,0,1,0,0,0,0,1,0,0,1
385000.0,240.0,10.57,762.0,9.59,23.0,2.0,0,0,0,0,0,0,0,1,0,0,0,0,0,1
503000.0,60.0,9.35,727.0,16.14,65.0,3.0,0,0,1,0,0,0,0,1,0,0,0,1,0,1
764000.0,24.0,8.71,639.0,13.3,36.0,3.0,0,1,0,0,0,0,0,0,0,0,1,0,0,1
664000.0,36.0,13.22,691.0,9.71,36.0,3.0,0,0,0,0,1,1,0,0,0,0,0,1,1,0
723000.0,240.0,12.46,697.0,9.63,38.0,3.0,0,0,1,0,0,0,0,0,0,0,1,0,1,0
258000.0,60.0,13.27,586.0,3.82,58.0,1.0,0,0,0,0,1,0,0,0,0,1,0,1,0,1
683000.0,24.0,10.27,778.0,2.58,54.0,4.0,0,0,1,0,0,0,0,0,0,0,0,1,1,0
472000.0,36.0,13.76,712.0,15.79,62.0,4.0,0,0,1,0,0,0,1,0,0,0,1,0,0,1
1053000.0,36.0,9.82,783.0,13.07,29.0,2.0,0,0,0,1,0,1,0,0,0,0,0,0,1,0
568000.0,60.0,8.67,732.0,5.45,64.0,3.0,0,1,0,0,0,0,0,1,0,0,0,1,0,0
361000.0,36.0,10.55,743.0,6.01,49.0,1.0,0,1,0,0,0,0,0,1,0,0,0,0,0,1
476000.0,240.0,9.58,655.0,9.0,29.0,4.0,0,1,0,0,0,0,0,0,1,0,0,0,1,0
292000.0,60.0,11.74,647.0,4.14,43.0,1.0,0,1,0,0,0,1,0,0,0,0,0,1,0,1
836000.0,24.0,11.09,630.0,11.52,55.0,4.0,0,0,0,1,0,0,1,0,0,0,0,0,0,1
162000.0,36.0,7.26,679.0,0.0,35.0,1.0,0,0,0,1,0,0,1,0,0,0,0,1,0,0
1016000.0,360.0,10.28,665.0,7.61,25.0,2.0,0,0,0,0,1,0,0,0,0,0,0,0,0,1
505000.0,120.0,13.14,718.0,0.0,53.0,4.0,0,0,0,0,0,0,0,0,0,1,1,0,0,1
470000.0,24.0,9.06,674.0,4.27,52.0,2.0,0,0,1,0,0,1,0,0,0,0,0,1,0,1
562000.0,36.0,10.07,691.0,10.02,48.0,3.0,0,0,0,1,0,0,0,0,0,0,1,0,0,0
191000.0,120.0,7.0,718.0,2.31,21.0,2.0,0,1,0,0,0,0,0,0,0,0,0,1,1,0
559000.0,60.0,8.79,673.0,9.09,50.0,0.0,0,0,0,0,0,1,0,0,0,0,0,1,0,0
631000.0,24.0,8.08,740.0,3.56,46.0,4.0,0,0,0,0,0,0,0,0,0,0,0,1,1,0
670000.0,240.0,13.19,688.0,13.04,65.0,0.0,0,0,0,1,0,0,0,0,0,0,0,0,1,0
111000.0,12.0,11.55,755.0,7.9,55.0,0.0,0,0,0,0,1,0,1,0,0,0,1,0,0,1
795000.0,240.0,10.08,667.0,4.5,43.0,2.0,0,0,1,0,0,0,0,0,0,1,0,0,0,1
379000.0,120.0,12.17,634.0,3.4,21.0,3.0,0,0,1,0,0,1,0,0,0,0,0,1,1,0
110000.0,240.0,9.9,708.0,4.96,51.0,0.0,0,1,0,0,0,0,0,0,0,1,1,0,0,1
649000.0,36.0,12.62,720.0,3.44,60.0,2.0,0,0,0,1,0,0,0,0,0,0,0,1,1,0
668000.0,120.0,9.86,778.0,3.64,53.0,3.0,0,0,1,0,0,0,0,0,0,1,0,1,0,0
437000.0,120.0,10.32,758.0,7.63,49.0,1.0,0,0,1,0,0,0,0,0,0,0,0,0,0,0
1088000.0,240.0,10.38,632.0,9.37,34.0,1.0,0,0,0,1,0,0,0,0,0,0,0,0,1,0
425000.0,360.0,9.68,652.0,3.57,26.0,0.0,0,0,1,0,0,0,0,1,0,0,0,1,0,0
649000.0,360.0,8.1,742.0,0.0,34.0,1.0,0,1,0,0,0,1,0,0,0,0,1,0,0,0
664000.0,360.0,12.25,731.0,0.12,44.0,0.0,0,0,0,0,0,0,0,0,0,1,1,0,1,0
496000.0,24.0,7.72,737.0,1.49,37.0,4.0,0,0,0,1,0,0,1,0,0,0,0,0,0,0
407000.0,36.0,9.72,686.0,4.16,52.0,4.0,0,0,1,0,0,1,0,0,0,0,0,0,0,1
1008000.0,24.0,9.66,615.0,2.71,34.0,1.0,0,0,0,0,1,0,0,0,0,0,0,0,0,0
644000.0,120.0,12.79,613.0,0.0,29.0,1.0,0,0,1,0,0,0,0,0,1,0,0,0,1,0
825000.0,24.0,9.85,731.0,1.61,60.0,3.0,0,0,1,0,0,1,0,0,0,0,0,1,0,0
351000.0,12.0,7.43,764.0,3.37,22.0,3.0,0,0,0,0,0,0,0,1,0,0,0,0,0,1
796000.0,240.0,13.44,689.0,10.32,34.0,2.0,0,0,0,0,1,0,1,0,0,0,0,1,0,1
416000.0,24.0,8.72,767.0,1.87,58.0,3.0,0,0,0,1,0,0,0,0,0,0,1,0,0,0
822000.0,240.0,13.0,622.0,3.26,45.0,2.0,0,0,0,0,1,0,1,0,0,0,0,1,0,1
895000.0,60.0,8.25,678.0,8.4,53.0,0.0,0,0,0,0,0,0,0,0,0,1,0,1,0,0
300000.0,24.0,8.4,711.0,3.77,46.0,1.0,0,0,1,0,0,0,0,1,0,0,1,0,0,0
100000.0,360.0,10.7,766.0,2.1,49.0,1.0,0,0,0,0,0,0,0,0,0,0,1,0,0,0
598000.0,120.0,13.63,627.0,2.16,36.0,4.0,0,0,0,1,0,0,0,1,0,0,1,0,0,1
480000.0,36.0,10.43,565.0,2.91,65.0,0.0,0,0,0,0,1,1,0,0,0,0,0,0,0,1
566000.0,60.0,8.83,600.0,4.98,40.0,2.0,0,0,0,0,1,0,0,0,0,1,0,1,0,1
566000.0,60.0,13.31,725.0,6.15,45.0,3.0,0,0,0,0,1,0,0,0,0,0,0,1,1,0
1157000.0,240.0,11.99,643.0,3.52,47.0,2.0,0,0,0,0,1,0,1,0,0,0,0,1,0,0
462000.0,240.0,12.97,563.0,4.66,47.0,1.0,0,0,0,0,1,0,0,1,0,0,0,0,1,0
100000.0,24.0,12.24,711.0,0.0,49.0,4.0,0,0,1,0,0,0,0,0,1,0,0,1,0,0
572000.0,24.0,7.5,671.0,4.06,34.0,0.0,0,0,0,0,0,0,0,0,0,0,1,0,1,0
802000.0,120.0,8.58,660.0,6.06,45.0,0.0,0,0,0,0,0,1,0,0,0,0,1,0,1,0
1160000.0,120.0,14.88,777.0,9.18,40.0,1.0,0,0,1,0,0,1,0,0,0,0,0,1,0,0
310000.0,240.0,10.22,655.0,14.29,35.0,1.0,0,1,0,0,0,0,0,0,0,0,1,0,0,1
750000.0,12.0,12.16,668.0,2.95,56.0,2.0,0,0,0,1,0,0,0,0,0,1,1,0,1,0
100000.0,12.0,9.44,739.0,9.48,57.0,3.0,0,0,0,0,1,0,0,0,0,0,1,0,0,1
507000.0,12.0,11.88,709.0,6.38,47.0,0.0,0,0,0,0,1,0,0,0,0,1,0,0,0,1
256000.0,240.0,10.24,834.0,5.43,28.0,2.0,0,0,1,0,0,0,0,0,0,0,0,0,1,0
1083000.0,12.0,10.69,608.0,15.94,61.0,3.0,0,0,0,0,1,0,0,0,1,0,0,1,1,0
341000.0,36.0,9.82,644.0,0.71,35.0,2.0,0,0,0,1,0,0,0,0,0,1,0,0,0,0
902000.0,240.0,9.78,833.0,14.63,22.0,4.0,0,1,0,0,0,0,0,0,0,1,1,0,0,1
651000.0,360.0,9.82,728.0,15.94,32.0,1.0,0,1,0,0,0,0,0,0,0,1,0,1,1,0
211000.0,120.0,8.28,756.0,6.88,22.0,4.0,0,0,0,1,0,0,0,1,0,0,0,1,0,1
712000.0,60.0,8.72,791.0,3.02,32.0,0.0,0,0,1,0,0,0,0,0,0,0,0,1,0,1
509000.0,12.0,12.77,734.0,5.47,23.0,3.0,0,0,0,0,0,1,0,0,0,0,0,0,1,0
578000.0,360.0,8.04,750.0,1.98,26.0,3.0,0,0,0,0,1,0,0,0,0,1,0,0,0,0
398000.0,12.0,7.0,632.0,6.93,37.0,4.0,0,0,1,0,0,0,0,0,0,0,0,0,0,1
364000.0,24.0,9.89,685.0,2.58,27.0,2.0,0,0,0,0,1,0,0,0,1,0,1,0,0,1
501000.0,120.0,11.21,763.0,1.38,50.0,2.0,0,0,0,0,1,0,0,0,0,0,0,1,0,0
667000.0,24.0,8.22,698.0,5.06,27.0,3.0,0,0,0,0,1,1,0,0,0,0,0,0,0,0
1070000.0,24.0,14.74,703.0,4.34,63.0,3.0,0,0,0,1,0,0,0,0,0,0,1,0,0,1
567000.0,36.0,10.03,827.0,0.46,65.0,4.0,0,1,0,0,0,0,0,0,0,1,0,0,0,0
100000.0,60.0,9.58,693.0,5.93,40.0,2.0,0,1,0,0,0,0,0,0,0,0,0,1,0,0
516000.0,60.0,8.99,679.0,7.49,33.0,4.0,0,0,0,0,0,1,0,0,0,0,0,0,0,0
933000.0,360.0,8.11,644.0,4.93,58.0,2.0,0,0,1,0,0,1,0,0,0,0,1,0,0,1
168000.0,240.0,8.43,679.0,1.97,23.0,4.0,0,0,0,1,0,0,1,0,0,0,1,0,0,1
840000.0,60.0,13.9,630.0,10.8,51.0,3.0,0,1,0,0,0,1,0,0,0,0,0,0,1,0
862000.0,24.0,11.97,721.0,7.08,22.0,1.0,0,0,0,0,0,1,0,0,0,0,1,0,1,0
611000.0,36.0,12.5,771.0,4.59,38.0,0.0,0,1,0,0,0,0,0,1,0,0,0,1,1,0
402000.0,360.0,7.26,794.0,3.23,64.0,3.0,0,1,0,0,0,0,0,0,0,1,1,0,0,1
523000.0,60.0,8.51,738.0,13.07,50.0,1.0,0,0,0,0,1,0,0,0,0,1,0,0,0,1
100000.0,24.0,7.68,724.0,17.26,55.0,0.0,0,0,0,0,0,0,0,1,0,0,0,0,0,0
401000.0,24.0,9.67,685.0,6.2,52.0,2.0,0,0,0,0,1,0,0,1,0,0,0,1,0,0
369000.0,60.0,14.3,705.0,0.38,51.0,1.0,0,0,0,0,1,0,1,0,0,0,1,0,0,1
780000.0,120.0,8.42,664.0,1.0,62.0,1.0,0,0,1,0,0,0,0,0,0,1,0,0,1,0
676000.0,240.0,7.12,649.0,5.85,43.0,2.0,0,0,0,1,0,0,0,0,0,1,0,1,0,0
739000.0,36.0,8.16,708.0,10.93,26.0,4.0,0,0,0,1,0,0,1,0,0,0,0,0,0,0
614000.0,240.0,10.56,709.0,18.88,46.0,4.0,0,0,1,0,0,0,0,1,0,0,0,1,0,0
471000.0,24.0,7.0,672.0,17.29,64.0,3.0,0,0,0,1,0,0,0,0,0,0,1,0,0,0
653000.0,360.0,9.84,698.0,3.95,32.0,1.0,0,0,0,1,0,0,0,1,0,0,1,0,0,0
483000.0,24.0,10.77,723.0,2.25,30.0,1.0,1,0,0,0,0,0,0,0,0,1,1,0,0,1
605000.0,36.0,11.22,652.0,12.05,61.0,3.0,0,1,0,0,0,1,0,0,0,0,0,1,0,0
260000.0,12.0,10.77,640.0,2.83,64.0,1.0,0,1,0,0,0,0,0,0,1,0,0,0,0,1
477000.0,240.0,8.72,769.0,2.9,45.0,1.0,0,1,0,0,0,0,0,0,0,1,0,0,1,0
697000.0,36.0,8.94,650.0,4.28,47.0,0.0,0,0,0,0,1,0,1,0,0,0,0,1,0,0
100000.0,12.0,12.33,728.0,11.45,26.0,4.0,0,0,0,0,1,0,0,0,0,1,0,1,0,1
1066000.0,360.0,12.72,775.0,5.19,31.0,3.0,0,1,0,0,0,0,0,0,1,0,0,0,0,0
471000.0,120.0,9.96,678.0,2.17,65.0,0.0,0,1,0,0,0,0,0,1,0,0,1,0,1,0
599000.0,120.0,8.96,779.0,6.42,55.0,3.0,0,0,1,0,0,0,1,0,0,0,1,0,0,1
187000.0,360.0,12.95,728.0,8.41,57.0,2.0,0,0,0,1,0,0,0,0,0,1,0,0,0,0
419000.0,36.0,7.8,723.0,5.68,39.0,2.0,0,0,0,0,1,0,0,0,1,0,0,0,0,0
583000.0,360.0,10.34,745.0,9.9,39.0,1.0,0,0,1,0,0,0,0,0,0,1,1,0,0,1
1283000.0,24.0,10.12,796.0,19.11,32.0,1.0,0,0,0,1,0,0,0,0,0,1,1,0,0,0
710000.0,60.0,7.97,697.0,11.18,64.0,2.0,0,0,1,0,0,0,0,1,0,0,1,0,0,1
214000.0,12.0,7.95,616.0,1.35,45.0,2.0,0,0,0,0,0,1,0,0,0,0,0,0,0,0
662000.0,120.0,10.55,711.0,5.06,23.0,4.0,0,0,0,0,0,0,0,0,1,0,1,0,1,0
858000.0,24.0,11.92,647.0,0.0,56.0,3.0,0,0,0,0,1,0,0,0,0,0,0,0,0,0
383000.0,240.0,7.0,649.0,11.23,34.0,3.0,0,0,0,0,0,0,0,0,1,0,1,0,0,0
243000.0,24.0,13.65,580.0,3.7,31.0,2.0,0,0,0,0,1,0,0,0,1,0,1,0,0,1
328000.0,120.0,11.75,660.0,16.1,27.0,4.0,0,1,0,0,0,0,0,1,0,0,1,0,1,0
455000.0,60.0,13.98,712.0,0.0,42.0,3.0,1,0,0,1,0,0,1,0,0,0,1,0,0,0
335000.0,120.0,11.39,727.0,3.51,47.0,0.0,0,0,0,1,0,0,0,1,0,0,0,0,0,0
575000.0,60.0,13.06,731.0,0.72,52.0,1.0,0,0,0,0,0,0,0,0,0,1,0,0,0,1
355000.0,360.0,9.93,702.0,13.95,39.0,1.0,0,0,0,0,1,0,0,0,0,1,1,0,0,1
321000.0,36.0,10.62,718.0,6.63,57.0,4.0,0,0,0,1,0,0,0,0,0,0,0,0,1,0
660000.0,12.0,12.88,636.0,0.0,27.0,2.0,0,0,1,0,0,0,0,0,0,1,0,1,1,0
461000.0,24.0,13.02,720.0,2.35,47.0,4.0,0,0,0,0,1,0,0,1,0,0,0,0,1,0
605000.0,360.0,7.02,691.0,6.56,59.0,2.0,0,0,0,0,0,0,0,0,1,0,1,0,0,1
612000.0,12.0,10.87,774.0,7.69,62.0,4.0,0,0,0,0,1,0,0,0,1,0,1,0,1,0
405000.0,360.0,9.64,754.0,15.19,65.0,2.0,0,0,0,1,0,0,1,0,0,0,0,1,0,1
608000.0,120.0,8.95,711.0,6.99,56.0,1.0,0,0,0,1,0,0,0,0,0,1,0,1,0,1
843000.0,12.0,8.27,728.0,17.48,44.0,1.0,0,0,0,1,0,0,0,1,0,0,1,0,1,0
183000.0,240.0,8.87,802.0,6.82,43.0,1.0,1,1,0,0,0,0,0,0,0,0,0,1,1,0
760000.0,36.0,7.0,676.0,0.0,34.0,0.0,0,0,0,1,0,0,1,0,0,0,0,0,0,1
493000.0,120.0,13.02,778.0,10.93,52.0,2.0,0,0,0,1,0,0,0,0,0,0,0,0,1,0
749000.0,60.0,7.0,715.0,13.35,49.0,2.0,0,0,1,0,0,0,0,1,0,0,0,1,0,1
797000.0,360.0,11.89,643.0,2.0,21.0,3.0,0,1,0,0,0,0,1,0,0,0,0,1,1,0
779000.0,240.0,11.63,669.0,6.9,57.0,0.0,0,0,0,1,0,0,0,0,0,1,1,0,1,0
407000.0,120.0,9.94,707.0,13.19,24.0,4.0,0,1,0,0,0,1,0,0,0,0,0,0,0,0
426000.0,360.0,12.08,707.0,2.62,30.0,1.0,0,0,0,0,0,0,1,0,0,0,0,1,0,1
941000.0,12.0,14.45,687.0,4.8,51.0,1.0,0,0,0,0,1,0,0,0,0,1,0,0,0,0
536000.0,24.0,12.75,614.0,11.19,32.0,1.0,0,0,1,0,0,1,0,0,0,0,0,0,0,1
980000.0,60.0,8.43,771.0,12.31,34.0,1.0,0,0,0,0,1,0,0,0,1,0,0,1,0,0
261000.0,360.0,10.75,675.0,7.27,39.0,1.0,0,1,0,0,0,0,0,0,1,0,1,0,0,0
353000.0,120.0,9.91,640.0,1.46,47.0,3.0,0,0,0,0,0,0,0,0,0,0,0,1,0,1
843000.0,36.0,7.86,671.0,11.95,34.0,1.0,0,0,1,0,0,0,0,0,0,1,0,0,1,0
100000.0,120.0,8.74,693.0,8.49,45.0,2.0,0,0,0,0,0,0,0,1,0,0,0,1,1,0
200000.0,360.0,8.71,664.0,1.72,61.0,4.0,0,0,0,1,0,0,0,0,0,0,0,0,1,0
100000.0,12.0,15.42,593.0,0.0,54.0,3.0,0,0,0,0,1,0,0,1,0,0,0,1,0,1
481000.0,360.0,10.21,776.0,6.3,60.0,3.0,0,0,0,0,0,1,0,0,0,0,0,0,0,0
592000.0,24.0,9.74,732.0,0.57,43.0,2.0,0,0,1,0,0,0,1,0,0,0,1,0,0,1
591000.0,60.0,12.63,603.0,10.85,49.0,1.0,0,0,0,0,0,1,0,0,0,0,0,0,0,0
100000.0,240.0,12.18,656.0,5.01,38.0,3.0,1,0,0,0,1,1,0,0,0,0,0,0,1,0
958000.0,60.0,10.4,668.0,14.29,34.0,1.0,0,1,0,0,0,1,0,0,0,0,0,0,0,0
433000.0,120.0,11.01,728.0,11.8,54.0,4.0,0,1,0,0,0,0,1,0,0,0,0,0,1,0
1099000.0,60.0,8.82,712.0,1.34,44.0,4.0,0,0,1,0,0,0,0,0,1,0,1,0,0,0
942000.0,60.0,7.29,734.0,0.0,30.0,3.0,0,1,0,0,0,0,0,0,1,0,0,1,0,1
508000.0,120.0,7.14,730.0,3.79,61.0,3.0,0,0,0,1,0,0,0,0,1,0,0,1,0,1
162000.0,36.0,12.5,782.0,7.84,22.0,3.0,0,0,0,1,0,1,0,0,0,0,1,0,1,0
849000.0,120.0,10.16,668.0,6.05,43.0,3.0,0,0,0,1,0,1,0,0,0,0,0,0,0,1
625000.0,120.0,12.13,754.0,15.73,34.0,1.0,0,0,0,0,1,0,0,0,0,0,0,1,1,0
746000.0,24.0,12.88,796.0,3.83,61.0,2.0,0,0,0,0,0,1,0,0,0,0,1,0,0,1
673000.0,36.0,7.71,730.0,7.2,58.0,4.0,0,0,0,0,0,0,0,1,0,0,0,1,0,1
603000.0,120.0,10.31,717.0,6.21,53.0,1.0,0,0,1,0,0,0,0,0,0,1,0,0,0,1
235000.0,60.0,7.84,656.0,2.65,27.0,0.0,0,0,0,0,1,0,0,0,0,0,0,0,0,0
325000.0,24.0,14.65,735.0,13.56,25.0,0.0,0,0,0,1,0,1,0,0,0,0,0,1,1,0
380000.0,360.0,10.03,760.0,5.76,45.0,2.0,0,0,1,0,0,0,0,0,1,0,0,0,1,0
621000.0,240.0,9.46,755.0,11.76,44.0,4.0,0,0,0,0,0,1,0,0,0,0,0,0,0,1
377000.0,120.0,8.97,668.0,5.9,63.0,2.0,0,1,0,0,0,0,1,0,0,0,1,0,0,1
1005000.0,12.0,7.0,668.0,5.19,46.0,4.0,0,0,0,1,0,0,0,0,0,0,0,0,0,1
409000.0,240.0,7.0,633.0,1.47,54.0,1.0,0,1,0,0,0,0,0,1,0,0,0,1,1,0
232000.0,12.0,9.67,696.0,4.11,36.0,0.0,0,0,0,1,0,0,1,0,0,0,0,0,0,0
403000.0,360.0,10.28,674.0,3.3,46.0,0.0,0,0,0,1,0,0,0,0,0,0,0,0,0,1
582000.0,120.0,12.06,689.0,4.45,33.0,3.0,0,0,1,0,0,0,1,0,0,0,0,0,0,1
681000.0,240.0,10.67,698.0,9.06,29.0,4.0,0,0,0,0,0,1,0,0,0,0,1,0,1,0
452000.0,360.0,8.67,696.0,7.59,52.0,2.0,0,0,0,1,0,0,0,0,0,1,1,0,1,0
822000.0,60.0,13.91,617.0,10.86,59.0,2.0,0,0,0,0,1,0,0,0,1,0,0,0,0,0
607000.0,360.0,12.89,684.0,8.37,50.0,2.0,0,1,0,0,0,0,0,0,1,0,1,0,0,0
100000.0,36.0,11.92,765.0,2.21,34.0,3.0,0,0,0,0,1,1,0,0,0,0,1,0,0,0
316000.0,36.0,7.84,784.0,5.47,55.0,2.0,0,0,0,1,0,0,1,0,0,0,1,0,0,1
641000.0,120.0,10.69,765.0,9.94,53.0,0.0,0,0,0,1,0,0,0,0,1,0,0,1,1,0
744000.0,240.0,11.23,678.0,11.57,45.0,4.0,0,0,0,1,0,0,0,0,1,0,0,0,0,0
100000.0,360.0,10.83,649.0,3.9,31.0,3.0,0,0,0,1,0,0,1,0,0,0,1,0,0,1
491000.0,360.0,11.21,704.0,6.33,24.0,0.0,0,0,0,1,0,0,0,0,1,0,1,0,0,0
100000.0,120.0,12.42,797.0,0.0,30.0,1.0,0,0,1,0,0,0,1,0,0,0,0,1,0,0
100000.0,240.0,11.27,771.0,7.43,64.0,0.0,0,0,1,0,0,0,0,1,0,0,1,0,0,1
100000.0,24.0,11.73,736.0,10.0,47.0,2.0,0,0,0,1,0,0,0,0,0,0,0,1,1,0
785000.0,240.0,8.88,708.0,4.26,57.0,3.0,0,0,0,0,1,1,0,0,0,0,0,1,0,1
367000.0,60.0,7.0,760.0,1.74,63.0,2.0,0,1,0,0,0,0,0,1,0,0,0,0,0,0
204000.0,36.0,11.71,730.0,2.38,58.0,4.0,0,1,0,0,0,1,0,0,0,0,0,0,0,1
100000.0,36.0,10.49,726.0,6.63,63.0,2.0,0,1,0,0,0,0,1,0,0,0,1,0,0,0
770000.0,36.0,12.14,709.0,3.51,39.0,0.0,0,0,0,0,0,0,0,0,0,1,0,1,1,0
1074000.0,60.0,8.52,672.0,6.97,59.0,4.0,0,0,1,0,0,0,0,0,1,0,0,1,0,1
736000.0,360.0,8.59,752.0,3.49,57.0,0.0,0,0,0,1,0,0,1,0,0,0,0,0,0,1
686000.0,240.0,8.56,730.0,3.07,59.0,2.0,0,0,0,0,1,1,0,0,0,0,1,0,0,1
398000.0,12.0,15.9,617.0,7.32,45.0,0.0,0,0,0,1,0,0,0,0,0,1,0,1,1,0
398000.0,360.0,8.31,668.0,0.55,60.0,0.0,0,1,0,0,0,0,0,0,0,1,0,1,0,1
229000.0,24.0,11.19,641.0,8.32,55.0,3.0,0,1,0,0,0,0,1,0,0,0,0,1,0,1
530000.0,12.0,12.03,677.0,11.15,42.0,3.0,0,1,0,0,0,0,1,0,0,0,0,1,1,0
716000.0,12.0,9.07,718.0,4.41,47.0,4.0,0,0,1,0,0,1,0,0,0,0,0,1,1,0
656000.0,60.0,7.37,721.0,5.64,41.0,1.0,0,0,0,1,0,0,1,0,0,0,0,0,0,1
602000.0,60.0,11.96,684.0,1.55,28.0,4.0,0,0,0,0,1,0,0,1,0,0,1,0,0,1
553000.0,24.0,9.91,817.0,6.8,41.0,3.0,0,1,0,0,0,0,1,0,0,0,0,0,1,0
468000.0,24.0,11.13,641.0,8.76,58.0,4.0,0,1,0,0,0,0,1,0,0,0,0,1,0,1
600000.0,360.0,8.63,646.0,7.85,42.0,1.0,0,0,0,0,0,0,0,1,0,0,0,1,1,0
334000.0,36.0,8.92,706.0,3.01,65.0,2.0,0,0,1,0,0,0,1,0,0,0,0,1,0,1
485000.0,240.0,11.91,750.0,11.74,56.0,0.0,0,0,0,0,1,0,0,0,0,0,1,0,0,1
646000.0,240.0,7.03,676.0,9.49,65.0,1.0,0,1,0,0,0,0,1,0,0,0,0,0,1,0
630000.0,60.0,9.06,742.0,5.69,52.0,1.0,0,0,1,0,0,0,0,0,0,0,1,0,1,0
489000.0,360.0,12.39,662.0,4.45,52.0,1.0,0,0,0,0,0,0,0,0,1,0,0,1,0,0
634000.0,36.0,12.25,719.0,15.15,35.0,2.0,0,0,0,0,0,1,0,0,0,0,1,0,0,1
267000.0,24.0,12.35,623.0,4.65,57.0,1.0,0,0,0,0,0,1,0,0,0,0,0,1,1,0
100000.0,60.0,10.27,703.0,8.1,35.0,3.0,0,0,0,0,1,0,1,0,0,0,0,1,1,0
956000.0,120.0,9.76,766.0,6.31,48.0,4.0,0,0,1,0,0,0,0,1,0,0,0,1,0,0
395000.0,36.0,7.78,706.0,0.86,63.0,2.0,0,0,0,0,1,0,1,0,0,0,0,1,0,0
100000.0,360.0,7.0,698.0,20.23,27.0,2.0,0,0,0,1,0,1,0,0,0,0,0,0,0,1
445000.0,24.0,13.01,689.0,3.61,38.0,0.0,0,0,0,0,0,0,0,1,0,0,0,1,0,0
233000.0,360.0,9.16,602.0,5.79,23.0,0.0,0,0,0,1,0,0,0,0,0,1,0,1,1,0
100000.0,240.0,10.33,712.0,1.16,40.0,0.0,0,0,1,0,0,1,0,0,0,0,1,0,0,1
391000.0,36.0,9.94,646.0,14.72,35.0,0.0,0,0,1,0,0,0,1,0,0,0,1,0,1,0
516000.0,36.0,10.79,729.0,4.06,63.0,3.0,0,1,0,0,0,1,0,0,0,0,0,1,0,0
253000.0,360.0,8.58,644.0,15.07,31.0,1.0,0,0,0,0,1,1,0,0,0,0,0,1,0,0
738000.0,360.0,8.53,693.0,9.03,37.0,1.0,0,1,0,0,0,0,1,0,0,0,0,1,0,1
158000.0,120.0,12.33,783.0,5.5,49.0,1.0,0,0,0,1,0,0,1,0,0,0,0,0,0,0
100000.0,36.0,7.37,685.0,6.35,49.0,0.0,0,0,0,0,1,0,0,0,0,1,1,0,1,0
1183000.0,240.0,11.2,710.0,1.86,23.0,4.0,0,1,0,0,0,0,0,0,0,1,0,1,0,1
833000.0,240.0,11.0,658.0,2.58,28.0,1.0,0,0,0,1,0,0,0,1,0,0,0,1,0,1
639000.0,24.0,12.21,690.0,7.21,38.0,0.0,0,0,0,0,0,0,0,0,1,0,1,0,1,0
552000.0,36.0,14.01,665.0,6.73,59.0,0.0,0,1,0,0,0,0,0,0,0,1,0,0,0,1
600000.0,240.0,11.03,762.0,2.27,28.0,3.0,0,0,0,1,0,1,0,0,0,0,0,1,0,0
846000.0,12.0,8.71,784.0,3.01,55.0,0.0,0,0,1,0,0,0,1,0,0,0,0,0,0,0
493000.0,240.0,8.13,708.0,19.33,28.0,2.0,0,0,0,0,0,0,0,1,0,0,0,1,0,0
942000.0,360.0,10.72,657.0,2.16,42.0,3.0,0,0,1,0,0,0,0,0,1,0,0,0,0,1
556000.0,240.0,12.09,597.0,6.9,60.0,2.0,0,0,0,0,1,0,0,0,1,0,0,1,0,0
557000.0,120.0,15.15,708.0,6.8,49.0,4.0,0,0,0,1,0,0,0,1,0,0,0,1,0,1
764000.0,60.0,10.83,714.0,1.53,35.0,0.0,0,0,0,0,1,0,1,0,0,0,1,0,1,0
732000.0,240.0,11.61,694.0,5.93,52.0,0.0,0,1,0,0,0,0,0,0,1,0,1,0,1,0
204000.0,24.0,7.0,743.0,4.34,37.0,1.0,0,0,0,0,0,0,0,0,0,0,0,1,1,0
113000.0,120.0,9.78,706.0,4.83,56.0,4.0,0,0,0,0,1,0,0,0,0,0,0,0,0,0
200000.0,24.0,10.78,703.0,11.94,26.0,4.0,0,0,0,0,0,0,0,0,1,0,0,0,1,0
775000.0,24.0,12.81,693.0,5.03,52.0,4.0,0,0,0,1,0,0,0,0,0,0,1,0,1,0
130000.0,12.0,8.45,709.0,0.0,49.0,4.0,0,0,1,0,0,0,0,1,0,0,1,0,0,0
723000.0,360.0,9.05,666.0,0.0,44.0,1.0,0,0,0,0,1,0,0,0,1,0,0,1,1,0
251000.0,12.0,7.41,636.0,15.53,23.0,0.0,0,0,0,0,1,0,0,0,0,0,0,1,0,0
324000.0,36.0,9.69,706.0,5.32,52.0,4.0,0,1,0,0,0,0,0,0,1,0,0,1,0,0
283000.0,120.0,11.82,639.0,1.93,58.0,0.0,0,0,0,0,1,0,1,0,0,0,1,0,0,0
370000.0,24.0,11.7,708.0,17.45,22.0,1.0,0,0,0,1,0,0,0,0,1,0,0,1,0,1
117000.0,24.0,9.34,722.0,6.74,57.0,3.0,0,1,0,0,0,1,0,0,0,0,0,1,0,1
100000.0,36.0,11.68,677.0,4.75,30.0,1.0,0,0,0,0,1,0,0,1,0,0,0,0,1,0
344000.0,36.0,11.22,598.0,0.77,53.0,1.0,0,0,0,0,1,0,0,0,0,1,0,0,0,0
100000.0,120.0,11.79,729.0,6.91,34.0,1.0,0,0,0,1,0,0,0,0,0,1,0,1,0,1
100000.0,36.0,7.67,772.0,11.09,41.0,1.0,0,0,0,0,0,0,0,0,0,1,1,0,0,0
446000.0,12.0,10.48,708.0,5.67,54.0,0.0,0,0,0,0,0,1,0,0,0,0,0,0,0,1
736000.0,360.0,7.76,696.0,5.21,59.0,2.0,0,0,0,0,1,0,1,0,0,0,0,1,0,1
492000.0,240.0,10.85,757.0,18.07,25.0,4.0,0,0,0,0,0,0,0,0,0,1,1,0,1,0
468000.0,120.0,8.0,701.0,1.99,59.0,0.0,0,0,0,0,0,1,0,0,0,0,0,1,0,0
793000.0,36.0,10.17,786.0,5.9,38.0,1.0,0,0,0,0,1,0,0,0,1,0,0,1,0,1
807000.0,120.0,12.49,716.0,0.0,65.0,0.0,0,1,0,0,0,0,0,0,1,0,0,0,1,0
100000.0,120.0,9.22,699.0,7.55,35.0,0.0,0,1,0,0,0,0,0,0,0,0,0,0,0,0
514000.0,360.0,13.32,744.0,7.85,44.0,0.0,0,0,0,1,0,1,0,0,0,0,1,0,0,1
960000.0,24.0,9.54,776.0,6.47,28.0,1.0,0,0,0,0,0,0,0,0,0,0,0,0,1,0
490000.0,36.0,7.0,756.0,13.49,50.0,1.0,0,0,0,0,1,0,0,0,0,1,0,1,0,1
592000.0,36.0,9.44,581.0,4.5,21.0,3.0,0,0,1,0,0,0,0,1,0,0,0,1,1,0
249000.0,24.0,10.48,742.0,3.22,21.0,4.0,0,0,0,0,0,0,0,0,1,0,1,0,0,0
220000.0,120.0,8.74,703.0,9.01,47.0,1.0,0,0,0,1,0,0,1,0,0,0,1,0,0,0
692000.0,24.0,9.8,702.0,7.33,59.0,4.0,0,1,0,0,0,0,0,0,0,0,0,1,0,0
732000.0,120.0,10.91,733.0,12.33,60.0,4.0,0,0,0,1,0,1,0,0,0,0,0,1,1,0
723000.0,12.0,12.83,727.0,2.53,57.0,0.0,0,0,0,0,0,1,0,0,0,0,0,0,1,0
759000.0,24.0,11.9,805.0,0.0,32.0,1.0,0,0,0,1,0,1,0,0,0,0,0,0,0,1
846000.0,24.0,7.77,750.0,2.79,62.0,4.0,0,0,1,0,0,0,0,0,0,1,0,0,0,0
962000.0,240.0,14.63,675.0,3.06,26.0,4.0,0,0,1,0,0,0,0,1,0,0,1,0,0,1
118000.0,60.0,8.95,740.0,7.08,44.0,3.0,0,0,1,0,0,0,1,0,0,0,0,1,1,0
550000.0,60.0,12.66,733.0,7.61,40.0,0.0,0,1,0,0,0,0,0,0,0,1,1,0,0,1
288000.0,120.0,11.19,642.0,5.16,65.0,0.0,0,0,0,1,0,0,0,0,1,0,0,0,0,1
757000.0,24.0,7.51,654.0,8.47,28.0,0.0,0,0,0,0,0,0,0,1,0,0,0,0,1,0
577000.0,60.0,8.48,713.0,5.73,58.0,4.0,0,0,0,0,0,0,1,0,0,0,0,1,0,0
100000.0,36.0,8.96,736.0,0.0,28.0,2.0,0,0,1,0,0,0,1,0,0,0,0,0,0,0
918000.0,12.0,11.75,708.0,10.66,38.0,3.0,0,0,0,0,1,1,0,0,0,0,0,1,0,1
677000.0,240.0,15.87,698.0,2.65,31.0,2.0,0,0,1,0,0,0,0,1,0,0,0,0,0,0
412000.0,240.0,9.43,716.0,6.62,23.0,1.0,0,0,0,0,1,1,0,0,0,0,1,0,0,0
372000.0,120.0,11.32,774.0,2.22,23.0,3.0,0,0,0,0,0,0,0,1,0,0,0,0,0,1
769000.0,12.0,12.41,689.0,4.58,34.0,4.0,0,0,0,0,0,0,0,0,0,0,1,0,0,1
459000.0,36.0,8.55,596.0,5.92,29.0,1.0,0,0,1,0,0,0,0,0,0,0,0,1,0,1
565000.0,24.0,9.63,634.0,2.8,37.0,2.0,0,1,0,0,0,0,1,0,0,0,1,0,1,0
552000.0,24.0,10.55,656.0,12.94,52.0,3.0,0,1,0,0,0,0,1,0,0,0,1,0,0,1
289000.0,240.0,11.54,673.0,4.23,25.0,0.0,0,0,0,0,1,1,0,0,0,0,0,0,0,1
676000.0,240.0,15.38,696.0,5.22,36.0,3.0,0,1,0,0,0,0,0,0,0,1,0,0,1,0
597000.0,60.0,11.62,588.0,7.36,51.0,2.0,0,0,0,0,1,0,0,0,0,1,0,1,0,0
848000.0,360.0,12.28,729.0,6.86,54.0,2.0,0,0,1,0,0,1,0,0,0,0,1,0,0,0
530000.0,36.0,10.26,752.0,7.76,42.0,4.0,0,0,0,0,1,0,0,0,0,1,0,0,1,0
763000.0,360.0,14.42,751.0,4.52,48.0,4.0,0,0,0,1,0,0,0,0,1,0,0,0,0,1
814000.0,120.0,12.22,670.0,4.99,56.0,3.0,0,1,0,0,0,1,0,0,0,0,0,1,1,0
1076000.0,60.0,13.03,731.0,5.16,48.0,2.0,0,0,0,0,1,0,0,1,0,0,0,1,0,0
434000.0,12.0,9.74,650.0,12.72,26.0,2.0,0,1,0,0,0,1,0,0,0,0,0,0,1,0
807000.0,120.0,7.0,686.0,9.72,45.0,2.0,0,1,0,0,0,0,0,0,0,1,0,1,0,0
567000.0,240.0,7.37,647.0,2.78,50.0,3.0,0,0,0,1,0,1,0,0,0,0,1,0,1,0
235000.0,12.0,12.27,691.0,3.63,25.0,1.0,0,1,0,0,0,1,0,0,0,0,0,1,0,1
100000.0,24.0,9.58,697.0,4.45,27.0,4.0,0,0,0,1,0,0,1,0,0,0,0,0,1,0
226000.0,60.0,7.07,755.0,16.4,46.0,1.0,0,1,0,0,0,0,0,0,0,0,1,0,1,0
223000.0,12.0,13.01,649.0,5.65,60.0,2.0,0,0,0,0,1,0,0,0,0,1,0,0,1,0
658000.0,360.0,9.86,692.0,9.23,40.0,1.0,0,0,1,0,0,0,0,0,1,0,0,1,1,0
504000.0,240.0,10.98,690.0,11.42,61.0,0.0,0,0,1,0,0,0,0,0,0,0,0,1,0,0
667000.0,120.0,12.97,675.0,18.77,45.0,4.0,0,0,0,1,0,1,0,0,0,0,0,1,0,0
100000.0,36.0,10.16,635.0,10.49,43.0,3.0,0,0,0,0,0,0,1,0,0,0,1,0,0,0
809000.0,60.0,9.01,712.0,14.72,63.0,1.0,0,0,0,1,0,1,0,0,0,0,1,0,1,0
602000.0,36.0,12.5,717.0,1.57,55.0,2.0,0,0,0,1,0,0,0,1,0,0,0,0,1,0
100000.0,12.0,8.46,710.0,0.89,59.0,4.0,0,1,0,0,0,1,0,0,0,0,0,1,0,1
796000.0,120.0,11.66,645.0,0.81,25.0,2.0,0,0,0,0,0,0,0,0,0,0,0,1,1,0
167000.0,360.0,8.94,750.0,9.89,46.0,4.0,0,0,0,0,1,0,1,0,0,0,1,0,0,1
794000.0,120.0,8.01,603.0,9.42,55.0,1.0,0,0,0,0,0,0,0,0,0,0,0,1,0,1
343000.0,120.0,9.5,677.0,10.98,45.0,3.0,0,0,1,0,0,0,0,0,0,0,1,0,0,0
476000.0,12.0,8.44,678.0,10.0,63.0,2.0,0,0,0,0,1,0,0,0,1,0,1,0,0,0
593000.0,360.0,10.02,698.0,11.11,27.0,3.0,0,0,0,1,0,0,1,0,0,0,1,0,1,0
437000.0,36.0,7.62,738.0,6.27,55.0,3.0,0,1,0,0,0,1,0,0,0,0,0,1,1,0
754000.0,360.0,9.25,666.0,3.38,57.0,2.0,0,0,0,0,1,1,0,0,0,0,0,0,1,0
208000.0,240.0,7.0,605.0,6.88,52.0,2.0,0,0,0,0,1,0,0,0,0,1,0,0,0,1
890000.0,240.0,13.68,751.0,5.0,45.0,4.0,0,0,1,0,0,0,0,0,0,0,0,0,1,0
1118000.0,240.0,10.77,686.0,8.86,27.0,2.0,0,0,0,0,1,0,0,0,0,1,0,0,0,1
954000.0,36.0,12.34,630.0,8.14,45.0,0.0,0,0,0,0,1,0,0,0,0,0,1,0,0,1
534000.0,240.0,10.6,734.0,9.09,41.0,1.0,0,0,0,0,1,0,0,0,0,0,1,0,1,0
1073000.0,36.0,10.55,632.0,6.55,34.0,2.0,0,0,0,1,0,0,0,1,0,0,0,1,0,0
1038000.0,60.0,10.4,654.0,3.85,32.0,3.0,0,0,0,0,1,1,0,0,0,0,0,0,1,0
327000.0,240.0,10.34,618.0,10.07,37.0,0.0,0,0,0,1,0,0,0,1,0,0,1,0,0,1
306000.0,60.0,10.77,763.0,7.78,40.0,4.0,0,0,1,0,0,0,0,0,0,1,0,1,1,0
392000.0,120.0,9.51,786.0,0.79,21.0,4.0,0,0,0,0,1,0,0,1,0,0,1,0,1,0
364000.0,12.0,7.83,714.0,5.51,63.0,0.0,0,0,0,0,1,1,0,0,0,0,0,1,0,1
295000.0,36.0,9.7,722.0,3.52,27.0,1.0,0,0,0,0,1,0,1,0,0,0,0,0,1,0
552000.0,12.0,11.73,651.0,12.5,48.0,3.0,0,0,0,0,0,0,0,0,0,0,1,0,1,0
512000.0,12.0,10.42,771.0,10.9,49.0,0.0,0,1,0,0,0,1,0,0,0,0,1,0,0,1
404000.0,360.0,9.96,787.0,2.03,33.0,4.0,0,0,0,0,0,1,0,0,0,0,0,0,0,0
377000.0,360.0,10.99,719.0,14.76,37.0,3.0,0,1,0,0,0,0,0,0,0,1,1,0,1,0
403000.0,12.0,10.12,709.0,1.32,43.0,3.0,0,0,0,0,1,0,1,0,0,0,0,1,1,0
1011000.0,60.0,12.53,733.0,8.51,48.0,1.0,0,0,0,1,0,0,0,0,0,1,0,0,1,0
287000.0,12.0,11.16,795.0,0.0,26.0,1.0,1,0,0,0,0,0,0,0,1,0,0,0,0,0
100000.0,240.0,9.12,614.0,7.5,49.0,2.0,0,0,0,1,0,1,0,0,0,0,1,0,1,0
873000.0,120.0,8.07,591.0,6.51,30.0,2.0,0,0,0,0,0,0,0,1,0,0,0,1,0,0
401000.0,36.0,11.53,777.0,9.24,46.0,1.0,0,1,0,0,0,0,0,1,0,0,0,0,1,0
100000.0,12.0,8.89,639.0,3.23,42.0,1.0,0,0,0,0,1,0,0,0,0,1,0,1,1,0
697000.0,12.0,8.71,783.0,4.74,31.0,1.0,0,0,1,0,0,1,0,0,0,0,0,0,1,0
146000.0,12.0,10.54,687.0,7.75,50.0,3.0,0,0,0,0,0,0,0,0,1,0,1,0,0,1
769000.0,120.0,10.58,719.0,4.42,23.0,1.0,0,0,0,1,0,0,0,0,1,0,0,0,0,0
526000.0,12.0,8.09,697.0,16.0,64.0,4.0,0,1,0,0,0,0,1,0,0,0,1,0,0,1
543000.0,360.0,10.64,675.0,6.34,64.0,0.0,0,0,0,0,1,0,1,0,0,0,1,0,1,0
504000.0,12.0,14.04,749.0,1.01,42.0,4.0,0,0,0,0,0,0,0,1,0,0,0,1,1,0
100000.0,12.0,9.45,772.0,7.2,49.0,0.0,0,1,0,0,0,0,0,0,0,1,1,0,1,0
100000.0,60.0,10.89,670.0,4.8,65.0,4.0,0,0,0,0,1,0,0,1,0,0,0,1,0,1
934000.0,24.0,11.2,703.0,12.33,32.0,4.0,0,0,0,1,0,1,0,0,0,0,1,0,0,0
402000.0,36.0,11.75,690.0,13.15,58.0,2.0,0,1,0,0,0,1,0,0,0,0,1,0,0,1
226000.0,360.0,8.35,674.0,7.54,55.0,2.0,0,1,0,0,0,0,0,0,1,0,0,1,0,1
534000.0,120.0,13.25,672.0,7.65,48.0,4.0,0,0,1,0,0,0,0,0,0,0,0,0,0,0
337000.0,24.0,9.73,737.0,3.1,52.0,4.0,0,0,1,0,0,1,0,0,0,0,1,0,0,1
502000.0,12.0,13.12,764.0,3.44,52.0,1.0,0,0,0,0,0,0,0,0,1,0,1,0,1,0
464000.0,24.0,7.52,629.0,7.87,38.0,4.0,0,0,0,0,0,0,1,0,0,0,0,0,0,1
405000.0,60.0,13.72,682.0,11.21,48.0,0.0,0,0,1,0,0,0,0,0,1,0,0,0,0,1
526000.0,120.0,7.65,760.0,5.74,52.0,1.0,0,0,0,0,0,0,0,0,0,0,0,1,0,0
658000.0,36.0,8.71,718.0,1.63,47.0,4.0,0,0,0,0,1,0,0,0,1,0,0,0,1,0
782000.0,60.0,9.87,615.0,5.87,48.0,2.0,0,0,0,0,1,0,0,1,0,0,1,0,0,0
668000.0,24.0,8.22,749.0,13.0,48.0,2.0,0,0,0,1,0,0,0,0,0,1,1,0,0,1
940000.0,36.0,12.32,697.0,7.87,28.0,3.0,0,0,0,1,0,0,0,0,0,0,1,0,0,1
212000.0,120.0,13.44,745.0,5.61,59.0,1.0,1,0,1,0,0,0,0,0,0,0,0,0,0,1
936000.0,240.0,10.59,703.0,6.56,64.0,4.0,0,0,0,0,0,0,0,0,0,1,0,0,0,1
544000.0,120.0,7.0,643.0,7.1,23.0,4.0,0,0,0,1,0,0,0,0,1,0,0,1,0,1
459000.0,360.0,10.72,766.0,7.58,51.0,0.0,0,0,1,0,0,0,0,0,0,0,1,0,1,0
439000.0,24.0,12.14,672.0,1.62,23.0,2.0,0,0,0,1,0,1,0,0,0,0,1,0,1,0
100000.0,240.0,10.92,622.0,5.67,50.0,4.0,0,0,0,0,1,1,0,0,0,0,0,0,0,0
513000.0,120.0,10.61,710.0,7.48,60.0,1.0,0,0,1,0,0,0,0,0,0,0,1,0,0,1
588000.0,12.0,13.95,802.0,6.0,41.0,4.0,0,0,0,1,0,0,0,0,0,0,0,0,0,1
100000.0,360.0,11.67,641.0,1.99,50.0,2.0,0,1,0,0,0,0,0,0,0,0,1,0,1,0
1032000.0,60.0,14.97,670.0,10.02,39.0,0.0,0,0,0,0,1,0,0,1,0,0,0,1,0,1
969000.0,240.0,11.18,679.0,10.17,59.0,4.0,0,0,0,0,0,0,0,0,1,0,0,1,0,1
302000.0,240.0,10.75,721.0,4.32,62.0,4.0,0,1,0,0,0,0,0,0,0,0,0,1,0,1
100000.0,36.0,11.14,611.0,3.89,63.0,3.0,0,0,1,0,0,0,0,0,0,0,1,0,1,0
162000.0,240.0,11.8,726.0,5.18,27.0,2.0,0,0,0,1,0,0,0,0,1,0,0,0,0,0
784000.0,240.0,9.91,767.0,7.73,53.0,3.0,0,0,0,0,1,0,0,0,0,0,0,1,1,0
455000.0,120.0,13.92,670.0,0.89,59.0,4.0,0,0,0,1,0,0,0,1,0,0,0,1,0,1
644000.0,240.0,13.04,636.0,3.58,52.0,1.0,0,0,0,1,0,0,0,0,1,0,1,0,1,0
366000.0,240.0,11.82,659.0,7.47,23.0,1.0,0,0,0,1,0,0,0,0,0,0,1,0,1,0
366000.0,36.0,8.25,670.0,6.49,47.0,0.0,0,0,0,0,1,0,0,0,0,1,0,1,0,0
339000.0,36.0,9.64,693.0,5.7,60.0,4.0,0,0,0,0,0,0,0,0,0,1,0,0,0,1
998000.0,240.0,7.08,710.0,0.2,53.0,3.0,0,0,0,1,0,0,1,0,0,0,1,0,1,0
534000.0,12.0,7.47,706.0,3.52,55.0,3.0,0,1,0,0,0,0,0,0,1,0,1,0,1,0
100000.0,120.0,11.88,662.0,6.42,26.0,0.0,1,0,0,1,0,0,1,0,0,0,0,0,0,0
461000.0,36.0,11.53,753.0,4.11,62.0,4.0,0,0,1,0,0,0,0,0,1,0,1,0,0,0
794000.0,24.0,15.3,630.0,5.48,41.0,4.0,0,1,0,0,0,0,0,0,1,0,0,1,1,0
100000.0,60.0,7.0,685.0,3.6,26.0,1.0,0,0,0,1,0,0,1,0,0,0,0,1,1,0
274000.0,360.0,9.35,799.0,19.64,49.0,1.0,0,0,0,0,1,0,1,0,0,0,0,1,0,0
563000.0,12.0,8.52,671.0,13.82,30.0,3.0,0,0,0,0,1,0,0,0,0,0,0,0,0,0
343000.0,24.0,10.15,625.0,8.79,65.0,4.0,1,0,0,1,0,0,1,0,0,0,0,0,0,0
859000.0,240.0,10.67,649.0,5.25,60.0,4.0,0,1,0,0,0,0,1,0,0,0,0,1,0,1
100000.0,36.0,13.87,663.0,8.43,27.0,3.0,0,0,0,0,1,0,0,1,0,0,0,1,1,0
664000.0,120.0,7.0,707.0,0.0,22.0,3.0,0,0,1,0,0,1,0,0,0,0,0,1,0,0
718000.0,24.0,10.56,739.0,6.61,35.0,0.0,0,0,1,0,0,0,0,1,0,0,1,0,1,0
832000.0,24.0,8.91,652.0,2.31,42.0,3.0,0,0,0,0,1,1,0,0,0,0,0,1,0,0
515000.0,360.0,12.44,717.0,15.81,50.0,0.0,0,1,0,0,0,1,0,0,0,0,1,0,0,0
609000.0,36.0,10.51,711.0,17.45,40.0,1.0,0,0,1,0,0,1,0,0,0,0,1,0,1,0
677000.0,120.0,10.17,716.0,5.42,49.0,0.0,0,0,0,0,0,0,1,0,0,0,0,1,0,1
897000.0,24.0,9.03,695.0,3.3,48.0,3.0,0,0,0,0,1,1,0,0,0,0,1,0,0,1
627000.0,360.0,10.86,674.0,4.32,52.0,0.0,0,0,0,1,0,0,0,1,0,0,0,0,0,1
372000.0,36.0,8.76,630.0,2.2,37.0,4.0,0,0,0,0,0,0,0,1,0,0,0,0,0,0
199000.0,24.0,9.48,722.0,15.97,44.0,2.0,0,0,1,0,0,0,0,0,0,0,1,0,0,0
385000.0,24.0,11.35,670.0,16.38,51.0,3.0,0,0,0,0,1,1,0,0,0,0,1,0,1,0
495000.0,240.0,10.85,639.0,11.0,43.0,1.0,0,0,0,0,0,0,0,1,0,0,1,0,0,1
567000.0,60.0,8.05,699.0,7.58,55.0,2.0,0,0,0,1,0,0,0,0,0,1,1,0,1,0
591000.0,12.0,9.29,712.0,1.68,32.0,4.0,0,0,0,1,0,0,1,0,0,0,1,0,1,0
389000.0,360.0,10.77,772.0,3.27,47.0,1.0,0,0,1,0,0,0,0,0,1,0,0,1,0,0
272000.0,120.0,13.87,712.0,7.91,49.0,4.0,0,1,0,0,0,0,0,0,0,1,0,0,1,0
219000.0,36.0,9.27,627.0,4.61,38.0,3.0,0,0,1,0,0,0,0,0,1,0,0,0,0,1
495000.0,60.0,9.6,726.0,9.07,40.0,3.0,0,0,0,0,1,0,1,0,0,0,0,0,0,0
100000.0,36.0,8.56,688.0,8.45,58.0,1.0,0,0,0,0,1,0,0,0,1,0,0,0,0,1
570000.0,120.0,12.08,706.0,10.03,54.0,2.0,0,0,1,0,0,0,0,0,0,0,0,0,0,0
475000.0,24.0,8.58,727.0,0.0,46.0,2.0,0,0,0,0,1,0,0,0,0,0,1,0,1,0
363000.0,240.0,8.33,744.0,12.03,58.0,4.0,0,0,0,1,0,1,0,0,0,0,1,0,1,0
319000.0,60.0,12.89,737.0,11.15,27.0,3.0,0,1,0,0,0,0,0,0,1,0,0,0,0,0
100000.0,12.0,9.98,701.0,3.96,61.0,2.0,0,0,0,1,0,0,1,0,0,0,0,1,0,0
528000.0,240.0,10.56,632.0,10.98,65.0,1.0,0,0,0,0,1,0,1,0,0,0,0,1,0,0
724000.0,360.0,10.64,709.0,4.8,29.0,2.0,0,1,0,0,0,0,1,0,0,0,0,1,1,0
952000.0,12.0,8.93,655.0,0.0,31.0,3.0,0,0,0,0,1,0,0,0,0,0,0,1,0,1
137000.0,360.0,12.15,748.0,5.15,53.0,3.0,0,0,1,0,0,0,1,0,0,0,0,0,1,0
510000.0,240.0,13.46,700.0,6.18,57.0,2.0,0,0,1,0,0,0,0,0,0,0,0,0,0,1
556000.0,36.0,10.17,755.0,5.42,48.0,3.0,0,0,1,0,0,0,0,0,0,0,0,0,1,0
283000.0,12.0,9.32,686.0,0.92,58.0,0.0,0,0,1,0,0,0,0,0,0,0,0,1,1,0
841000.0,120.0,12.11,732.0,15.6,49.0,2.0,0,0,0,0,0,0,0,0,0,1,0,1,0,0
1125000.0,24.0,12.2,715.0,15.59,45.0,4.0,0,1,0,0,0,0,0,0,0,1,0,1,0,1
412000.0,120.0,9.01,709.0,18.55,65.0,1.0,0,1,0,0,0,0,1,0,0,0,0,0,1,0
100000.0,12.0,9.0,658.0,0.0,54.0,2.0,0,1,0,0,0,0,0,0,0,1,1,0,1,0
100000.0,120.0,11.59,744.0,0.71,43.0,4.0,0,0,0,1,0,0,0,0,1,0,1,0,0,1
730000.0,360.0,12.75,735.0,0.0,59.0,2.0,0,1,0,0,0,0,0,0,0,1,0,0,1,0
626000.0,120.0,12.09,740.0,11.9,27.0,3.0,0,0,0,0,1,0,0,0,1,0,1,0,1,0
145000.0,24.0,10.37,732.0,0.0,46.0,0.0,0,1,0,0,0,1,0,0,0,0,1,0,0,1
349000.0,24.0,7.71,700.0,0.0,26.0,3.0,0,1,0,0,0,0,0,1,0,0,1,0,0,0
365000.0,60.0,13.4,688.0,7.37,57.0,1.0,0,0,0,0,1,0,0,0,0,0,0,0,0,0
627000.0,360.0,7.72,719.0,4.14,65.0,4.0,0,1,0,0,0,0,0,1,0,0,0,1,0,0
499000.0,360.0,12.73,790.0,3.49,28.0,3.0,0,1,0,0,0,0,0,1,0,0,0,0,0,0
872000.0,12.0,8.52,727.0,5.07,49.0,0.0,0,0,0,0,1,0,0,1,0,0,0,0,0,0
437000.0,120.0,7.67,681.0,8.24,39.0,0.0,0,1,0,0,0,0,0,0,0,0,1,0,1,0
339000.0,60.0,8.67,720.0,2.44,45.0,1.0,0,1,0,0,0,0,1,0,0,0,0,0,0,0
263000.0,60.0,9.01,686.0,0.0,41.0,3.0,0,0,1,0,0,0,0,1,0,0,1,0,0,1
786000.0,36.0,7.0,716.0,13.57,51.0,2.0,0,0,0,0,1,0,1,0,0,0,0,1,1,0
786000.0,24.0,13.32,670.0,3.98,28.0,3.0,0,0,0,1,0,0,0,0,1,0,1,0,0,1
392000.0,360.0,13.2,645.0,4.18,32.0,3.0,0,1,0,0,0,0,0,0,1,0,0,0,0,0
229000.0,36.0,12.41,678.0,3.76,52.0,0.0,0,0,0,0,0,0,0,0,0,0,0,1,0,0
586000.0,240.0,7.48,746.0,10.7,62.0,2.0,0,0,0,0,1,0,0,0,0,1,0,0,1,0
272000.0,360.0,11.51,678.0,6.9,39.0,0.0,0,0,0,1,0,0,0,0,0,0,0,0,1,0
353000.0,120.0,11.59,665.0,8.17,27.0,0.0,0,1,0,0,0,0,1,0,0,0,0,0,0,1
595000.0,60.0,10.87,592.0,7.71,59.0,1.0,0,0,0,0,1,1,0,0,0,0,0,1,1,0
451000.0,24.0,8.72,659.0,2.71,44.0,4.0,0,1,0,0,0,0,1,0,0,0,0,0,0,1
100000.0,24.0,10.38,659.0,0.0,54.0,0.0,0,1,0,0,0,1,0,0,0,0,1,0,0,0
155000.0,120.0,12.89,736.0,0.0,29.0,1.0,0,0,0,0,0,0,1,0,0,0,0,1,1,0
751000.0,12.0,8.79,646.0,4.71,53.0,3.0,0,0,0,1,0,0,0,0,1,0,1,0,0,0
674000.0,120.0,9.12,789.0,5.74,62.0,1.0,0,0,0,0,1,0,0,0,0,0,1,0,1,0
534000.0,360.0,12.52,776.0,4.44,31.0,4.0,0,1,0,0,0,0,0,0,1,0,0,1,1,0
695000.0,60.0,8.08,703.0,5.45,32.0,2.0,0,0,0,1,0,0,0,0,1,0,0,0,1,0
270000.0,120.0,10.7,654.0,9.2,59.0,1.0,0,0,0,0,0,0,1,0,0,0,0,1,0,1
468000.0,240.0,9.67,710.0,8.72,61.0,2.0,0,0,0,0,1,0,0,0,0,1,0,0,1,0
721000.0,36.0,9.41,756.0,15.77,54.0,4.0,0,1,0,0,0,0,0,0,0,0,0,1,0,0
784000.0,24.0,13.57,724.0,9.7,59.0,1.0,0,1,0,0,0,0,0,0,1,0,1,0,0,1
713000.0,24.0,9.64,778.0,2.77,45.0,1.0,0,0,0,0,1,0,0,0,1,0,0,1,0,0
845000.0,240.0,13.1,650.0,14.85,50.0,1.0,0,0,0,0,1,0,0,0,0,1,0,0,0,1
526000.0,36.0,7.92,760.0,5.28,43.0,4.0,0,0,0,0,0,1,0,0,0,0,0,1,0,0
591000.0,60.0,11.99,636.0,4.82,37.0,0.0,0,1,0,0,0,0,0,0,0,0,1,0,1,0
435000.0,60.0,10.22,723.0,4.38,51.0,4.0,0,1,0,0,0,0,1,0,0,0,0,1,0,1
304000.0,60.0,10.03,741.0,0.54,22.0,1.0,0,0,0,0,1,0,0,0,0,0,0,1,0,1
844000.0,24.0,7.0,661.0,0.0,60.0,3.0,0,0,0,0,0,1,0,0,0,0,0,0,1,0
700000.0,36.0,7.96,736.0,3.73,61.0,2.0,0,0,0,0,0,0,0,0,0,0,1,0,0,1
456000.0,120.0,12.62,758.0,0.71,28.0,3.0,0,0,1,0,0,0,0,0,1,0,1,0,0,1
100000.0,240.0,12.4,643.0,4.8,40.0,2.0,0,0,0,0,0,0,0,0,0,0,0,0,0,1
941000.0,360.0,10.86,749.0,6.51,33.0,4.0,0,0,0,0,0,0,0,1,0,0,0,0,0,1
314000.0,36.0,12.36,759.0,8.06,39.0,1.0,0,0,0,0,1,0,0,0,0,0,0,0,1,0
684000.0,240.0,10.46,769.0,11.25,31.0,4.0,0,0,0,0,1,1,0,0,0,0,0,1,0,1
718000.0,24.0,10.24,723.0,9.25,63.0,4.0,0,0,1,0,0,0,0,1,0,0,0,1,0,0
773000.0,240.0,9.0,742.0,3.63,60.0,1.0,0,0,0,0,0,0,0,0,0,0,0,1,0,1
872000.0,360.0,10.84,639.0,1.52,58.0,0.0,0,0,0,0,1,1,0,0,0,0,1,0,1,0
1041000.0,24.0,8.38,692.0,19.39,52.0,3.0,0,0,0,0,0,0,0,0,0,1,0,1,0,1
630000.0,24.0,12.27,676.0,6.55,62.0,3.0,0,0,0,0,1,1,0,0,0,0,0,1,0,0
452000.0,60.0,10.88,727.0,11.19,61.0,2.0,0,1,0,0,0,0,0,0,0,1,0,0,0,0
1262000.0,24.0,12.79,693.0,9.49,53.0,3.0,0,1,0,0,0,0,0,1,0,0,0,1,0,0
100000.0,360.0,10.73,774.0,9.86,31.0,0.0,0,0,0,1,0,1,0,0,0,0,1,0,0,1
611000.0,120.0,9.67,724.0,19.93,45.0,0.0,0,0,1,0,0,0,0,0,1,0,0,1,0,0
976000.0,360.0,11.69,645.0,0.0,64.0,3.0,0,0,0,1,0,1,0,0,0,0,0,0,0,0
878000.0,240.0,7.52,691.0,0.0,35.0,4.0,0,0,0,0,0,0,0,1,0,0,0,1,1,0
631000.0,240.0,10.65,699.0,15.43,42.0,0.0,0,0,0,0,0,0,1,0,0,0,0,1,0,1
278000.0,240.0,13.2,715.0,5.98,31.0,1.0,0,0,0,1,0,0,1,0,0,0,1,0,1,0
467000.0,24.0,9.0,703.0,14.29,33.0,1.0,0,0,0,0,1,0,0,0,0,0,0,0,0,1
721000.0,360.0,10.51,688.0,4.57,46.0,4.0,0,0,0,0,0,1,0,0,0,0,0,1,0,1
539000.0,12.0,9.67,795.0,3.03,22.0,4.0,0,0,0,1,0,1,0,0,0,0,0,0,0,1
934000.0,240.0,8.44,722.0,7.98,36.0,2.0,0,0,0,0,0,0,0,1,0,0,0,1,1,0
574000.0,360.0,11.76,740.0,3.66,42.0,1.0,0,0,0,0,1,0,0,0,0,1,0,0,0,0
439000.0,360.0,12.78,667.0,6.18,58.0,1.0,0,0,0,0,0,0,0,0,0,1,0,1,0,0
539000.0,24.0,9.71,722.0,8.7,34.0,2.0,0,0,1,0,0,0,0,0,1,0,0,0,1,0
605000.0,120.0,9.71,680.0,9.62,50.0,4.0,0,0,0,1,0,0,1,0,0,0,0,0,1,0
163000.0,360.0,7.71,721.0,2.48,30.0,4.0,0,0,0,0,0,0,1,0,0,0,1,0,0,1
723000.0,120.0,11.91,733.0,7.88,48.0,0.0,0,0,1,0,0,0,0,0,0,1,0,1,0,0
258000.0,360.0,12.57,681.0,7.66,45.0,0.0,0,0,0,0,0,0,0,0,0,0,0,1,0,1
545000.0,36.0,11.23,759.0,8.0,35.0,3.0,0,1,0,0,0,0,0,0,0,0,1,0,0,0
323000.0,360.0,12.98,724.0,2.31,51.0,0.0,0,0,0,0,0,0,0,0,0,1,0,0,0,1
290000.0,240.0,10.86,690.0,2.05,57.0,0.0,0,0,0,0,1,0,1,0,0,0,0,0,0,0
565000.0,60.0,10.59,737.0,4.67,54.0,3.0,0,0,0,0,1,1,0,0,0,0,1,0,1,0
328000.0,12.0,13.29,685.0,0.27,49.0,3.0,0,0,0,0,1,0,0,0,0,0,0,0,1,0
365000.0,36.0,11.85,699.0,5.12,28.0,2.0,0,1,0,0,0,0,1,0,0,0,1,0,0,0
552000.0,36.0,9.69,683.0,11.01,60.0,0.0,0,0,1,0,0,0,0,1,0,0,0,0,0,1
681000.0,60.0,12.51,742.0,3.3,48.0,1.0,0,0,0,1,0,0,1,0,0,0,0,0,0,0
671000.0,36.0,11.24,655.0,6.38,31.0,2.0,0,0,0,0,1,0,0,0,1,0,0,0,0,1
181000.0,240.0,9.59,632.0,8.26,31.0,1.0,0,0,1,0,0,0,0,0,0,0,1,0,0,0
954000.0,240.0,12.4,786.0,8.11,37.0,4.0,0,0,1,0,0,0,0,0,1,0,0,1,0,0
193000.0,240.0,7.93,633.0,9.68,63.0,1.0,0,0,1,0,0,1,0,0,0,0,0,0,1,0
592000.0,36.0,10.15,660.0,5.37,44.0,1.0,0,0,0,0,1,0,0,0,0,1,0,1,0,1
691000.0,60.0,7.76,716.0,2.67,34.0,0.0,0,0,1,0,0,0,0,0,0,1,0,0,1,0
549000.0,120.0,11.56,612.0,8.97,47.0,3.0,0,0,0,0,1,0,0,0,0,1,0,0,0,1
753000.0,60.0,9.17,651.0,5.58,21.0,0.0,0,0,0,0,0,0,0,1,0,0,0,1,1,0
452000.0,36.0,10.82,617.0,13.16,39.0,0.0,0,0,0,1,0,0,0,0,0,1,0,0,1,0
502000.0,120.0,8.94,733.0,0.9,21.0,3.0,0,0,0,0,0,1,0,0,0,0,1,0,1,0
659000.0,12.0,11.8,708.0,3.82,28.0,1.0,0,0,0,0,0,1,0,0,0,0,0,0,0,1
591000.0,24.0,9.14,725.0,5.23,53.0,0.0,0,0,0,0,1,0,0,0,1,0,0,0,0,1
477000.0,12.0,10.01,607.0,9.3,59.0,0.0,0,1,0,0,0,0,0,0,0,0,0,0,0,0
688000.0,36.0,8.95,725.0,2.51,61.0,0.0,0,0,0,0,0,0,0,0,0,1,1,0,0,0
892000.0,120.0,12.07,685.0,11.47,21.0,4.0,0,0,1,0,0,0,0,0,0,0,0,0,1,0
476000.0,120.0,9.48,692.0,14.81,25.0,0.0,0,0,0,0,0,0,1,0,0,0,0,0,0,0
543000.0,60.0,11.58,608.0,2.58,24.0,3.0,0,0,1,0,0,0,0,1,0,0,1,0,0,0
627000.0,36.0,11.32,770.0,9.75,42.0,4.0,0,0,0,1,0,0,0,0,0,0,0,0,0,0
509000.0,12.0,11.15,677.0,9.05,57.0,3.0,0,0,0,0,0,1,0,0,0,0,0,1,1,0
388000.0,360.0,12.81,656.0,11.51,44.0,2.0,0,1,0,0,0,0,0,1,0,0,1,0,0,0
533000.0,24.0,11.46,701.0,4.73,26.0,3.0,0,0,0,0,1,0,0,1,0,0,0,0,1,0
575000.0,12.0,12.51,697.0,10.2,41.0,1.0,0,0,0,1,0,0,0,0,0,0,1,0,1,0
372000.0,36.0,10.61,778.0,5.24,31.0,0.0,0,0,0,0,1,0,0,0,0,1,1,0,0,0
728000.0,60.0,10.73,667.0,7.31,48.0,0.0,0,0,0,1,0,0,1,0,0,0,1,0,0,1
623000.0,360.0,7.0,665.0,1.94,53.0,1.0,0,0,1,0,0,0,0,0,0,1,0,0,1,0
363000.0,240.0,10.27,674.0,3.24,53.0,1.0,0,0,0,0,1,0,0,0,1,0,1,0,0,0
519000.0,36.0,11.8,724.0,5.43,61.0,3.0,0,1,0,0,0,1,0,0,0,0,0,0,0,1
708000.0,36.0,12.36,713.0,15.82,54.0,4.0,0,0,1,0,0,0,0,1,0,0,0,0,0,0
708000.0,24.0,7.0,625.0,10.47,62.0,4.0,0,0,0,0,1,0,1,0,0,0,1,0,0,0
100000.0,360.0,11.48,738.0,5.82,61.0,1.0,0,0,1,0,0,0,0,0,0,1,1,0,1,0
551000.0,360.0,11.46,713.0,0.18,36.0,3.0,0,0,0,1,0,0,0,0,0,1,0,0,1,0
219000.0,24.0,12.13,644.0,2.92,29.0,4.0,0,1,0,0,0,0,1,0,0,0,0,0,0,0
574000.0,12.0,9.65,685.0,7.89,38.0,3.0,0,0,0,0,0,0,0,0,1,0,1,0,0,0
100000.0,120.0,11.48,696.0,6.71,25.0,2.0,0,0,1,0,0,0,0,0,0,1,1,0,0,0
1044000.0,240.0,10.03,687.0,2.67,63.0,0.0,0,0,1,0,0,0,0,0,0,1,0,1,1,0
267000.0,120.0,7.0,676.0,2.63,59.0,3.0,0,0,1,0,0,0,0,0,0,1,0,0,0,0
326000.0,360.0,9.35,701.0,8.53,28.0,4.0,0,0,0,0,0,0,1,0,0,0,0,1,1,0
331000.0,24.0,10.17,751.0,0.7,23.0,4.0,0,0,0,0,0,0,0,0,0,0,0,0,1,0
787000.0,240.0,13.91,664.0,0.0,45.0,1.0,0,0,0,0,0,0,1,0,0,0,0,1,1,0
740000.0,240.0,11.78,741.0,3.58,30.0,3.0,0,0,0,1,0,1,0,0,0,0,0,1,1,0
100000.0,60.0,7.71,678.0,4.37,48.0,4.0,0,0,0,1,0,0,0,0,1,0,1,0,0,0
400000.0,60.0,10.51,715.0,2.4,41.0,4.0,0,0,1,0,0,0,0,0,0,1,1,0,0,1
616000.0,12.0,8.84,715.0,6.23,42.0,3.0,0,0,0,0,0,0,1,0,0,0,1,0,0,0
619000.0,36.0,10.73,716.0,5.48,55.0,0.0,0,0,1,0,0,0,0,0,1,0,0,1,1,0
602000.0,120.0,10.7,743.0,13.09,61.0,1.0,0,0,0,0,1,0,0,0,0,1,1,0,1,0
342000.0,12.0,10.09,769.0,2.27,24.0,2.0,0,0,0,1,0,0,0,1,0,0,0,1,1,0
347000.0,360.0,10.09,608.0,12.37,33.0,0.0,0,0,0,1,0,1,0,0,0,0,1,0,1,0
510000.0,12.0,12.26,691.0,6.85,30.0,1.0,0,0,0,0,0,0,0,0,1,0,0,0,0,1
170000.0,36.0,11.68,788.0,2.86,41.0,4.0,0,1,0,0,0,1,0,0,0,0,0,0,0,1
554000.0,36.0,13.14,705.0,8.12,40.0,4.0,0,0,1,0,0,1,0,0,0,0,1,0,0,1
733000.0,360.0,9.37,687.0,6.95,46.0,1.0,0,0,1,0,0,0,0,0,1,0,0,1,1,0
715000.0,24.0,13.15,729.0,4.23,22.0,0.0,0,0,0,0,1,0,0,0,1,0,1,0,1,0
822000.0,24.0,10.3,791.0,2.27,28.0,2.0,0,0,0,1,0,0,0,1,0,0,0,1,1,0
441000.0,24.0,13.03,830.0,8.43,25.0,0.0,0,0,1,0,0,1,0,0,0,0,0,0,0,0
810000.0,360.0,11.55,695.0,11.7,47.0,0.0,0,0,1,0,0,0,0,0,0,0,0,1,1,0
877000.0,24.0,12.36,691.0,3.22,50.0,1.0,0,0,0,0,1,0,0,1,0,0,0,1,0,0
156000.0,360.0,11.36,712.0,17.65,30.0,4.0,0,0,0,0,1,0,0,0,0,0,1,0,1,0
330000.0,120.0,10.15,649.0,12.5,38.0,4.0,0,0,0,1,0,0,1,0,0,0,0,0,0,0
1254000.0,120.0,14.47,672.0,6.04,27.0,1.0,0,0,0,0,0,0,1,0,0,0,0,0,0,0
766000.0,36.0,14.58,712.0,0.14,65.0,0.0,0,1,0,0,0,0,0,1,0,0,0,1,1,0
760000.0,60.0,10.62,629.0,8.91,50.0,0.0,0,0,1,0,0,0,0,0,0,0,0,0,0,0
417000.0,24.0,12.12,671.0,5.39,45.0,0.0,0,1,0,0,0,0,1,0,0,0,1,0,1,0
790000.0,120.0,13.43,652.0,0.6,58.0,3.0,0,0,1,0,0,0,0,1,0,0,1,0,0,0
854000.0,12.0,13.01,785.0,4.07,58.0,2.0,0,0,0,1,0,1,0,0,0,0,0,1,1,0
100000.0,12.0,9.12,727.0,5.86,45.0,3.0,0,0,0,0,0,0,0,0,0,0,0,0,1,0
817000.0,120.0,9.98,691.0,3.81,40.0,2.0,0,0,0,0,0,1,0,0,0,0,0,0,1,0
974000.0,360.0,8.79,677.0,3.61,64.0,4.0,0,1,0,0,0,0,0,1,0,0,1,0,0,1
389000.0,360.0,8.99,709.0,5.55,44.0,2.0,0,0,0,1,0,0,1,0,0,0,0,1,0,1
612000.0,240.0,10.63,730.0,1.14,46.0,3.0,0,1,0,0,0,0,0,0,0,0,0,0,0,0
475000.0,60.0,10.23,703.0,3.23,47.0,0.0,0,0,0,1,0,0,1,0,0,0,0,0,0,0
509000.0,36.0,13.18,793.0,19.87,27.0,4.0,0,1,0,0,0,1,0,0,0,0,0,0,1,0
924000.0,60.0,13.33,634.0,4.39,21.0,1.0,0,0,0,0,0,0,0,0,1,0,0,1,0,1
554000.0,60.0,12.64,694.0,4.39,32.0,4.0,0,0,1,0,0,0,0,0,0,0,0,0,0,0
491000.0,120.0,10.59,686.0,0.0,51.0,3.0,0,0,0,0,1,1,0,0,0,0,1,0,0,0
386000.0,240.0,9.67,649.0,5.86,45.0,0.0,0,0,1,0,0,0,0,0,1,0,0,0,1,0
551000.0,240.0,10.85,686.0,8.48,52.0,1.0,0,1,0,0,0,0,0,0,1,0,0,0,0,1
882000.0,36.0,12.63,673.0,12.02,64.0,0.0,0,0,1,0,0,0,0,0,0,0,1,0,0,0
1026000.0,24.0,12.46,754.0,1.36,52.0,3.0,0,0,0,1,0,0,0,1,0,0,0,0,0,0
571000.0,36.0,12.63,693.0,3.7,24.0,1.0,0,0,1,0,0,0,0,0,0,1,0,0,1,0
737000.0,24.0,7.0,699.0,0.0,43.0,2.0,0,0,0,0,1,0,0,0,0,1,0,1,0,0
568000.0,360.0,10.05,640.0,2.43,55.0,2.0,0,0,0,1,0,0,0,0,0,0,0,0,0,0
1123000.0,12.0,11.51,706.0,8.91,27.0,0.0,0,1,0,0,0,1,0,0,0,0,0,0,0,0
100000.0,360.0,13.95,680.0,0.8,29.0,2.0,0,0,1,0,0,0,0,0,0,1,1,0,0,1
100000.0,60.0,8.53,678.0,3.04,55.0,4.0,0,0,1,0,0,0,0,0,0,1,1,0,0,0
530000.0,12.0,11.5,697.0,7.57,63.0,4.0,0,0,0,1,0,0,0,0,1,0,1,0,0,0
571000.0,360.0,7.2,719.0,7.48,48.0,2.0,0,0,0,0,0,0,0,1,0,0,0,0,0,0
710000.0,60.0,10.74,647.0,2.47,45.0,1.0,0,0,1,0,0,0,0,0,0,1,0,0,1,0
623000.0,120.0,13.76,726.0,2.14,59.0,1.0,0,0,1,0,0,0,0,0,1,0,0,1,0,0
375000.0,240.0,7.76,664.0,0.53,63.0,2.0,1,1,0,0,0,0,0,1,0,0,0,0,0,0
100000.0,12.0,8.77,715.0,8.43,62.0,4.0,0,0,0,0,1,0,0,1,0,0,0,0,0,0
157000.0,60.0,11.03,689.0,6.6,52.0,1.0,0,0,0,1,0,0,0,1,0,0,0,1,0,1
211000.0,240.0,8.11,691.0,7.39,28.0,3.0,0,0,1,0,0,0,1,0,0,0,0,0,1,0
491000.0,240.0,11.72,724.0,2.41,25.0,0.0,0,1,0,0,0,0,1,0,0,0,0,1,0,1
706000.0,120.0,11.76,655.0,4.2,49.0,3.0,0,1,0,0,0,0,0,0,0,1,0,0,1,0
211000.0,240.0,7.0,673.0,6.17,44.0,3.0,0,1,0,0,0,0,0,0,0,0,1,0,0,1
926000.0,12.0,11.06,626.0,5.3,26.0,3.0,0,0,0,0,1,0,0,1,0,0,0,0,0,0
681000.0,12.0,9.63,714.0,4.31,62.0,4.0,0,0,1,0,0,0,0,0,0,0,1,0,0,1
968000.0,60.0,9.66,738.0,8.64,38.0,1.0,0,0,0,0,1,0,1,0,0,0,0,1,1,0
100000.0,60.0,10.87,751.0,6.37,45.0,2.0,0,0,0,0,0,0,1,0,0,0,1,0,1,0
330000.0,36.0,10.59,682.0,3.31,46.0,4.0,0,0,0,0,1,0,1,0,0,0,1,0,1,0
159000.0,24.0,9.3,738.0,9.45,44.0,0.0,0,0,0,1,0,0,0,0,1,0,0,0,0,1
100000.0,24.0,11.41,694.0,6.06,29.0,4.0,0,0,0,0,1,0,0,0,0,1,0,1,0,0
981000.0,36.0,8.03,740.0,0.0,61.0,0.0,0,0,1,0,0,0,0,0,0,1,1,0,0,1
622000.0,360.0,8.63,677.0,9.12,32.0,4.0,0,0,0,1,0,0,0,0,0,1,0,0,0,0
788000.0,36.0,8.84,667.0,7.9,27.0,2.0,0,0,0,1,0,0,0,0,0,1,0,0,0,0
668000.0,120.0,14.32,753.0,6.18,65.0,1.0,0,0,0,1,0,0,1,0,0,0,1,0,0,1
519000.0,360.0,12.78,733.0,16.44,64.0,4.0,0,0,1,0,0,1,0,0,0,0,0,1,0,0
239000.0,240.0,9.05,714.0,0.97,54.0,1.0,0,0,0,1,0,0,1,0,0,0,1,0,0,1
448000.0,120.0,10.58,757.0,4.19,59.0,3.0,0,1,0,0,0,0,0,0,0,1,0,0,0,0
213000.0,240.0,11.74,688.0,1.59,45.0,1.0,0,1,0,0,0,0,0,0,0,0,0,0,0,0
959000.0,24.0,9.23,728.0,0.0,55.0,2.0,0,1,0,0,0,0,0,0,1,0,0,1,0,1
505000.0,12.0,11.44,628.0,17.51,29.0,2.0,0,1,0,0,0,0,1,0,0,0,0,1,1,0
923000.0,240.0,10.27,790.0,2.5,49.0,3.0,0,0,0,1,0,0,0,0,0,0,0,0,0,1
469000.0,36.0,10.34,664.0,4.11,29.0,4.0,0,0,0,1,0,1,0,0,0,0,1,0,1,0
684000.0,12.0,9.52,767.0,4.14,48.0,4.0,0,0,1,0,0,0,0,0,0,0,0,1,0,1
192000.0,24.0,11.3,802.0,13.08,55.0,3.0,0,0,1,0,0,1,0,0,0,0,0,0,1,0
450000.0,12.0,7.08,780.0,5.28,52.0,1.0,1,1,0,0,0,0,0,0,1,0,1,0,1,0
580000.0,240.0,13.19,638.0,5.5,39.0,2.0,0,0,0,0,1,0,0,0,0,0,0,0,1,0
100000.0,12.0,9.5,655.0,18.88,50.0,1.0,0,1,0,0,0,0,0,1,0,0,1,0,0,1
100000.0,36.0,12.37,719.0,0.0,50.0,0.0,0,0,0,0,0,0,0,0,1,0,0,1,0,0
487000.0,36.0,7.02,685.0,10.81,36.0,2.0,0,1,0,0,0,0,0,1,0,0,0,1,0,1
440000.0,120.0,9.52,722.0,4.81,25.0,4.0,0,0,0,0,1,0,0,1,0,0,1,0,1,0
356000.0,120.0,9.17,777.0,10.69,60.0,4.0,0,0,0,0,0,0,0,0,0,1,1,0,0,1
905000.0,240.0,11.55,737.0,5.4,64.0,4.0,0,0,0,0,1,1,0,0,0,0,1,0,0,1
156000.0,120.0,10.99,775.0,11.53,30.0,3.0,0,1,0,0,0,1,0,0,0,0,1,0,0,0
573000.0,12.0,11.57,695.0,3.55,63.0,2.0,0,0,0,0,0,1,0,0,0,0,1,0,0,1
261000.0,360.0,11.27,707.0,4.72,54.0,4.0,0,0,0,1,0,0,0,1,0,0,1,0,1,0
782000.0,360.0,7.0,720.0,11.22,41.0,1.0,0,1,0,0,0,0,1,0,0,0,0,0,0,1
845000.0,360.0,9.36,712.0,15.0,62.0,0.0,0,0,0,0,1,1,0,0,0,0,1,0,0,1
771000.0,24.0,10.1,695.0,4.66,27.0,3.0,0,0,1,0,0,0,0,1,0,0,1,0,0,1
803000.0,12.0,8.55,724.0,1.22,29.0,1.0,0,0,1,0,0,0,0,1,0,0,1,0,0,1
501000.0,240.0,9.01,667.0,0.0,23.0,3.0,0,0,0,1,0,0,0,0,0,1,0,1,0,1
416000.0,36.0,7.0,679.0,13.21,23.0,3.0,0,0,0,0,0,0,0,0,0,1,0,1,0,1
268000.0,240.0,8.08,739.0,2.16,23.0,2.0,0,0,0,0,1,1,0,0,0,0,0,1,1,0
296000.0,24.0,9.05,722.0,9.77,39.0,2.0,0,1,0,0,0,0,1,0,0,0,0,1,0,0
645000.0,240.0,10.69,718.0,0.57,35.0,2.0,0,0,1,0,0,0,0,0,1,0,0,0,1,0
110000.0,360.0,9.92,758.0,8.65,63.0,2.0,0,0,0,1,0,0,0,0,0,1,0,0,0,0
493000.0,240.0,10.32,703.0,4.04,35.0,2.0,0,0,0,0,0,1,0,0,0,0,1,0,0,1
538000.0,24.0,14.34,762.0,0.0,42.0,1.0,0,1,0,0,0,0,0,0,1,0,0,1,0,1
395000.0,24.0,11.71,696.0,13.26,45.0,2.0,0,0,0,1,0,0,1,0,0,0,0,1,0,1
122000.0,12.0,12.79,720.0,7.17,25.0,0.0,0,0,0,0,1,0,0,1,0,0,0,1,0,1
712000.0,12.0,9.84,710.0,3.72,49.0,4.0,0,0,0,0,1,0,0,0,0,0,1,0,0,0
404000.0,240.0,12.5,635.0,7.94,25.0,3.0,0,0,0,1,0,0,1,0,0,0,0,0,0,1
576000.0,360.0,8.51,740.0,4.38,50.0,0.0,0,0,0,1,0,0,0,1,0,0,1,0,0,0
691000.0,240.0,7.43,763.0,6.45,39.0,2.0,0,0,0,0,1,0,0,0,0,0,1,0,0,0
151000.0,24.0,10.16,695.0,0.9,32.0,3.0,1,0,0,0,0,1,0,0,0,0,0,1,0,0
304000.0,60.0,10.43,699.0,6.64,64.0,1.0,0,0,0,0,0,0,1,0,0,0,1,0,1,0
681000.0,12.0,8.8,652.0,9.21,60.0,1.0,0,0,0,0,1,0,0,0,1,0,0,1,0,1
498000.0,12.0,10.87,695.0,11.14,43.0,2.0,0,0,0,1,0,0,0,0,1,0,1,0,0,1
872000.0,360.0,12.36,698.0,2.88,43.0,4.0,0,0,0,0,1,1,0,0,0,0,0,1,1,0
599000.0,240.0,7.88,744.0,6.59,50.0,1.0,0,0,0,1,0,0,0,0,1,0,0,1,0,1
1173000.0,36.0,11.93,669.0,7.0,48.0,1.0,0,0,1,0,0,0,0,0,1,0,0,0,1,0
216000.0,24.0,10.21,680.0,6.32,65.0,2.0,0,0,1,0,0,0,0,0,1,0,0,0,0,0
391000.0,240.0,8.7,779.0,3.68,21.0,2.0,0,1,0,0,0,1,0,0,0,0,0,1,0,1
793000.0,60.0,8.69,663.0,3.46,30.0,2.0,0,0,0,1,0,0,0,0,1,0,1,0,1,0
563000.0,120.0,10.8,701.0,6.09,54.0,4.0,0,1,0,0,0,0,1,0,0,0,0,0,0,1
745000.0,120.0,9.15,735.0,1.74,49.0,1.0,0,0,0,1,0,1,0,0,0,0,1,0,0,0
777000.0,60.0,12.18,660.0,3.66,44.0,0.0,0,0,0,0,1,0,0,0,0,1,0,1,0,0
100000.0,240.0,10.21,679.0,9.07,42.0,2.0,0,0,0,0,0,0,1,0,0,0,0,0,0,0
1030000.0,12.0,9.59,610.0,0.0,48.0,3.0,0,0,1,0,0,0,0,1,0,0,0,0,0,0
400000.0,60.0,9.05,685.0,3.99,37.0,1.0,0,1,0,0,0,0,1,0,0,0,0,1,0,1
434000.0,240.0,10.56,670.0,6.58,28.0,3.0,0,0,0,0,0,1,0,0,0,0,1,0,0,0
434000.0,120.0,9.53,696.0,8.28,44.0,1.0,0,0,0,0,0,1,0,0,0,0,0,1,1,0
118000.0,120.0,11.46,651.0,6.89,21.0,1.0,0,0,0,0,1,0,0,0,1,0,0,1,0,1
764000.0,360.0,8.73,782.0,20.0,22.0,2.0,0,1,0,0,0,0,0,0,0,1,0,1,0,1
439000.0,60.0,9.29,591.0,10.57,53.0,3.0,0,0,0,0,0,0,0,1,0,0,0,0,0,1
100000.0,24.0,7.0,805.0,10.63,62.0,4.0,0,0,0,1,0,0,0,0,0,1,0,0,0,1
418000.0,12.0,10.62,782.0,15.78,46.0,3.0,0,1,0,0,0,0,0,0,1,0,1,0,0,0
529000.0,120.0,11.42,761.0,5.04,39.0,1.0,0,0,0,0,0,1,0,0,0,0,0,0,0,1
752000.0,120.0,8.74,646.0,13.9,65.0,3.0,0,1,0,0,0,0,0,0,1,0,0,1,1,0
310000.0,24.0,11.85,704.0,20.68,56.0,4.0,0,0,0,0,1,0,0,1,0,0,0,1,0,0
485000.0,240.0,10.52,714.0,7.72,21.0,0.0,0,0,0,1,0,0,0,0,1,0,1,0,0,1
256000.0,360.0,8.88,669.0,6.25,29.0,3.0,0,1,0,0,0,0,0,0,1,0,0,1,0,0
100000.0,12.0,12.22,684.0,5.96,46.0,2.0,0,0,1,0,0,1,0,0,0,0,0,0,1,0
100000.0,24.0,8.87,717.0,17.79,34.0,4.0,0,0,0,0,0,0,0,0,1,0,0,0,0,0
524000.0,36.0,12.09,592.0,16.61,43.0,3.0,0,0,0,0,1,1,0,0,0,0,0,1,0,0
494000.0,60.0,10.01,633.0,9.19,52.0,2.0,0,1,0,0,0,1,0,0,0,0,0,0,0,1
100000.0,60.0,13.18,738.0,5.79,31.0,0.0,0,0,0,1,0,0,0,0,0,0,0,1,0,0
117000.0,12.0,11.54,604.0,10.63,54.0,0.0,0,0,1,0,0,0,1,0,0,0,1,0,0,0
217000.0,240.0,9.81,620.0,4.57,64.0,1.0,0,1,0,0,0,0,0,0,0,0,0,1,1,0
687000.0,240.0,10.37,700.0,3.73,53.0,4.0,0,1,0,0,0,1,0,0,0,0,1,0,0,1
392000.0,36.0,11.47,677.0,1.42,61.0,3.0,0,0,0,0,0,0,0,0,1,0,0,1,1,0
874000.0,360.0,11.25,674.0,9.94,43.0,1.0,0,0,1,0,0,0,0,0,1,0,0,0,1,0
577000.0,24.0,9.59,732.0,7.74,26.0,1.0,0,0,1,0,0,0,1,0,0,0,0,1,0,0
666000.0,120.0,10.51,752.0,3.12,27.0,3.0,0,1,0,0,0,0,0,0,1,0,0,0,1,0
270000.0,24.0,8.69,675.0,4.44,49.0,3.0,0,0,1,0,0,0,0,1,0,0,1,0,0,1
481000.0,360.0,8.88,716.0,9.33,50.0,2.0,0,0,1,0,0,0,0,0,0,1,0,1,0,1
318000.0,12.0,12.15,742.0,3.19,53.0,0.0,0,1,0,0,0,0,1,0,0,0,1,0,0,1
761000.0,240.0,11.19,765.0,4.86,39.0,0.0,0,1,0,0,0,0,0,0,0,1,0,1,1,0
309000.0,240.0,10.27,670.0,8.5,44.0,3.0,0,0,0,1,0,0,0,0,0,1,1,0,1,0
100000.0,360.0,10.36,687.0,4.18,31.0,2.0,0,0,1,0,0,0,0,1,0,0,1,0,0,1
288000.0,120.0,12.41,691.0,1.69,31.0,1.0,1,0,0,0,0,0,0,0,0,0,0,0,1,0
501000.0,36.0,9.06,740.0,7.36,34.0,4.0,0,0,1,0,0,0,1,0,0,0,0,1,0,1
513000.0,60.0,8.4,669.0,3.5,38.0,3.0,0,0,0,1,0,0,0,0,0,1,0,0,0,1
757000.0,60.0,7.2,661.0,0.0,46.0,2.0,0,0,0,1,0,0,0,1,0,0,0,0,1,0
1251000.0,60.0,7.9,670.0,4.77,57.0,4.0,0,0,1,0,0,1,0,0,0,0,0,1,0,1
287000.0,36.0,11.32,717.0,1.54,63.0,1.0,0,0,0,0,1,0,0,0,1,0,1,0,0,1
484000.0,240.0,10.72,662.0,10.36,47.0,2.0,0,0,1,0,0,1,0,0,0,0,0,1,0,0
728000.0,36.0,9.68,782.0,2.81,58.0,2.0,0,1,0,0,0,0,0,1,0,0,1,0,0,1
100000.0,240.0,11.19,726.0,3.37,51.0,2.0,0,0,0,0,1,0,0,0,1,0,0,1,0,1
712000.0,36.0,7.63,730.0,4.98,44.0,0.0,0,1,0,0,0,0,0,0,1,0,0,1,1,0
320000.0,12.0,9.86,678.0,5.67,45.0,2.0,0,0,1,0,0,0,0,0,1,0,0,0,0,1
326000.0,360.0,11.84,798.0,2.48,35.0,0.0,0,0,0,0,1,0,0,1,0,0,0,0,0,0
618000.0,24.0,12.14,623.0,13.56,47.0,2.0,0,1,0,0,0,0,0,0,0,0,0,1,0,1
461000.0,60.0,9.34,626.0,6.57,57.0,3.0,0,0,0,0,1,0,0,0,0,0,0,1,0,0
631000.0,120.0,11.72,834.0,11.24,45.0,1.0,0,0,0,1,0,0,0,0,0,0,1,0,1,0
424000.0,12.0,9.29,644.0,5.5,31.0,3.0,0,0,0,1,0,0,0,0,0,0,1,0,0,0
616000.0,120.0,9.07,672.0,9.14,53.0,4.0,0,0,0,0,0,0,1,0,0,0,0,1,0,1
771000.0,12.0,13.18,762.0,7.47,25.0,1.0,0,0,0,0,0,0,0,1,0,0,1,0,0,1
445000.0,240.0,12.1,714.0,1.53,31.0,0.0,0,0,0,0,1,1,0,0,0,0,0,1,0,1
617000.0,24.0,9.97,661.0,6.56,30.0,3.0,0,0,0,1,0,0,0,0,1,0,0,0,1,0
344000.0,240.0,10.44,719.0,4.64,57.0,2.0,0,0,0,0,1,0,0,0,0,1,0,0,1,0
1024000.0,36.0,9.33,669.0,8.3,61.0,1.0,0,0,1,0,0,1,0,0,0,0,0,1,1,0
208000.0,12.0,12.06,695.0,13.98,61.0,1.0,0,1,0,0,0,0,0,0,0,0,0,0,1,0
639000.0,24.0,7.53,673.0,5.77,62.0,1.0,0,0,0,0,0,0,0,0,0,0,0,1,0,0
1039000.0,120.0,10.91,713.0,5.85,50.0,0.0,0,0,0,1,0,1,0,0,0,0,1,0,1,0
1127000.0,24.0,14.1,714.0,2.9,59.0,1.0,0,0,1,0,0,0,0,0,0,1,0,1,1,0
461000.0,36.0,10.12,615.0,0.0,30.0,1.0,0,0,1,0,0,0,0,0,1,0,0,1,0,1
587000.0,240.0,10.05,741.0,1.62,27.0,4.0,0,0,0,0,0,0,0,0,1,0,0,0,0,1
257000.0,120.0,14.42,755.0,18.36,48.0,0.0,0,0,0,1,0,0,0,0,0,0,0,1,0,0
605000.0,120.0,10.93,793.0,8.38,26.0,2.0,0,1,0,0,0,0,1,0,0,0,1,0,1,0
182000.0,240.0,7.0,728.0,9.65,49.0,2.0,0,0,0,1,0,0,0,0,0,1,0,0,0,1
833000.0,12.0,11.06,742.0,7.36,61.0,0.0,0,0,1,0,0,0,0,1,0,0,0,0,1,0
503000.0,60.0,11.63,630.0,6.46,58.0,4.0,0,1,0,0,0,0,0,0,1,0,0,0,1,0
717000.0,60.0,9.39,723.0,11.85,59.0,2.0,0,0,0,1,0,1,0,0,0,0,0,0,0,0
183000.0,36.0,10.66,670.0,0.41,49.0,1.0,0,0,0,1,0,1,0,0,0,0,0,0,1,0
458000.0,36.0,10.47,723.0,0.0,51.0,1.0,0,0,0,1,0,0,1,0,0,0,0,0,0,1
864000.0,12.0,10.48,728.0,0.0,23.0,1.0,0,0,0,1,0,0,0,0,0,1,0,1,1,0
280000.0,24.0,13.98,700.0,2.99,50.0,1.0,0,0,0,1,0,0,1,0,0,0,0,1,1,0
526000.0,12.0,11.45,715.0,5.41,30.0,2.0,0,0,0,0,0,0,1,0,0,0,1,0,1,0
435000.0,120.0,13.25,738.0,3.78,39.0,2.0,0,0,0,0,0,0,0,0,1,0,0,0,0,0
748000.0,360.0,10.77,704.0,3.29,48.0,2.0,0,0,1,0,0,0,0,0,0,1,1,0,0,0
350000.0,120.0,11.66,748.0,19.67,55.0,1.0,0,0,0,0,1,1,0,0,0,0,0,0,1,0
925000.0,360.0,12.17,756.0,3.07,33.0,0.0,0,0,1,0,0,1,0,0,0,0,0,0,0,1
115000.0,360.0,10.28,709.0,1.34,26.0,0.0,0,0,0,1,0,0,0,0,0,1,0,0,1,0
100000.0,60.0,12.31,754.0,4.76,59.0,4.0,0,1,0,0,0,0,0,1,0,0,1,0,0,1
477000.0,360.0,9.44,607.0,3.48,61.0,0.0,0,0,1,0,0,1,0,0,0,0,0,0,1,0
122000.0,120.0,10.28,662.0,5.57,49.0,2.0,0,1,0,0,0,0,0,0,0,1,0,0,1,0
100000.0,360.0,11.08,674.0,12.47,60.0,3.0,0,0,1,0,0,0,0,0,0,1,0,0,0,1
514000.0,60.0,11.59,680.0,5.28,35.0,4.0,0,0,0,0,1,0,0,0,0,0,0,1,0,1
543000.0,120.0,10.54,738.0,6.77,36.0,4.0,0,1,0,0,0,0,0,0,0,1,0,0,1,0
615000.0,24.0,13.18,670.0,10.36,57.0,2.0,0,0,0,0,0,0,0,0,0,0,0,0,1,0
503000.0,12.0,8.17,689.0,7.28,54.0,0.0,0,0,0,0,1,1,0,0,0,0,1,0,0,0
566000.0,12.0,11.03,784.0,2.25,26.0,4.0,0,0,0,0,0,0,0,1,0,0,0,1,1,0
493000.0,12.0,11.93,697.0,5.68,51.0,3.0,0,0,0,0,1,0,0,0,0,1,1,0,0,0
171000.0,24.0,7.0,734.0,6.95,54.0,2.0,0,0,1,0,0,1,0,0,0,0,1,0,1,0
614000.0,24.0,10.82,705.0,1.71,47.0,4.0,0,0,0,1,0,0,0,0,1,0,0,0,0,1
105000.0,360.0,7.13,665.0,4.81,49.0,3.0,0,0,1,0,0,0,0,0,0,0,0,1,0,0
155000.0,36.0,11.38,649.0,11.85,37.0,1.0,0,0,0,0,0,0,0,0,0,0,0,1,0,1
232000.0,360.0,10.72,652.0,6.55,28.0,0.0,0,0,0,0,1,0,0,1,0,0,0,1,0,0
290000.0,240.0,10.16,791.0,4.47,48.0,3.0,0,0,0,0,1,0,0,0,0,1,0,0,1,0
384000.0,60.0,7.02,750.0,5.21,57.0,0.0,0,1,0,0,0,1,0,0,0,0,0,1,0,0
291000.0,60.0,11.75,677.0,13.22,51.0,3.0,1,0,0,0,0,0,0,0,1,0,0,0,0,0
179000.0,12.0,10.56,696.0,9.77,42.0,4.0,0,1,0,0,0,0,0,0,0,0,0,1,0,1
292000.0,36.0,8.34,633.0,2.49,27.0,0.0,0,0,0,0,1,0,0,0,0,0,0,0,0,1
382000.0,60.0,9.54,727.0,10.54,25.0,2.0,0,0,0,0,1,0,0,1,0,0,0,1,0,0
100000.0,60.0,10.72,741.0,4.07,47.0,0.0,0,0,1,0,0,0,1,0,0,0,1,0,0,1
226000.0,12.0,7.83,679.0,5.92,41.0,1.0,0,0,0,0,1,0,0,0,0,1,0,0,0,1
228000.0,24.0,9.13,699.0,7.78,38.0,0.0,0,0,1,0,0,0,0,1,0,0,0,0,1,0
139000.0,360.0,8.62,682.0,8.26,22.0,3.0,0,0,0,0,0,1,0,0,0,0,1,0,0,0
504000.0,24.0,9.49,666.0,8.56,35.0,0.0,0,1,0,0,0,1,0,0,0,0,1,0,1,0
699000.0,36.0,7.79,750.0,8.07,53.0,2.0,0,0,0,0,0,1,0,0,0,0,1,0,0,0
100000.0,360.0,9.27,758.0,6.61,27.0,0.0,0,1,0,0,0,0,0,1,0,0,1,0,0,1
100000.0,36.0,8.84,704.0,0.0,45.0,3.0,0,0,0,0,0,0,1,0,0,0,0,1,0,1
554000.0,24.0,9.75,715.0,16.1,59.0,3.0,0,1,0,0,0,0,0,1,0,0,1,0,0,1
510000.0,12.0,13.88,681.0,12.15,43.0,3.0,0,0,0,0,0,1,0,0,0,0,1,0,0,0
282000.0,360.0,8.35,721.0,0.0,55.0,2.0,0,1,0,0,0,1,0,0,0,0,0,0,1,0
669000.0,240.0,10.52,696.0,6.25,59.0,2.0,0,0,0,0,1,0,0,0,0,1,0,1,1,0
764000.0,24.0,11.65,627.0,9.0,63.0,2.0,0,0,1,0,0,0,1,0,0,0,0,1,1,0
390000.0,60.0,9.94,737.0,2.73,61.0,0.0,0,1,0,0,0,0,0,1,0,0,1,0,0,0
940000.0,240.0,12.84,719.0,11.35,45.0,2.0,0,0,1,0,0,0,0,0,0,1,1,0,1,0
664000.0,120.0,11.53,659.0,7.66,27.0,0.0,0,1,0,0,0,0,0,0,0,1,0,1,0,0
676000.0,60.0,14.33,702.0,14.4,37.0,1.0,0,0,0,0,1,0,0,1,0,0,0,1,0,0
387000.0,60.0,7.0,753.0,4.8,34.0,0.0,0,1,0,0,0,0,0,0,0,1,1,0,1,0
100000.0,240.0,11.72,721.0,11.96,38.0,1.0,0,0,0,0,0,0,0,1,0,0,0,0,0,0
731000.0,24.0,9.97,829.0,5.53,39.0,2.0,0,0,1,0,0,0,0,0,1,0,0,1,0,0
462000.0,24.0,12.98,781.0,0.51,36.0,2.0,0,0,0,0,0,0,0,0,0,1,0,0,0,0
505000.0,120.0,13.46,658.0,0.34,26.0,4.0,0,0,1,0,0,1,0,0,0,0,0,0,0,1
243000.0,120.0,14.43,703.0,2.92,40.0,1.0,0,0,0,1,0,0,1,0,0,0,1,0,1,0
529000.0,360.0,13.29,632.0,3.18,50.0,1.0,0,0,0,0,1,0,0,0,0,0,0,0,0,0
207000.0,12.0,11.18,681.0,10.38,22.0,4.0,0,0,0,0,0,0,1,0,0,0,0,1,0,1
134000.0,60.0,10.6,711.0,5.73,46.0,3.0,0,0,0,1,0,0,1,0,0,0,0,0,1,0
784000.0,120.0,10.22,712.0,6.51,38.0,3.0,0,0,0,1,0,0,1,0,0,0,0,0,1,0
823000.0,120.0,10.05,663.0,0.0,57.0,0.0,0,0,1,0,0,0,0,0,0,0,0,0,0,1
613000.0,120.0,9.77,679.0,5.86,43.0,4.0,0,0,1,0,0,0,0,0,0,1,0,0,0,1
662000.0,60.0,7.0,715.0,5.56,49.0,1.0,0,0,0,0,0,0,0,1,0,0,1,0,1,0
588000.0,120.0,11.22,672.0,7.18,36.0,1.0,0,0,0,0,1,1,0,0,0,0,1,0,0,1
147000.0,36.0,12.12,615.0,2.52,47.0,0.0,0,0,0,0,1,0,1,0,0,0,1,0,1,0
846000.0,12.0,9.84,709.0,5.31,50.0,0.0,0,0,1,0,0,1,0,0,0,0,1,0,1,0
494000.0,120.0,11.82,760.0,2.07,26.0,1.0,0,0,0,0,0,0,1,0,0,0,0,1,1,0
341000.0,240.0,12.44,750.0,5.8,38.0,0.0,0,0,0,1,0,0,0,0,0,1,1,0,0,1
1065000.0,120.0,11.44,570.0,6.66,51.0,4.0,0,0,0,1,0,1,0,0,0,0,1,0,0,1
634000.0,60.0,11.17,712.0,4.48,56.0,2.0,0,0,1,0,0,0,0,0,0,1,0,1,1,0
772000.0,12.0,10.13,741.0,5.74,54.0,0.0,0,0,1,0,0,0,0,0,0,0,1,0,1,0
725000.0,240.0,11.09,737.0,13.19,27.0,0.0,0,0,1,0,0,0,1,0,0,0,0,1,1,0
879000.0,360.0,12.74,683.0,6.32,21.0,3.0,0,0,0,1,0,0,0,0,0,1,0,1,1,0
287000.0,240.0,8.02,644.0,4.02,37.0,4.0,0,0,0,0,0,0,1,0,0,0,0,0,0,1
100000.0,36.0,9.61,675.0,17.68,30.0,4.0,0,0,0,0,0,0,0,1,0,0,0,0,0,1
614000.0,24.0,9.83,734.0,17.16,37.0,0.0,0,0,0,1,0,0,0,0,0,1,0,0,0,1
869000.0,120.0,12.09,701.0,6.8,32.0,0.0,0,1,0,0,0,1,0,0,0,0,1,0,0,0
191000.0,60.0,11.64,636.0,0.0,51.0,3.0,0,0,0,0,0,0,0,0,1,0,0,0,0,1
451000.0,36.0,7.76,741.0,4.03,63.0,4.0,0,0,0,1,0,0,0,1,0,0,1,0,1,0
393000.0,360.0,12.87,744.0,3.05,24.0,4.0,0,0,0,0,1,1,0,0,0,0,1,0,0,1
364000.0,240.0,10.05,735.0,0.0,63.0,4.0,0,0,0,0,0,0,1,0,0,0,0,0,0,1
384000.0,36.0,9.22,630.0,7.32,61.0,3.0,0,1,0,0,0,0,0,1,0,0,0,1,0,0
277000.0,36.0,12.06,765.0,12.31,29.0,4.0,0,0,1,0,0,0,0,0,0,1,0,0,0,1
100000.0,36.0,12.21,660.0,10.62,54.0,1.0,0,0,0,1,0,0,0,0,1,0,0,0,0,1
178000.0,240.0,13.29,711.0,1.59,39.0,2.0,0,0,1,0,0,0,0,0,0,1,0,1,0,1
100000.0,24.0,8.27,713.0,8.06,37.0,3.0,0,0,0,1,0,0,0,0,0,0,0,1,0,1
418000.0,120.0,7.94,718.0,0.0,50.0,1.0,0,1,0,0,0,0,0,1,0,0,0,1,1,0
453000.0,360.0,10.46,658.0,6.16,42.0,0.0,0,1,0,0,0,1,0,0,0,0,1,0,0,0
227000.0,240.0,12.06,698.0,11.36,48.0,4.0,0,0,0,0,1,0,0,0,1,0,0,0,1,0
126000.0,24.0,7.54,668.0,7.04,50.0,3.0,0,0,0,0,0,1,0,0,0,0,0,0,0,1
532000.0,120.0,9.51,701.0,0.0,39.0,1.0,0,0,0,1,0,0,1,0,0,0,1,0,0,0
599000.0,360.0,10.81,689.0,3.85,50.0,2.0,0,0,0,0,1,0,1,0,0,0,0,0,1,0
797000.0,360.0,7.58,726.0,6.82,24.0,2.0,0,0,0,0,0,0,0,0,0,0,1,0,0,1
656000.0,36.0,10.9,641.0,4.19,58.0,4.0,0,0,0,0,1,0,0,0,0,0,0,1,0,1
844000.0,36.0,9.48,764.0,6.08,50.0,2.0,0,1,0,0,0,0,0,1,0,0,1,0,0,0
140000.0,60.0,11.86,797.0,8.57,57.0,2.0,0,0,0,0,0,0,0,0,0,0,0,0,1,0
559000.0,12.0,7.73,675.0,2.58,51.0,0.0,0,1,0,0,0,1,0,0,0,0,0,1,0,1
837000.0,24.0,9.6,693.0,14.11,21.0,0.0,0,0,0,0,1,0,0,0,0,0,0,0,0,0
411000.0,36.0,8.02,643.0,3.65,23.0,2.0,0,0,0,0,1,0,0,0,0,0,0,0,1,0
621000.0,360.0,7.58,705.0,11.59,27.0,3.0,0,0,0,0,1,0,0,0,1,0,1,0,1,0
865000.0,360.0,8.21,651.0,6.58,34.0,2.0,0,0,0,1,0,0,0,0,1,0,0,1,1,0
561000.0,24.0,10.71,574.0,4.8,45.0,4.0,0,0,0,0,0,0,1,0,0,0,0,1,1,0
1027000.0,24.0,9.46,593.0,16.85,63.0,1.0,0,0,1,0,0,0,1,0,0,0,0,0,0,0
100000.0,120.0,11.43,643.0,2.53,31.0,2.0,0,0,0,0,0,0,0,0,0,0,0,1,0,1
526000.0,36.0,11.34,634.0,0.0,37.0,0.0,0,0,0,0,0,1,0,0,0,0,1,0,1,0
663000.0,60.0,11.41,741.0,5.19,24.0,2.0,0,1,0,0,0,1,0,0,0,0,0,0,0,0
100000.0,12.0,13.04,688.0,5.31,24.0,1.0,0,0,0,0,0,0,0,0,0,0,0,0,0,0
199000.0,24.0,11.1,685.0,6.99,45.0,2.0,0,0,0,0,1,1,0,0,0,0,1,0,0,0
550000.0,24.0,9.41,755.0,9.94,55.0,3.0,0,0,0,0,1,0,0,1,0,0,0,1,0,1
111000.0,120.0,10.02,724.0,3.65,57.0,2.0,0,0,0,0,1,1,0,0,0,0,1,0,0,1
824000.0,36.0,9.94,688.0,5.69,46.0,2.0,0,0,0,0,0,0,1,0,0,0,0,1,0,0
424000.0,24.0,9.4,650.0,6.38,62.0,1.0,0,0,1,0,0,0,1,0,0,0,0,0,0,0
735000.0,360.0,10.84,649.0,5.58,30.0,4.0,0,0,0,1,0,1,0,0,0,0,0,0,0,0
508000.0,24.0,10.05,708.0,5.77,62.0,0.0,0,0,0,0,0,0,0,1,0,0,0,1,0,0
447000.0,360.0,7.91,728.0,3.93,63.0,1.0,0,1,0,0,0,0,1,0,0,0,0,1,0,0
554000.0,24.0,14.11,599.0,0.0,48.0,0.0,0,0,1,0,0,0,0,1,0,0,0,0,0,1
641000.0,24.0,12.1,696.0,6.9,32.0,0.0,0,0,0,0,1,0,1,0,0,0,0,0,0,0
693000.0,120.0,15.31,622.0,16.36,32.0,3.0,0,0,0,0,1,0,0,0,0,0,0,0,0,1
100000.0,240.0,12.5,725.0,11.85,43.0,0.0,0,0,0,0,1,0,1,0,0,0,1,0,1,0
804000.0,120.0,10.98,628.0,6.61,34.0,0.0,0,0,0,0,1,0,0,0,1,0,0,0,0,0
734000.0,360.0,10.21,648.0,1.63,22.0,4.0,0,0,0,1,0,0,0,1,0,0,1,0,0,1
386000.0,120.0,10.1,692.0,2.74,49.0,3.0,0,1,0,0,0,0,0,0,1,0,1,0,1,0
300000.0,60.0,11.53,697.0,0.43,39.0,0.0,0,0,0,1,0,0,0,0,0,0,0,0,1,0
578000.0,240.0,8.85,636.0,8.2,63.0,4.0,0,0,1,0,0,0,0,1,0,0,1,0,0,0
670000.0,12.0,12.65,749.0,15.6,36.0,1.0,0,0,0,1,0,0,0,0,0,1,1,0,0,1
634000.0,24.0,10.24,632.0,0.0,62.0,2.0,0,0,1,0,0,0,0,1,0,0,1,0,0,0
286000.0,60.0,11.83,666.0,4.79,30.0,2.0,0,1,0,0,0,0,0,1,0,0,0,0,0,0
314000.0,24.0,10.58,744.0,5.41,62.0,3.0,0,0,1,0,0,0,0,0,1,0,1,0,0,1
1062000.0,120.0,11.55,708.0,5.73,51.0,0.0,0,1,0,0,0,0,0,0,0,1,0,1,1,0
1039000.0,60.0,10.28,697.0,4.64,38.0,2.0,0,0,0,0,1,0,0,0,1,0,0,0,0,0
469000.0,36.0,13.89,675.0,3.34,58.0,1.0,0,1,0,0,0,0,0,0,0,0,1,0,0,0
334000.0,12.0,12.54,622.0,8.64,47.0,2.0,0,0,0,0,0,0,0,0,0,0,0,0,1,0
873000.0,240.0,14.62,640.0,6.69,50.0,4.0,0,0,0,0,0,0,0,0,0,0,1,0,0,0
295000.0,24.0,14.21,691.0,1.11,31.0,1.0,0,1,0,0,0,0,0,0,0,1,0,1,0,0
100000.0,360.0,9.13,680.0,6.28,31.0,0.0,0,0,1,0,0,1,0,0,0,0,1,0,0,0
438000.0,360.0,12.27,644.0,4.27,31.0,3.0,0,0,0,0,1,0,0,0,1,0,0,0,1,0
318000.0,24.0,7.0,726.0,8.04,61.0,2.0,0,0,0,1,0,1,0,0,0,0,0,1,1,0
637000.0,24.0,10.86,803.0,0.82,62.0,2.0,0,1,0,0,0,0,1,0,0,0,0,1,0,0
893000.0,36.0,10.59,694.0,1.0,28.0,3.0,0,0,1,0,0,0,0,1,0,0,1,0,0,1
947000.0,24.0,8.39,674.0,4.59,54.0,2.0,0,0,1,0,0,1,0,0,0,0,0,0,0,0
470000.0,240.0,9.64,719.0,9.85,46.0,2.0,0,0,0,0,0,0,0,0,1,0,1,0,1,0
633000.0,60.0,9.91,733.0,7.14,33.0,0.0,0,0,0,1,0,1,0,0,0,0,1,0,1,0
314000.0,360.0,9.99,798.0,5.89,27.0,2.0,0,0,0,0,1,0,0,0,1,0,1,0,0,0
100000.0,24.0,11.38,653.0,3.49,53.0,3.0,0,0,0,0,0,0,0,0,0,0,1,0,1,0
393000.0,120.0,13.31,700.0,0.19,42.0,0.0,0,0,0,0,1,0,0,0,0,0,1,0,1,0
279000.0,24.0,9.86,711.0,6.46,51.0,1.0,0,0,0,0,0,0,0,0,1,0,0,0,1,0
262000.0,12.0,11.13,714.0,1.42,57.0,4.0,0,0,0,1,0,0,1,0,0,0,0,1,1,0
464000.0,240.0,9.86,731.0,7.98,26.0,3.0,0,0,0,0,0,0,1,0,0,0,0,0,0,0
610000.0,120.0,9.78,677.0,10.02,58.0,0.0,0,0,0,1,0,0,0,0,0,1,0,1,0,0
439000.0,24.0,14.57,676.0,2.16,38.0,0.0,0,1,0,0,0,0,0,0,0,0,0,1,0,1
646000.0,36.0,12.73,703.0,5.95,39.0,3.0,0,0,0,0,1,0,0,0,1,0,0,1,0,1
662000.0,36.0,9.93,714.0,11.92,32.0,0.0,0,0,0,0,0,0,0,0,0,0,1,0,1,0
322000.0,12.0,7.0,711.0,3.41,50.0,1.0,0,0,0,0,0,0,0,0,1,0,1,0,1,0
253000.0,36.0,10.8,684.0,2.53,37.0,0.0,0,1,0,0,0,1,0,0,0,0,0,0,0,0
677000.0,12.0,10.38,790.0,7.8,34.0,4.0,0,0,0,0,0,0,0,1,0,0,1,0,0,0
183000.0,60.0,12.31,763.0,13.61,29.0,4.0,0,0,0,1,0,1,0,0,0,0,1,0,0,0
927000.0,120.0,10.29,563.0,13.3,32.0,3.0,0,0,0,0,0,0,0,0,1,0,0,0,1,0
547000.0,60.0,7.0,604.0,12.5,50.0,3.0,0,1,0,0,0,0,0,1,0,0,1,0,1,0
100000.0,120.0,12.25,670.0,7.27,41.0,3.0,0,0,1,0,0,0,0,1,0,0,0,0,1,0
681000.0,240.0,11.95,647.0,6.27,61.0,4.0,0,0,0,0,1,0,0,0,1,0,0,1,0,0
647000.0,12.0,12.44,823.0,5.36,59.0,0.0,0,0,1,0,0,1,0,0,0,0,1,0,0,1
1063000.0,36.0,12.99,742.0,3.44,57.0,2.0,0,0,0,0,1,0,0,0,0,1,0,0,0,1
380000.0,360.0,12.96,650.0,1.91,21.0,2.0,0,0,0,1,0,0,0,0,1,0,1,0,1,0
686000.0,240.0,10.88,753.0,16.73,22.0,2.0,0,0,0,0,1,0,1,0,0,0,1,0,1,0
595000.0,240.0,7.92,729.0,2.1,51.0,3.0,0,1,0,0,0,0,0,0,0,1,1,0,1,0
354000.0,120.0,14.76,727.0,4.04,48.0,3.0,0,0,0,0,1,0,0,1,0,0,0,0,0,0
632000.0,24.0,12.33,705.0,2.42,36.0,0.0,0,1,0,0,0,0,1,0,0,0,1,0,0,1
136000.0,24.0,10.74,715.0,7.42,21.0,1.0,0,1,0,0,0,1,0,0,0,0,0,0,1,0
646000.0,12.0,8.64,642.0,0.0,39.0,0.0,0,0,0,0,0,0,0,1,0,0,0,0,0,1
764000.0,24.0,14.44,718.0,5.41,27.0,1.0,0,1,0,0,0,0,0,0,0,0,1,0,1,0
886000.0,240.0,12.56,752.0,2.38,57.0,2.0,0,0,0,0,0,0,0,0,1,0,1,0,0,0
602000.0,240.0,8.42,663.0,5.05,32.0,1.0,0,0,1,0,0,0,0,0,0,0,0,1,0,0
286000.0,36.0,10.36,642.0,7.87,40.0,4.0,0,0,0,0,0,0,0,0,1,0,0,1,0,1
218000.0,240.0,12.6,725.0,7.92,44.0,3.0,0,1,0,0,0,0,0,1,0,0,0,1,1,0
540000.0,24.0,8.19,628.0,20.0,33.0,1.0,0,0,0,1,0,0,0,0,1,0,0,1,0,0
669000.0,24.0,10.25,754.0,0.0,47.0,1.0,0,0,0,1,0,0,0,0,1,0,0,1,0,1
846000.0,60.0,10.5,622.0,2.55,30.0,1.0,0,0,0,0,0,0,0,0,0,1,0,0,0,1
820000.0,240.0,11.7,727.0,7.0,31.0,1.0,0,0,0,0,0,0,0,0,0,1,0,0,1,0
388000.0,24.0,7.0,782.0,2.46,47.0,3.0,0,0,0,1,0,0,1,0,0,0,0,1,0,0
100000.0,12.0,9.43,694.0,6.59,64.0,0.0,0,0,0,0,0,0,0,0,0,1,0,1,0,0
545000.0,60.0,11.8,760.0,14.5,35.0,2.0,0,0,1,0,0,0,1,0,0,0,0,1,0,1
176000.0,60.0,10.72,674.0,5.13,58.0,2.0,0,0,0,0,0,0,0,1,0,0,0,1,0,0
643000.0,36.0,13.66,730.0,13.58,58.0,4.0,0,0,0,0,0,0,0,0,0,0,0,1,0,1
341000.0,360.0,12.0,659.0,0.0,55.0,1.0,0,0,1,0,0,1,0,0,0,0,0,1,0,1
329000.0,360.0,9.82,763.0,5.32,21.0,0.0,0,0,0,0,0,0,0,1,0,0,1,0,0,1
184000.0,360.0,11.04,742.0,4.76,28.0,4.0,0,0,0,0,0,1,0,0,0,0,0,0,0,1
681000.0,36.0,11.54,713.0,1.7,23.0,2.0,0,0,0,0,1,1,0,0,0,0,1,0,0,0
486000.0,240.0,9.3,734.0,2.73,41.0,4.0,0,0,0,1,0,0,1,0,0,0,0,1,1,0
126000.0,60.0,12.67,714.0,5.7,25.0,1.0,0,0,0,0,1,0,1,0,0,0,0,0,0,1
436000.0,24.0,15.42,753.0,5.8,63.0,3.0,0,0,0,1,0,0,0,0,0,0,0,1,0,1
1000000.0,360.0,8.71,774.0,7.69,56.0,2.0,0,0,1,0,0,0,0,0,0,1,1,0,1,0
588000.0,120.0,8.86,812.0,5.43,22.0,0.0,0,0,1,0,0,0,0,1,0,0,0,0,0,0
601000.0,120.0,11.33,650.0,2.57,61.0,3.0,0,0,0,0,0,0,0,0,0,1,0,0,0,1
722000.0,12.0,7.65,660.0,7.48,62.0,2.0,0,0,0,0,1,0,0,0,0,1,0,0,1,0
100000.0,24.0,10.11,649.0,4.68,55.0,4.0,0,0,0,1,0,0,0,0,0,1,1,0,0,1
455000.0,12.0,11.92,714.0,0.0,46.0,0.0,0,1,0,0,0,0,0,0,0,1,0,0,0,0
404000.0,12.0,9.96,670.0,0.0,63.0,0.0,0,0,0,1,0,0,1,0,0,0,0,1,0,1
654000.0,24.0,9.82,707.0,12.55,27.0,0.0,0,0,0,0,1,0,0,0,1,0,0,0,0,1
482000.0,12.0,9.52,644.0,12.61,46.0,3.0,0,0,0,0,1,0,1,0,0,0,1,0,0,0
163000.0,12.0,11.55,737.0,0.0,46.0,1.0,0,0,0,0,1,0,0,0,0,0,1,0,1,0
676000.0,12.0,9.4,673.0,5.98,24.0,0.0,0,1,0,0,0,0,0,0,1,0,0,1,0,0
317000.0,12.0,8.58,639.0,6.61,27.0,1.0,0,0,1,0,0,0,0,1,0,0,0,0,0,1
263000.0,36.0,13.01,696.0,8.5,58.0,3.0,0,1,0,0,0,0,1,0,0,0,0,0,0,0
779000.0,360.0,9.69,727.0,6.35,27.0,2.0,0,0,0,0,0,0,0,0,0,1,0,1,1,0
492000.0,24.0,10.34,672.0,7.31,51.0,1.0,0,0,1,0,0,0,0,0,0,0,0,1,0,1
236000.0,36.0,7.74,659.0,6.34,61.0,2.0,0,1,0,0,0,0,0,0,1,0,0,1,0,1
188000.0,360.0,13.25,763.0,5.87,39.0,1.0,0,0,0,0,1,0,0,0,1,0,0,0,1,0
150000.0,240.0,8.69,703.0,15.36,36.0,2.0,0,0,1,0,0,1,0,0,0,0,0,0,0,1
1002000.0,360.0,9.14,680.0,5.17,32.0,0.0,0,1,0,0,0,0,1,0,0,0,0,0,0,0
947000.0,36.0,12.86,715.0,9.86,49.0,3.0,0,0,0,1,0,0,0,0,1,0,0,1,1,0
751000.0,24.0,9.87,652.0,9.04,35.0,2.0,0,0,1,0,0,1,0,0,0,0,0,0,0,1
508000.0,60.0,10.19,707.0,1.94,61.0,2.0,0,0,0,0,1,0,0,0,0,1,1,0,0,0
471000.0,12.0,10.94,649.0,7.03,24.0,1.0,0,0,0,0,1,0,1,0,0,0,0,0,1,0
744000.0,360.0,8.83,724.0,0.0,59.0,3.0,0,1,0,0,0,0,0,1,0,0,0,1,1,0
996000.0,60.0,11.44,739.0,0.0,56.0,3.0,0,0,0,0,0,0,0,0,0,1,0,0,0,1
565000.0,36.0,7.32,637.0,1.2,62.0,2.0,0,0,0,0,0,0,1,0,0,0,0,1,1,0
925000.0,360.0,8.53,617.0,14.06,52.0,1.0,0,0,1,0,0,0,0,0,1,0,1,0,1,0
132000.0,36.0,10.69,697.0,1.86,38.0,2.0,0,0,0,1,0,0,1,0,0,0,1,0,0,0
237000.0,12.0,12.22,684.0,5.28,24.0,2.0,0,0,1,0,0,0,0,1,0,0,0,1,0,0
654000.0,24.0,11.03,712.0,11.38,64.0,4.0,0,1,0,0,0,0,1,0,0,0,0,0,0,0
554000.0,24.0,9.07,694.0,5.76,65.0,2.0,0,0,1,0,0,0,0,0,0,1,0,0,1,0
544000.0,24.0,11.63,750.0,3.87,28.0,1.0,0,0,1,0,0,1,0,0,0,0,0,0,0,0
168000.0,60.0,10.85,726.0,2.68,30.0,1.0,0,1,0,0,0,0,0,1,0,0,0,1,1,0
666000.0,360.0,10.97,642.0,8.38,46.0,3.0,0,1,0,0,0,1,0,0,0,0,0,1,1,0
345000.0,240.0,10.24,673.0,2.6,40.0,4.0,0,1,0,0,0,0,0,1,0,0,0,1,0,0
1024000.0,360.0,10.56,695.0,5.73,38.0,4.0,0,0,1,0,0,0,0,0,1,0,0,0,1,0
408000.0,24.0,10.39,698.0,20.09,50.0,3.0,0,0,0,0,0,0,0,0,1,0,0,1,0,1
452000.0,120.0,12.58,688.0,1.44,28.0,2.0,0,1,0,0,0,0,1,0,0,0,0,0,1,0
440000.0,60.0,9.38,663.0,9.36,55.0,4.0,0,0,0,0,0,1,0,0,0,0,1,0,1,0
886000.0,120.0,8.55,728.0,9.53,35.0,0.0,0,0,0,0,0,1,0,0,0,0,0,1,1,0
787000.0,360.0,12.29,662.0,0.0,27.0,1.0,0,0,1,0,0,0,0,0,0,0,0,0,1,0
498000.0,36.0,10.54,748.0,5.38,39.0,0.0,0,1,0,0,0,0,1,0,0,0,1,0,1,0
949000.0,36.0,10.32,705.0,4.02,23.0,3.0,0,0,0,1,0,1,0,0,0,0,1,0,1,0
485000.0,60.0,13.99,678.0,13.1,21.0,0.0,0,0,1,0,0,0,0,0,0,0,0,0,0,0
641000.0,24.0,8.36,710.0,6.9,39.0,1.0,0,1,0,0,0,0,1,0,0,0,1,0,1,0
507000.0,60.0,9.05,702.0,0.0,35.0,1.0,0,0,0,0,1,0,0,0,0,1,0,0,1,0
848000.0,120.0,13.7,687.0,0.0,59.0,0.0,0,0,0,0,1,0,0,0,1,0,1,0,1,0
233000.0,36.0,9.02,676.0,4.68,43.0,1.0,0,0,1,0,0,0,0,0,1,0,0,0,1,0
100000.0,60.0,9.56,710.0,14.15,58.0,2.0,0,0,0,1,0,1,0,0,0,0,0,0,0,1
463000.0,60.0,9.86,641.0,1.38,38.0,0.0,0,1,0,0,0,0,0,0,0,1,0,1,0,1
695000.0,12.0,13.81,704.0,20.66,52.0,1.0,0,0,1,0,0,1,0,0,0,0,0,1,0,0
766000.0,36.0,12.25,620.0,5.27,46.0,0.0,0,0,0,1,0,0,0,0,0,0,0,0,0,1
464000.0,12.0,7.0,619.0,2.96,49.0,0.0,0,0,0,0,0,0,0,0,0,1,0,0,0,1
417000.0,120.0,12.86,665.0,5.15,43.0,1.0,0,0,0,1,0,0,0,0,0,0,1,0,0,0
101000.0,240.0,12.64,664.0,1.7,64.0,1.0,0,0,0,0,1,0,0,0,1,0,1,0,0,1
839000.0,12.0,8.1,718.0,6.57,60.0,3.0,0,0,0,0,1,0,0,0,0,1,1,0,0,0
560000.0,360.0,9.81,643.0,3.84,24.0,4.0,0,0,0,0,1,0,0,0,1,0,1,0,0,1
322000.0,36.0,14.05,701.0,8.21,48.0,0.0,0,0,0,0,1,0,0,0,0,0,1,0,0,1
665000.0,24.0,14.07,813.0,6.98,65.0,1.0,0,0,0,0,0,1,0,0,0,0,0,1,0,0
631000.0,24.0,11.1,711.0,3.51,63.0,4.0,0,1,0,0,0,0,0,1,0,0,0,1,1,0
629000.0,360.0,7.53,629.0,10.09,24.0,1.0,0,1,0,0,0,0,0,0,1,0,0,0,1,0
710000.0,24.0,8.78,729.0,20.0,36.0,3.0,0,0,0,0,1,0,0,0,0,0,0,1,0,0
204000.0,12.0,8.15,755.0,5.42,56.0,1.0,0,0,0,1,0,0,0,1,0,0,0,1,0,0
563000.0,24.0,11.58,697.0,6.24,38.0,2.0,0,0,0,0,0,0,0,0,0,1,0,0,0,0
663000.0,60.0,10.37,696.0,4.11,62.0,0.0,0,0,0,0,0,0,0,0,1,0,0,1,0,1
511000.0,12.0,12.6,630.0,5.73,58.0,3.0,0,0,1,0,0,0,0,0,0,1,0,1,1,0
691000.0,120.0,7.67,728.0,1.66,38.0,1.0,0,0,0,1,0,0,0,1,0,0,0,0,1,0
749000.0,120.0,10.93,701.0,6.21,52.0,4.0,1,0,0,0,1,0,0,0,1,0,0,0,0,0
577000.0,12.0,7.0,732.0,4.0,51.0,0.0,0,0,0,0,0,0,0,1,0,0,0,1,0,1
707000.0,120.0,8.17,728.0,0.45,47.0,1.0,0,1,0,0,0,0,0,0,0,1,0,0,0,1
765000.0,120.0,11.38,755.0,0.0,60.0,0.0,0,0,1,0,0,0,0,0,0,1,0,0,0,0
434000.0,360.0,8.98,703.0,2.92,64.0,4.0,0,0,0,1,0,0,0,0,1,0,0,1,0,1
696000.0,360.0,12.44,665.0,8.4,35.0,2.0,0,0,1,0,0,0,0,0,0,1,0,1,1,0
322000.0,60.0,11.81,679.0,12.04,45.0,3.0,0,0,1,0,0,1,0,0,0,0,0,1,1,0
658000.0,360.0,11.16,701.0,2.97,58.0,4.0,0,1,0,0,0,0,0,1,0,0,0,0,0,1
100000.0,120.0,10.86,793.0,4.78,48.0,1.0,0,0,0,0,1,1,0,0,0,0,0,0,1,0
1130000.0,24.0,11.98,662.0,11.16,25.0,2.0,0,0,0,0,0,0,0,0,0,1,0,1,0,1
634000.0,360.0,7.2,732.0,2.75,45.0,0.0,0,0,1,0,0,0,0,1,0,0,0,0,1,0
146000.0,12.0,7.19,754.0,3.36,47.0,0.0,0,0,1,0,0,0,1,0,0,0,0,0,0,0
847000.0,60.0,9.41,728.0,6.49,23.0,4.0,0,0,0,0,0,0,0,0,1,0,0,0,1,0
731000.0,120.0,13.1,713.0,2.5,28.0,0.0,0,0,0,0,1,0,0,0,0,0,1,0,1,0
579000.0,60.0,12.76,732.0,3.16,46.0,1.0,0,1,0,0,0,0,0,0,1,0,0,0,0,1
100000.0,36.0,7.75,783.0,0.0,42.0,0.0,0,1,0,0,0,0,0,0,0,1,1,0,1,0
576000.0,12.0,9.44,673.0,13.37,51.0,4.0,0,0,1,0,0,0,0,0,0,0,0,1,1,0
265000.0,36.0,12.27,715.0,5.3,30.0,0.0,0,0,0,0,0,0,1,0,0,0,0,1,0,0
524000.0,360.0,7.0,679.0,5.42,54.0,0.0,0,0,0,0,0,1,0,0,0,0,0,1,1,0
100000.0,360.0,11.28,620.0,3.44,32.0,2.0,0,1,0,0,0,0,0,0,1,0,1,0,0,1
100000.0,120.0,10.77,699.0,7.77,33.0,0.0,0,0,1,0,0,0,0,1,0,0,0,1,0,0
100000.0,36.0,8.07,830.0,13.48,46.0,1.0,0,1,0,0,0,0,0,0,0,0,1,0,0,0
539000.0,60.0,7.51,774.0,0.71,58.0,4.0,0,0,0,0,1,0,1,0,0,0,1,0,0,0
465000.0,36.0,13.45,698.0,7.77,38.0,3.0,0,0,0,0,1,1,0,0,0,0,0,0,1,0
734000.0,12.0,8.9,630.0,3.0,56.0,3.0,0,0,0,0,1,1,0,0,0,0,0,0,1,0
312000.0,60.0,11.76,690.0,0.11,64.0,1.0,0,0,0,0,0,1,0,0,0,0,0,1,0,0
312000.0,240.0,14.38,761.0,6.98,31.0,4.0,0,0,0,0,0,0,1,0,0,0,0,0,0,1
626000.0,24.0,9.73,720.0,3.55,21.0,0.0,0,1,0,0,0,0,1,0,0,0,0,1,1,0
422000.0,36.0,10.63,749.0,0.8,55.0,4.0,0,0,0,1,0,0,0,0,1,0,0,1,0,1
100000.0,120.0,11.51,718.0,10.55,26.0,1.0,0,1,0,0,0,0,0,0,0,0,0,0,0,0
277000.0,240.0,10.75,687.0,9.41,45.0,3.0,0,0,1,0,0,0,0,0,0,0,0,0,1,0
963000.0,360.0,12.97,675.0,5.4,46.0,4.0,0,1,0,0,0,0,0,0,1,0,0,1,1,0
390000.0,240.0,10.17,679.0,8.23,26.0,2.0,0,0,0,1,0,0,0,0,1,0,0,1,1,0
407000.0,12.0,10.2,665.0,13.44,21.0,1.0,0,0,0,1,0,0,0,0,1,0,0,1,0,1
468000.0,360.0,10.41,703.0,0.9,35.0,0.0,0,0,0,0,0,0,0,0,0,0,0,0,0,0
728000.0,120.0,10.88,761.0,3.19,46.0,3.0,0,0,0,0,1,0,0,0,1,0,1,0,1,0
871000.0,120.0,11.35,701.0,5.82,54.0,1.0,0,0,0,0,1,0,0,0,1,0,0,1,0,0
301000.0,120.0,7.0,654.0,14.7,38.0,0.0,0,1,0,0,0,0,0,0,0,1,0,0,0,1
299000.0,12.0,13.23,630.0,12.09,62.0,1.0,0,1,0,0,0,0,0,0,1,0,0,0,1,0
292000.0,60.0,10.11,635.0,2.12,28.0,2.0,0,1,0,0,0,0,1,0,0,0,0,1,0,1
641000.0,12.0,11.44,683.0,0.0,60.0,1.0,0,0,0,0,1,1,0,0,0,0,0,1,0,1
882000.0,240.0,12.24,667.0,6.39,61.0,4.0,0,0,0,1,0,0,0,0,0,0,1,0,0,0
184000.0,360.0,10.13,667.0,4.55,22.0,2.0,0,0,0,0,0,0,0,1,0,0,0,1,0,0
100000.0,24.0,14.28,662.0,3.79,39.0,3.0,0,1,0,0,0,0,0,0,0,0,0,1,0,0
568000.0,36.0,11.35,660.0,5.1,25.0,1.0,0,0,0,1,0,0,0,1,0,0,1,0,0,0
387000.0,36.0,11.46,670.0,3.29,64.0,4.0,0,0,1,0,0,0,0,0,1,0,0,1,0,1
100000.0,24.0,8.29,645.0,1.28,38.0,2.0,0,0,0,1,0,0,1,0,0,0,1,0,0,0
253000.0,360.0,11.04,744.0,16.83,44.0,3.0,0,1,0,0,0,1,0,0,0,0,0,0,0,1
564000.0,240.0,10.79,666.0,0.0,32.0,2.0,0,0,1,0,0,0,1,0,0,0,0,0,0,1
589000.0,60.0,7.95,666.0,1.31,24.0,3.0,0,0,0,0,0,0,0,0,0,1,0,0,1,0
414000.0,60.0,12.18,700.0,14.73,26.0,4.0,0,0,0,0,1,0,0,0,1,0,0,1,0,1
871000.0,12.0,13.15,644.0,6.07,60.0,3.0,0,0,0,0,0,0,1,0,0,0,0,0,0,0
597000.0,240.0,11.81,705.0,16.16,60.0,3.0,0,0,0,0,1,0,0,0,1,0,0,1,1,0
617000.0,120.0,13.2,710.0,3.39,54.0,2.0,0,1,0,0,0,0,0,0,0,1,1,0,0,0
420000.0,60.0,11.15,700.0,13.32,57.0,0.0,0,0,1,0,0,0,1,0,0,0,0,0,0,1
480000.0,240.0,9.02,731.0,5.25,52.0,0.0,0,1,0,0,0,0,0,0,1,0,1,0,0,1
219000.0,12.0,8.32,680.0,10.14,64.0,3.0,0,1,0,0,0,0,0,0,1,0,0,1,1,0
257000.0,120.0,13.68,726.0,2.35,30.0,2.0,0,1,0,0,0,0,0,0,1,0,0,1,1,0
100000.0,36.0,11.09,728.0,4.76,53.0,4.0,0,0,0,1,0,1,0,0,0,0,1,0,0,0
654000.0,60.0,12.68,613.0,4.44,53.0,4.0,0,0,0,0,1,1,0,0,0,0,0,0,0,0
640000.0,12.0,11.52,681.0,0.36,64.0,0.0,0,0,0,1,0,0,0,0,0,1,0,1,0,1
1063000.0,60.0,12.37,733.0,14.02,35.0,2.0,0,0,0,1,0,0,0,1,0,0,0,0,1,0
382000.0,24.0,7.34,704.0,6.83,45.0,0.0,0,0,1,0,0,0,0,0,0,1,0,1,0,0
696000.0,360.0,12.13,762.0,4.78,26.0,4.0,0,0,0,0,0,0,0,1,0,0,0,0,1,0
334000.0,360.0,11.42,701.0,9.65,43.0,2.0,0,0,0,1,0,0,0,0,1,0,0,0,0,0
469000.0,12.0,14.39,616.0,2.45,21.0,1.0,0,0,0,0,0,1,0,0,0,0,0,1,0,0
670000.0,360.0,8.19,595.0,12.13,28.0,3.0,0,0,1,0,0,0,0,0,1,0,1,0,0,0
768000.0,60.0,8.51,764.0,4.83,47.0,1.0,0,0,0,0,0,1,0,0,0,0,0,0,0,1
285000.0,60.0,9.34,731.0,1.58,45.0,2.0,0,0,1,0,0,0,0,0,0,0,0,1,0,0
654000.0,24.0,8.42,667.0,7.61,26.0,4.0,0,1,0,0,0,0,0,0,1,0,1,0,1,0
100000.0,36.0,12.23,661.0,12.54,35.0,2.0,0,1,0,0,0,0,0,1,0,0,0,0,1,0
377000.0,12.0,13.98,686.0,19.86,41.0,3.0,0,0,0,0,0,0,0,1,0,0,1,0,0,1
614000.0,120.0,10.52,675.0,8.68,53.0,4.0,0,0,0,0,0,0,0,0,0,1,0,0,0,0
100000.0,24.0,7.0,630.0,7.71,32.0,2.0,0,0,0,0,0,0,0,0,1,0,0,1,1,0
649000.0,240.0,10.84,661.0,12.86,41.0,3.0,0,1,0,0,0,0,0,0,0,0,0,0,0,1
259000.0,60.0,15.21,725.0,16.99,55.0,1.0,0,0,0,0,1,1,0,0,0,0,0,0,1,0
767000.0,60.0,11.27,820.0,5.78,51.0,0.0,0,0,0,1,0,0,0,0,1,0,0,0,1,0
330000.0,12.0,9.33,673.0,3.63,61.0,0.0,0,1,0,0,0,1,0,0,0,0,1,0,0,0
100000.0,60.0,10.65,666.0,16.61,41.0,3.0,0,0,0,0,0,0,1,0,0,0,0,0,1,0
524000.0,240.0,13.82,661.0,11.71,29.0,4.0,0,0,0,1,0,0,0,0,1,0,1,0,0,1
920000.0,12.0,14.03,718.0,3.1,43.0,4.0,0,0,1,0,0,1,0,0,0,0,0,1,1,0
818000.0,360.0,7.65,625.0,0.0,37.0,3.0,0,0,0,0,0,0,0,0,1,0,0,1,0,0
352000.0,36.0,11.18,745.0,8.3,57.0,3.0,0,0,0,0,1,0,0,0,0,0,0,0,0,0
458000.0,60.0,10.33,818.0,5.95,51.0,0.0,0,0,1,0,0,1,0,0,0,0,0,0,1,0
348000.0,120.0,8.43,810.0,8.26,21.0,1.0,0,0,0,0,0,0,0,1,0,0,0,0,0,1
154000.0,240.0,7.5,615.0,5.19,39.0,1.0,0,0,0,0,0,0,0,0,0,0,1,0,0,0
150000.0,360.0,13.48,753.0,11.94,30.0,3.0,0,0,0,0,1,1,0,0,0,0,0,0,0,0
100000.0,36.0,13.78,649.0,3.86,23.0,2.0,0,0,0,0,0,0,0,0,0,1,0,1,0,1
519000.0,36.0,10.28,791.0,4.74,56.0,1.0,0,0,0,1,0,0,0,0,0,0,1,0,0,0
672000.0,60.0,11.02,613.0,0.0,63.0,4.0,0,1,0,0,0,0,0,0,0,0,1,0,0,1
504000.0,120.0,11.24,796.0,0.41,64.0,3.0,0,1,0,0,0,0,1,0,0,0,0,1,0,0
750000.0,60.0,9.48,728.0,7.54,64.0,0.0,0,0,0,0,1,0,0,1,0,0,0,0,0,1
144000.0,120.0,9.37,668.0,1.26,58.0,4.0,0,0,0,0,1,1,0,0,0,0,1,0,1,0
400000.0,12.0,8.14,654.0,15.54,65.0,3.0,0,0,0,1,0,0,0,0,1,0,1,0,1,0
478000.0,240.0,11.29,675.0,5.0,60.0,4.0,0,0,0,0,0,0,0,0,0,1,1,0,0,1
375000.0,240.0,12.55,661.0,17.0,30.0,0.0,0,0,0,1,0,0,0,1,0,0,0,1,1,0
883000.0,36.0,7.09,674.0,6.24,31.0,0.0,0,0,0,0,1,0,0,0,0,1,0,0,0,1
445000.0,24.0,12.65,627.0,6.94,54.0,1.0,0,0,0,0,1,1,0,0,0,0,1,0,0,0
100000.0,60.0,7.16,654.0,2.34,23.0,2.0,0,0,1,0,0,0,1,0,0,0,0,0,1,0
759000.0,240.0,8.51,713.0,17.51,36.0,0.0,0,0,0,1,0,0,1,0,0,0,1,0,0,1
100000.0,240.0,9.57,747.0,4.05,55.0,3.0,0,0,0,0,0,0,0,0,1,0,1,0,0,1
943000.0,240.0,9.25,708.0,15.95,64.0,1.0,0,0,0,1,0,0,1,0,0,0,0,1,1,0
282000.0,60.0,10.6,681.0,15.81,51.0,3.0,0,0,1,0,0,0,0,1,0,0,1,0,1,0
640000.0,12.0,7.0,569.0,0.0,42.0,1.0,0,0,0,1,0,0,0,0,0,0,1,0,0,0
565000.0,60.0,13.6,645.0,0.94,54.0,2.0,1,1,0,0,0,0,0,1,0,0,0,0,0,1
1035000.0,360.0,9.65,720.0,0.0,52.0,3.0,0,0,0,1,0,1,0,0,0,0,0,1,0,1
594000.0,360.0,14.2,688.0,0.0,46.0,3.0,0,0,1,0,0,0,0,1,0,0,0,1,0,0
249000.0,12.0,12.87,632.0,8.45,50.0,1.0,0,0,0,0,0,0,0,0,0,1,0,0,0,1
654000.0,60.0,7.0,634.0,0.0,53.0,4.0,0,0,0,1,0,0,0,0,1,0,0,0,0,0
792000.0,120.0,11.28,732.0,4.69,38.0,1.0,0,0,0,0,0,0,0,0,0,1,0,1,0,0
899000.0,12.0,10.03,651.0,5.45,28.0,1.0,0,0,1,0,0,0,1,0,0,0,0,1,1,0
608000.0,36.0,7.93,671.0,5.21,56.0,3.0,0,0,0,0,1,0,0,0,0,0,0,1,0,1
1244000.0,240.0,11.32,767.0,6.08,46.0,0.0,0,0,0,0,1,0,0,0,0,0,0,1,1,0
623000.0,360.0,8.23,615.0,0.8,61.0,2.0,0,0,0,0,0,0,0,0,0,0,0,1,1,0
518000.0,12.0,8.57,685.0,8.91,44.0,3.0,0,0,0,1,0,0,0,0,0,1,0,1,0,1
808000.0,120.0,12.29,658.0,3.59,29.0,3.0,0,0,0,1,0,0,1,0,0,0,0,0,0,0
651000.0,36.0,10.68,637.0,13.49,33.0,4.0,0,1,0,0,0,0,0,0,1,0,0,0,0,0
100000.0,60.0,8.16,657.0,3.92,39.0,2.0,0,1,0,0,0,1,0,0,0,0,0,0,0,0
903000.0,360.0,10.91,681.0,13.49,30.0,0.0,0,1,0,0,0,0,0,1,0,0,1,0,0,1
711000.0,12.0,7.0,706.0,5.16,48.0,2.0,0,1,0,0,0,0,0,1,0,0,0,0,0,0
363000.0,12.0,10.45,692.0,11.37,22.0,4.0,1,0,0,0,1,0,0,0,1,0,0,0,0,1
600000.0,36.0,8.13,633.0,0.0,59.0,1.0,0,1,0,0,0,0,0,0,0,1,0,1,1,0
971000.0,24.0,10.71,636.0,9.03,32.0,2.0,0,0,0,0,1,0,0,0,1,0,0,1,0,1
100000.0,12.0,9.62,656.0,10.02,22.0,4.0,0,0,0,0,0,1,0,0,0,0,0,1,0,0
1005000.0,12.0,9.62,615.0,13.53,35.0,0.0,0,1,0,0,0,0,0,1,0,0,0,0,1,0
497000.0,36.0,12.08,638.0,2.1,57.0,0.0,0,0,0,1,0,0,1,0,0,0,1,0,0,1
419000.0,24.0,10.6,646.0,17.87,50.0,4.0,0,1,0,0,0,0,0,0,0,0,0,1,0,0
684000.0,12.0,8.92,738.0,11.33,28.0,2.0,0,0,1,0,0,0,0,0,0,0,1,0,0,0
560000.0,24.0,10.17,664.0,10.19,44.0,1.0,0,1,0,0,0,0,0,1,0,0,0,0,0,1
809000.0,12.0,11.73,642.0,8.73,64.0,0.0,0,0,0,1,0,1,0,0,0,0,0,0,1,0
428000.0,24.0,11.83,736.0,6.5,57.0,3.0,0,0,1,0,0,0,0,0,1,0,0,0,0,0
681000.0,36.0,9.28,702.0,14.4,37.0,4.0,0,0,0,1,0,0,0,0,1,0,0,0,1,0
436000.0,240.0,12.51,742.0,8.04,24.0,2.0,0,0,0,0,1,0,0,1,0,0,0,1,0,1
352000.0,240.0,9.02,716.0,3.64,37.0,4.0,0,1,0,0,0,0,0,0,1,0,0,0,1,0
452000.0,36.0,12.09,677.0,3.58,32.0,4.0,0,0,0,1,0,0,0,0,1,0,1,0,0,1
420000.0,36.0,12.28,728.0,0.57,43.0,1.0,0,0,0,0,1,0,0,1,0,0,0,0,1,0
364000.0,12.0,11.41,676.0,5.92,24.0,3.0,0,0,1,0,0,0,0,1,0,0,1,0,0,1
466000.0,240.0,10.69,655.0,4.95,54.0,0.0,0,0,0,0,1,0,0,0,0,0,1,0,0,1
647000.0,24.0,11.03,658.0,3.92,42.0,2.0,0,0,0,0,1,1,0,0,0,0,0,0,0,0
475000.0,36.0,9.91,707.0,0.0,60.0,4.0,0,0,0,1,0,1,0,0,0,0,0,0,0,0
756000.0,24.0,8.08,669.0,8.55,52.0,3.0,1,1,0,0,0,0,0,0,0,1,0,0,0,1
100000.0,120.0,9.83,720.0,3.04,34.0,2.0,0,1,0,0,0,0,0,0,0,0,0,1,0,1
754000.0,12.0,9.02,684.0,3.66,43.0,1.0,0,0,0,0,1,0,0,0,0,1,1,0,0,1
214000.0,360.0,12.79,723.0,3.0,37.0,1.0,0,0,0,0,1,0,0,1,0,0,0,0,0,0
100000.0,12.0,10.32,746.0,11.82,58.0,2.0,0,1,0,0,0,0,0,0,0,0,0,0,0,1
113000.0,24.0,10.98,617.0,6.15,57.0,1.0,0,1,0,0,0,0,0,0,0,0,0,0,1,0
567000.0,24.0,9.33,694.0,11.35,63.0,2.0,0,0,0,1,0,1,0,0,0,0,0,1,1,0
399000.0,36.0,13.17,691.0,7.1,30.0,2.0,0,0,0,1,0,0,0,0,1,0,0,1,0,1
124000.0,240.0,11.87,602.0,0.19,28.0,4.0,0,1,0,0,0,0,0,0,1,0,0,1,0,0
470000.0,60.0,9.85,620.0,4.08,41.0,0.0,0,0,1,0,0,0,0,1,0,0,0,1,1,0
668000.0,60.0,8.14,739.0,10.5,46.0,1.0,0,0,1,0,0,0,1,0,0,0,1,0,1,0
100000.0,360.0,7.95,729.0,7.63,46.0,2.0,0,0,1,0,0,0,0,0,1,0,0,1,0,1
118000.0,120.0,8.75,717.0,9.52,23.0,2.0,0,0,0,1,0,0,0,1,0,0,0,0,0,1
526000.0,24.0,10.27,605.0,6.16,59.0,3.0,0,0,0,1,0,0,0,0,1,0,0,1,0,0
940000.0,36.0,8.96,664.0,12.61,28.0,4.0,0,0,0,0,0,0,0,1,0,0,0,0,1,0
527000.0,360.0,14.42,803.0,8.97,58.0,1.0,0,0,0,0,0,0,0,1,0,0,0,1,1,0
619000.0,60.0,11.43,689.0,5.49,36.0,4.0,0,0,0,1,0,0,0,0,1,0,1,0,1,0
617000.0,60.0,9.31,664.0,12.5,59.0,2.0,0,0,0,1,0,0,0,0,0,1,0,0,1,0
263000.0,12.0,13.51,676.0,10.23,56.0,3.0,0,0,1,0,0,0,0,0,0,0,0,1,0,1
720000.0,60.0,7.56,632.0,3.92,25.0,2.0,0,1,0,0,0,0,0,0,1,0,0,0,0,0
678000.0,360.0,7.0,664.0,2.74,42.0,3.0,0,0,0,0,0,0,0,0,0,0,0,1,0,0
727000.0,360.0,10.18,760.0,3.04,49.0,4.0,0,0,0,1,0,0,1,0,0,0,0,1,0,0
356000.0,360.0,8.3,689.0,6.6,43.0,0.0,0,1,0,0,0,0,0,1,0,0,0,1,0,1
911000.0,240.0,11.07,568.0,4.41,56.0,1.0,0,0,0,0,1,0,0,0,0,0,0,0,0,0
996000.0,24.0,8.88,688.0,3.76,25.0,1.0,0,0,0,1,0,0,0,0,0,0,0,1,0,0
607000.0,120.0,9.03,664.0,7.0,59.0,3.0,0,0,1,0,0,0,0,0,0,0,1,0,0,0
216000.0,36.0,10.11,649.0,3.98,65.0,3.0,0,1,0,0,0,0,0,0,0,1,0,0,1,0
665000.0,36.0,7.0,707.0,2.13,44.0,4.0,0,1,0,0,0,0,1,0,0,0,1,0,0,0
183000.0,60.0,12.47,738.0,11.75,39.0,0.0,0,0,0,0,1,1,0,0,0,0,0,0,0,0
751000.0,60.0,14.11,754.0,7.16,23.0,4.0,0,0,0,0,0,0,0,1,0,0,0,1,0,0
588000.0,120.0,9.2,799.0,3.01,46.0,3.0,0,0,0,0,0,1,0,0,0,0,0,0,0,1
469000.0,24.0,12.94,669.0,10.48,60.0,3.0,0,0,0,0,0,0,0,0,0,1,1,0,0,1
595000.0,36.0,11.37,616.0,14.96,65.0,1.0,0,0,0,1,0,0,1,0,0,0,1,0,0,0
179000.0,36.0,11.26,819.0,2.39,33.0,2.0,0,0,0,0,1,0,0,1,0,0,0,1,0,0
989000.0,24.0,12.35,677.0,4.11,27.0,2.0,0,0,0,1,0,0,0,0,1,0,1,0,0,0
564000.0,360.0,9.45,724.0,3.57,59.0,1.0,0,0,0,0,1,0,1,0,0,0,0,1,1,0
400000.0,12.0,11.36,759.0,3.86,29.0,1.0,0,0,0,0,0,0,0,1,0,0,0,1,1,0
209000.0,60.0,11.18,802.0,4.27,34.0,1.0,0,0,0,0,1,0,0,0,0,1,0,1,1,0
778000.0,120.0,7.47,675.0,18.24,42.0,3.0,0,0,0,0,0,0,0,0,0,1,0,0,1,0
316000.0,24.0,9.44,659.0,0.0,46.0,0.0,0,0,0,0,0,0,1,0,0,0,1,0,0,1
484000.0,24.0,10.58,645.0,0.72,42.0,2.0,0,0,0,1,0,0,0,1,0,0,1,0,1,0
476000.0,120.0,9.71,686.0,0.68,43.0,0.0,0,1,0,0,0,0,1,0,0,0,0,1,0,1
300000.0,60.0,10.42,704.0,1.75,38.0,0.0,0,0,0,0,1,0,0,1,0,0,0,1,0,1
107000.0,240.0,12.03,630.0,6.72,49.0,2.0,0,0,0,0,0,0,0,0,0,1,0,0,0,0
382000.0,24.0,12.69,701.0,2.75,35.0,2.0,0,0,0,0,1,0,0,1,0,0,0,0,0,1
439000.0,120.0,8.95,675.0,13.14,39.0,3.0,0,0,0,1,0,0,1,0,0,0,0,0,0,0
547000.0,24.0,12.13,647.0,9.62,58.0,1.0,0,1,0,0,0,0,0,1,0,0,0,1,1,0
113000.0,240.0,14.38,627.0,4.04,32.0,3.0,0,0,1,0,0,0,0,1,0,0,0,0,0,1
765000.0,120.0,8.07,689.0,3.32,60.0,1.0,0,0,1,0,0,0,0,0,1,0,0,0,0,1
715000.0,360.0,10.01,746.0,3.07,36.0,0.0,0,0,0,0,1,0,0,0,0,0,1,0,0,0
514000.0,36.0,8.54,790.0,6.1,55.0,3.0,0,0,1,0,0,0,0,1,0,0,0,1,1,0
153000.0,12.0,11.53,654.0,13.03,61.0,3.0,0,1,0,0,0,0,0,0,1,0,0,1,0,1
606000.0,240.0,10.85,717.0,0.31,36.0,2.0,0,1,0,0,0,0,0,0,0,0,1,0,0,0
207000.0,360.0,12.64,700.0,4.35,36.0,1.0,0,0,0,0,1,0,0,1,0,0,0,0,0,1
601000.0,120.0,9.76,692.0,6.67,37.0,4.0,0,0,0,0,0,1,0,0,0,0,0,1,0,0
100000.0,120.0,9.86,752.0,11.9,37.0,4.0,0,0,1,0,0,0,0,0,1,0,1,0,0,1
307000.0,36.0,8.97,725.0,11.14,60.0,3.0,0,0,0,0,1,1,0,0,0,0,1,0,0,0
670000.0,36.0,10.51,712.0,3.42,36.0,3.0,0,0,0,1,0,1,0,0,0,0,0,1,0,0
336000.0,120.0,13.52,762.0,3.66,58.0,1.0,0,0,0,1,0,1,0,0,0,0,0,1,1,0
539000.0,120.0,10.08,612.0,0.0,47.0,1.0,0,1,0,0,0,0,0,0,0,0,1,0,0,0
900000.0,60.0,9.03,761.0,5.34,65.0,4.0,0,0,1,0,0,0,0,1,0,0,1,0,0,1
375000.0,360.0,11.64,710.0,5.79,57.0,4.0,0,0,0,0,1,0,1,0,0,0,1,0,0,1
790000.0,240.0,7.0,732.0,20.59,46.0,3.0,0,0,1,0,0,0,1,0,0,0,0,1,0,0
232000.0,240.0,10.51,644.0,1.48,63.0,2.0,0,0,0,1,0,1,0,0,0,0,0,1,1,0
354000.0,12.0,12.09,731.0,5.0,50.0,2.0,0,1,0,0,0,0,0,1,0,0,1,0,0,1
258000.0,12.0,11.41,713.0,1.06,25.0,2.0,0,0,1,0,0,0,0,0,0,0,0,1,0,0
409000.0,36.0,11.61,723.0,2.49,62.0,3.0,0,0,1,0,0,0,0,1,0,0,0,0,0,0
754000.0,12.0,10.03,705.0,3.81,54.0,0.0,0,0,0,1,0,0,0,1,0,0,0,0,1,0
121000.0,240.0,13.63,710.0,4.58,63.0,3.0,0,1,0,0,0,0,0,1,0,0,1,0,0,1
892000.0,24.0,10.23,651.0,5.7,43.0,3.0,0,0,1,0,0,0,0,0,0,1,0,1,0,0
865000.0,24.0,8.53,664.0,8.62,46.0,1.0,0,0,0,1,0,0,0,0,1,0,0,1,0,1
468000.0,36.0,8.69,655.0,0.0,21.0,2.0,0,0,0,0,1,1,0,0,0,0,0,1,0,1
423000.0,12.0,9.29,771.0,1.68,50.0,3.0,0,1,0,0,0,0,1,0,0,0,0,0,0,0
100000.0,360.0,9.82,757.0,5.61,64.0,1.0,0,0,1,0,0,0,0,0,0,0,0,1,1,0
396000.0,36.0,8.6,602.0,0.15,59.0,3.0,0,0,1,0,0,0,0,1,0,0,0,0,0,0
685000.0,12.0,11.19,575.0,9.43,58.0,0.0,0,0,0,0,1,0,0,0,0,1,0,1,1,0
100000.0,24.0,8.36,684.0,5.67,45.0,0.0,0,0,0,0,1,0,0,0,1,0,1,0,0,0
357000.0,24.0,7.0,718.0,13.84,56.0,3.0,0,0,1,0,0,0,0,0,0,0,0,1,1,0
100000.0,24.0,10.65,650.0,8.57,35.0,1.0,0,1,0,0,0,0,0,0,0,0,0,1,1,0
100000.0,120.0,8.8,689.0,4.54,31.0,0.0,0,0,0,1,0,0,0,1,0,0,1,0,0,0
340000.0,36.0,10.51,663.0,4.41,64.0,0.0,0,0,0,1,0,1,0,0,0,0,0,0,0,1
157000.0,36.0,7.07,747.0,0.7,25.0,3.0,0,0,0,0,0,1,0,0,0,0,1,0,0,0
426000.0,60.0,8.14,687.0,16.4,61.0,1.0,0,0,0,0,1,0,0,1,0,0,0,1,1,0
768000.0,24.0,11.13,785.0,6.37,37.0,2.0,0,0,0,1,0,0,0,0,0,0,0,1,0,0
100000.0,120.0,8.78,678.0,1.53,53.0,4.0,0,0,0,0,1,0,0,1,0,0,1,0,0,1
303000.0,60.0,9.53,672.0,0.18,35.0,1.0,0,0,0,0,1,0,1,0,0,0,0,0,0,0
187000.0,360.0,11.16,739.0,6.3,46.0,3.0,0,0,0,0,1,0,0,0,0,0,1,0,1,0
793000.0,36.0,12.64,658.0,6.27,28.0,3.0,0,0,0,0,1,1,0,0,0,0,1,0,0,1
231000.0,60.0,12.41,598.0,1.99,29.0,3.0,0,0,0,0,1,1,0,0,0,0,1,0,0,0
214000.0,60.0,10.12,676.0,3.79,64.0,2.0,0,1,0,0,0,0,1,0,0,0,0,1,1,0
185000.0,12.0,9.96,625.0,3.23,28.0,1.0,0,0,0,1,0,0,0,0,0,0,0,0,1,0
835000.0,36.0,9.04,703.0,1.75,31.0,3.0,0,0,0,0,0,0,0,0,0,0,1,0,1,0
714000.0,120.0,10.66,678.0,1.39,50.0,2.0,0,1,0,0,0,1,0,0,0,0,0,1,0,1
263000.0,120.0,8.21,723.0,9.41,27.0,4.0,0,0,0,0,1,0,0,0,0,1,0,1,0,1
1035000.0,60.0,11.26,693.0,0.0,65.0,2.0,0,1,0,0,0,1,0,0,0,0,1,0,1,0
475000.0,24.0,10.31,725.0,2.95,46.0,4.0,0,0,0,0,0,0,0,0,1,0,0,0,0,1
472000.0,12.0,11.25,663.0,0.0,43.0,1.0,0,1,0,0,0,0,0,0,1,0,1,0,1,0
311000.0,24.0,10.12,599.0,9.28,55.0,0.0,0,0,0,1,0,0,1,0,0,0,0,0,0,1
405000.0,24.0,12.31,702.0,0.0,48.0,3.0,0,0,0,1,0,0,0,0,1,0,0,0,0,0
605000.0,36.0,11.19,757.0,17.0,22.0,2.0,0,0,0,1,0,0,0,0,0,0,0,0,1,0
100000.0,360.0,10.85,654.0,0.2,65.0,0.0,0,0,0,1,0,0,0,0,1,0,1,0,1,0
143000.0,36.0,9.52,673.0,12.56,31.0,2.0,0,0,0,1,0,0,0,0,0,1,1,0,1,0
100000.0,240.0,13.64,778.0,5.1,33.0,1.0,0,0,0,0,0,0,0,1,0,0,0,1,1,0
165000.0,60.0,13.39,676.0,9.35,47.0,3.0,0,0,0,0,1,0,0,0,1,0,0,1,0,0
969000.0,360.0,10.32,674.0,1.48,40.0,3.0,0,0,0,0,1,0,0,0,0,1,0,1,0,0
835000.0,36.0,12.71,702.0,10.67,65.0,3.0,0,1,0,0,0,0,0,0,1,0,0,0,1,0
783000.0,240.0,13.2,749.0,5.59,54.0,0.0,0,0,0,1,0,0,1,0,0,0,0,1,1,0
135000.0,120.0,10.18,812.0,9.24,45.0,2.0,0,1,0,0,0,0,0,0,1,0,0,0,0,0
833000.0,60.0,11.68,682.0,10.32,44.0,4.0,0,0,0,0,0,0,1,0,0,0,1,0,0,0
719000.0,36.0,9.03,699.0,0.0,65.0,1.0,0,0,1,0,0,0,0,0,0,1,0,0,0,1
754000.0,12.0,8.07,684.0,17.82,56.0,2.0,0,0,0,0,0,0,0,0,1,0,1,0,1,0
709000.0,36.0,8.14,697.0,8.77,44.0,0.0,0,0,1,0,0,0,0,0,0,0,0,0,0,1
563000.0,12.0,10.22,649.0,2.59,29.0,3.0,0,0,0,0,0,0,0,0,0,0,0,1,0,0
390000.0,120.0,10.14,751.0,0.0,38.0,4.0,0,0,0,0,1,0,0,1,0,0,0,0,1,0
391000.0,12.0,12.55,699.0,3.2,39.0,2.0,0,0,0,1,0,0,0,0,0,1,0,0,0,0
423000.0,120.0,10.6,706.0,7.41,54.0,4.0,0,0,0,1,0,0,0,0,1,0,0,0,0,0
119000.0,360.0,7.21,678.0,4.83,43.0,2.0,0,0,0,1,0,0,0,1,0,0,1,0,1,0
286000.0,12.0,11.24,696.0,12.17,52.0,3.0,0,0,0,1,0,0,0,1,0,0,0,0,0,0
547000.0,60.0,11.96,784.0,13.64,39.0,2.0,0,1,0,0,0,0,1,0,0,0,1,0,1,0
378000.0,240.0,14.14,636.0,5.27,24.0,4.0,0,0,1,0,0,0,0,0,1,0,1,0,0,1
954000.0,36.0,7.4,732.0,5.21,54.0,4.0,0,0,1,0,0,0,0,0,1,0,0,0,1,0
253000.0,240.0,12.5,710.0,9.59,49.0,0.0,0,0,0,0,1,1,0,0,0,0,0,1,0,1
100000.0,36.0,12.48,693.0,2.48,21.0,0.0,0,0,0,0,1,0,1,0,0,0,0,0,1,0
663000.0,360.0,7.25,658.0,7.83,32.0,1.0,0,0,1,0,0,1,0,0,0,0,0,0,1,0
100000.0,60.0,10.27,655.0,0.0,33.0,0.0,0,0,1,0,0,0,1,0,0,0,0,1,0,0
476000.0,360.0,9.05,679.0,5.77,32.0,2.0,0,1,0,0,0,1,0,0,0,0,0,1,0,1
111000.0,36.0,9.28,660.0,1.0,49.0,0.0,0,0,0,0,0,0,0,0,1,0,0,0,0,0
679000.0,60.0,12.42,612.0,7.82,55.0,4.0,0,0,0,0,1,1,0,0,0,0,1,0,1,0
822000.0,240.0,8.4,665.0,11.78,29.0,3.0,0,0,0,0,0,0,0,0,0,0,1,0,0,0
1053000.0,120.0,10.16,742.0,2.35,32.0,3.0,0,0,1,0,0,0,0,0,1,0,0,0,0,1
835000.0,360.0,10.78,737.0,13.97,56.0,4.0,0,0,1,0,0,1,0,0,0,0,0,0,0,0
817000.0,60.0,10.95,765.0,0.0,39.0,1.0,0,0,0,1,0,0,0,0,1,0,0,1,0,1
673000.0,120.0,9.92,673.0,8.63,55.0,3.0,0,0,0,0,0,0,0,0,0,1,1,0,0,0
892000.0,360.0,10.97,681.0,8.64,53.0,4.0,0,1,0,0,0,0,1,0,0,0,1,0,0,1
999000.0,240.0,9.96,737.0,4.95,65.0,0.0,0,0,1,0,0,0,0,0,0,1,0,1,0,1
417000.0,120.0,10.34,700.0,5.73,31.0,1.0,0,1,0,0,0,0,0,0,0,1,0,0,1,0
910000.0,12.0,7.05,766.0,0.0,43.0,2.0,0,0,0,0,1,0,1,0,0,0,0,1,0,1
322000.0,12.0,11.2,611.0,1.6,41.0,2.0,0,1,0,0,0,0,1,0,0,0,0,0,0,1
489000.0,120.0,9.66,613.0,8.62,43.0,3.0,0,0,1,0,0,1,0,0,0,0,0,0,0,1
345000.0,12.0,10.42,750.0,8.1,50.0,4.0,0,1,0,0,0,0,0,1,0,0,0,1,0,1
352000.0,36.0,10.04,728.0,3.44,25.0,1.0,0,0,1,0,0,1,0,0,0,0,0,0,0,1
147000.0,240.0,10.92,757.0,12.95,46.0,3.0,0,1,0,0,0,0,1,0,0,0,0,0,1,0
354000.0,12.0,9.61,746.0,7.0,35.0,1.0,0,0,1,0,0,1,0,0,0,0,1,0,0,0
845000.0,240.0,10.37,678.0,2.7,23.0,4.0,0,0,1,0,0,0,0,0,0,0,0,0,1,0
825000.0,12.0,9.69,705.0,1.65,37.0,4.0,0,1,0,0,0,0,0,0,0,1,1,0,0,1
824000.0,36.0,12.38,750.0,0.42,46.0,3.0,0,0,0,0,1,0,1,0,0,0,0,1,1,0
655000.0,240.0,12.77,779.0,6.0,32.0,3.0,0,0,0,0,1,0,1,0,0,0,0,0,1,0
641000.0,60.0,12.12,644.0,12.79,40.0,0.0,0,0,0,0,0,0,0,0,0,0,1,0,1,0
305000.0,240.0,9.53,714.0,13.98,37.0,3.0,0,0,1,0,0,0,0,0,0,1,1,0,1,0
718000.0,36.0,12.12,645.0,19.0,48.0,3.0,0,0,0,0,1,0,0,0,0,0,0,1,0,0
577000.0,12.0,8.66,689.0,14.95,27.0,4.0,0,0,0,0,1,0,0,0,0,0,1,0,0,1
456000.0,120.0,11.52,724.0,1.79,53.0,0.0,0,0,0,0,0,0,0,0,0,0,0,1,0,0
822000.0,240.0,9.88,694.0,4.53,32.0,0.0,0,0,0,0,1,0,0,1,0,0,0,0,1,0
100000.0,24.0,10.15,750.0,7.56,37.0,3.0,0,0,1,0,0,0,1,0,0,0,0,0,0,0
100000.0,12.0,11.63,755.0,3.87,57.0,0.0,1,1,0,0,0,0,1,0,0,0,1,0,0,0
729000.0,240.0,12.24,715.0,3.31,33.0,2.0,0,0,1,0,0,0,0,0,1,0,0,1,1,0
1161000.0,36.0,8.3,705.0,4.8,27.0,0.0,0,0,0,0,0,1,0,0,0,0,1,0,0,1
100000.0,36.0,13.19,682.0,7.12,33.0,2.0,0,0,1,0,0,0,0,0,1,0,1,0,1,0
480000.0,240.0,10.72,721.0,1.1,50.0,2.0,0,0,0,0,0,0,1,0,0,0,0,0,1,0
799000.0,12.0,13.34,798.0,8.79,31.0,4.0,0,0,0,0,0,1,0,0,0,0,0,0,1,0
128000.0,36.0,9.88,695.0,0.99,50.0,4.0,0,0,1,0,0,0,0,0,0,0,1,0,0,0
715000.0,360.0,11.42,755.0,1.65,25.0,1.0,0,0,0,1,0,0,0,0,0,1,1,0,0,0
869000.0,12.0,9.32,754.0,4.74,64.0,3.0,0,1,0,0,0,0,1,0,0,0,1,0,0,0
293000.0,360.0,8.85,657.0,5.06,34.0,2.0,0,1,0,0,0,0,0,0,0,1,0,0,0,0
703000.0,120.0,7.0,711.0,7.82,39.0,4.0,0,0,0,0,0,0,0,1,0,0,0,0,1,0
508000.0,120.0,7.94,677.0,10.86,35.0,3.0,0,0,0,0,1,0,0,0,1,0,0,1,1,0
438000.0,36.0,14.36,719.0,2.64,51.0,0.0,0,0,0,0,0,0,0,0,0,1,0,0,1,0
1085000.0,12.0,14.79,657.0,5.11,57.0,1.0,0,0,0,0,0,0,0,1,0,0,1,0,0,1
919000.0,240.0,7.73,681.0,3.59,27.0,1.0,0,0,0,0,0,0,0,1,0,0,1,0,1,0
1159000.0,120.0,8.63,703.0,5.97,45.0,2.0,0,0,0,0,1,0,1,0,0,0,1,0,0,0
425000.0,240.0,9.93,741.0,11.86,36.0,3.0,0,0,0,0,0,0,0,1,0,0,0,0,0,0
829000.0,12.0,12.3,726.0,5.25,51.0,1.0,0,1,0,0,0,0,1,0,0,0,1,0,1,0
729000.0,360.0,11.19,647.0,12.45,31.0,4.0,0,1,0,0,0,0,0,0,0,1,0,1,0,0
913000.0,120.0,11.3,702.0,10.32,42.0,2.0,0,0,1,0,0,0,0,1,0,0,1,0,1,0
664000.0,360.0,10.44,776.0,8.06,38.0,1.0,0,1,0,0,0,0,1,0,0,0,0,0,0,1
871000.0,60.0,9.03,744.0,0.0,52.0,0.0,0,0,1,0,0,0,0,0,0,0,0,0,0,0
368000.0,60.0,7.76,625.0,6.81,63.0,3.0,0,0,0,0,0,0,0,0,0,1,1,0,0,0
167000.0,36.0,7.78,712.0,13.99,45.0,4.0,0,0,0,1,0,0,0,0,1,0,0,1,0,0
135000.0,120.0,7.42,673.0,5.35,57.0,1.0,0,0,0,0,0,0,0,1,0,0,0,1,0,1
290000.0,12.0,11.35,660.0,4.98,51.0,1.0,0,0,0,1,0,0,0,0,1,0,1,0,0,0
454000.0,36.0,10.6,681.0,3.15,21.0,3.0,0,0,0,0,0,0,0,0,1,0,0,1,1,0
207000.0,240.0,9.19,777.0,0.0,26.0,4.0,0,0,0,0,1,0,0,1,0,0,0,1,0,0
750000.0,360.0,10.13,639.0,3.72,47.0,2.0,0,1,0,0,0,0,0,0,1,0,0,0,1,0
633000.0,24.0,9.53,760.0,3.33,23.0,0.0,0,0,0,0,1,0,0,1,0,0,0,1,0,1
425000.0,60.0,10.29,686.0,8.93,42.0,2.0,0,0,1,0,0,0,0,0,0,1,1,0,0,1
878000.0,240.0,9.37,791.0,5.81,65.0,0.0,0,0,0,1,0,0,1,0,0,0,0,1,0,1
1156000.0,12.0,11.8,756.0,4.05,27.0,4.0,0,0,0,1,0,0,0,0,1,0,0,0,0,1
187000.0,60.0,12.64,755.0,0.0,55.0,2.0,1,1,0,0,0,0,0,0,1,0,0,1,1,0
283000.0,36.0,9.55,617.0,0.0,44.0,4.0,0,0,0,0,0,0,1,0,0,0,1,0,0,1
713000.0,60.0,9.51,630.0,0.53,35.0,3.0,0,0,0,0,1,0,0,0,1,0,0,1,1,0
742000.0,240.0,12.47,746.0,10.06,47.0,4.0,0,0,0,0,1,1,0,0,0,0,0,0,1,0
706000.0,120.0,7.93,679.0,18.97,22.0,2.0,0,1,0,0,0,0,0,0,0,1,0,0,0,1
646000.0,360.0,12.94,641.0,5.64,29.0,0.0,0,0,0,0,1,0,0,0,0,0,0,1,1,0
564000.0,120.0,11.83,699.0,7.51,55.0,3.0,0,0,0,0,1,0,0,0,0,1,0,1,0,1
1140000.0,60.0,10.08,732.0,2.54,59.0,2.0,0,0,0,0,1,0,0,1,0,0,0,1,0,1
230000.0,36.0,9.58,638.0,0.0,60.0,3.0,0,0,1,0,0,0,0,0,0,1,0,0,0,0
100000.0,240.0,8.33,704.0,2.96,57.0,1.0,0,1,0,0,0,0,0,1,0,0,1,0,1,0
100000.0,24.0,11.91,682.0,0.0,27.0,1.0,0,0,0,0,0,0,0,1,0,0,1,0,1,0
616000.0,120.0,9.48,734.0,3.24,50.0,3.0,0,1,0,0,0,0,0,0,0,0,0,1,0,1
440000.0,240.0,13.57,804.0,1.49,33.0,3.0,0,0,1,0,0,1,0,0,0,0,1,0,0,0
744000.0,12.0,10.61,755.0,5.34,46.0,2.0,0,1,0,0,0,0,0,0,0,1,1,0,0,1
397000.0,60.0,9.38,749.0,4.74,58.0,1.0,0,0,0,0,0,0,0,1,0,0,0,0,0,0
346000.0,24.0,13.38,699.0,2.63,34.0,1.0,0,0,0,0,0,0,0,0,0,1,0,0,0,1
742000.0,24.0,8.85,740.0,4.03,28.0,2.0,0,0,0,0,0,0,0,0,0,1,1,0,1,0
709000.0,240.0,8.88,595.0,4.66,60.0,2.0,0,0,1,0,0,0,0,0,0,1,0,1,0,1
233000.0,12.0,10.45,676.0,3.14,47.0,3.0,0,1,0,0,0,0,0,0,0,0,0,1,0,1
737000.0,60.0,7.71,691.0,13.53,39.0,1.0,0,0,0,0,1,0,1,0,0,0,0,0,0,1
120000.0,24.0,9.98,714.0,7.44,24.0,3.0,0,0,0,0,1,0,0,0,1,0,0,0,1,0
780000.0,12.0,8.8,629.0,6.95,54.0,1.0,0,1,0,0,0,1,0,0,0,0,0,1,0,0
609000.0,12.0,13.87,685.0,6.94,46.0,3.0,0,0,1,0,0,0,1,0,0,0,0,0,0,0
464000.0,120.0,9.72,704.0,1.96,42.0,0.0,0,1,0,0,0,0,0,0,0,0,0,0,0,1
875000.0,120.0,11.48,762.0,4.41,49.0,1.0,0,0,0,1,0,0,0,0,0,1,0,0,0,1
776000.0,36.0,11.88,677.0,0.83,56.0,4.0,0,0,0,0,0,0,0,0,0,0,0,1,0,1
769000.0,120.0,13.55,737.0,4.12,42.0,1.0,0,0,0,1,0,0,0,0,0,1,0,1,1,0
585000.0,24.0,9.91,642.0,0.0,61.0,2.0,0,1,0,0,0,0,0,0,0,0,0,1,1,0
208000.0,12.0,12.48,586.0,5.86,23.0,0.0,0,0,0,0,0,0,0,0,0,0,0,1,0,1
1059000.0,60.0,7.78,689.0,17.11,58.0,4.0,0,0,0,0,0,0,0,0,1,0,0,0,0,1
397000.0,360.0,7.9,649.0,4.57,30.0,4.0,0,1,0,0,0,0,0,0,1,0,0,0,0,0
621000.0,120.0,9.75,637.0,6.02,35.0,3.0,0,0,0,1,0,1,0,0,0,0,1,0,1,0
613000.0,12.0,8.95,610.0,0.0,27.0,1.0,0,0,0,0,0,0,0,1,0,0,0,0,1,0
755000.0,360.0,7.48,732.0,7.5,41.0,0.0,0,0,1,0,0,0,0,0,0,1,0,0,0,1
652000.0,120.0,9.43,672.0,1.19,40.0,2.0,0,0,0,0,1,0,0,0,0,0,0,0,0,1
674000.0,120.0,9.64,785.0,2.83,38.0,3.0,0,0,0,0,0,0,0,0,1,0,0,1,1,0
935000.0,24.0,13.08,685.0,13.31,45.0,1.0,0,0,0,1,0,0,0,0,0,0,1,0,1,0
100000.0,360.0,13.05,674.0,5.33,33.0,0.0,0,0,0,0,0,0,0,1,0,0,0,0,0,0
515000.0,120.0,12.31,724.0,5.0,32.0,2.0,0,0,0,0,0,0,1,0,0,0,0,0,0,0
928000.0,120.0,11.37,738.0,3.26,38.0,2.0,0,1,0,0,0,0,1,0,0,0,0,0,0,0
926000.0,120.0,13.31,735.0,2.98,46.0,1.0,0,0,1,0,0,0,0,0,1,0,1,0,0,1
638000.0,36.0,10.96,693.0,0.55,42.0,1.0,0,1,0,0,0,0,0,0,1,0,1,0,1,0
1050000.0,120.0,12.03,563.0,0.0,30.0,4.0,0,0,1,0,0,0,0,0,1,0,0,1,1,0
571000.0,60.0,7.0,733.0,6.86,29.0,2.0,0,1,0,0,0,0,0,0,0,0,1,0,1,0
250000.0,12.0,9.61,778.0,1.98,57.0,0.0,0,0,0,0,0,1,0,0,0,0,0,0,0,0
100000.0,360.0,9.98,609.0,12.56,31.0,1.0,0,0,0,0,1,0,0,0,0,0,1,0,0,1
797000.0,120.0,9.98,662.0,0.19,58.0,3.0,0,0,0,0,1,0,0,0,0,1,0,0,0,0
328000.0,12.0,10.23,658.0,2.63,34.0,3.0,0,0,0,1,0,0,0,0,1,0,0,1,0,0
353000.0,240.0,11.42,653.0,8.66,63.0,2.0,0,0,0,1,0,1,0,0,0,0,0,1,0,1
548000.0,36.0,11.56,696.0,10.49,37.0,4.0,0,0,0,0,0,0,0,0,0,0,0,1,0,0
190000.0,240.0,14.08,623.0,0.0,48.0,0.0,0,0,1,0,0,0,0,0,0,0,0,1,0,1
366000.0,36.0,12.33,729.0,11.81,59.0,0.0,0,0,0,0,1,1,0,0,0,0,1,0,1,0
481000.0,24.0,9.8,633.0,1.69,54.0,3.0,0,0,0,0,0,0,0,0,1,0,0,1,0,0
100000.0,24.0,9.84,657.0,1.08,32.0,3.0,0,0,0,0,0,1,0,0,0,0,0,0,1,0
351000.0,24.0,10.01,705.0,6.43,31.0,1.0,0,0,0,1,0,0,1,0,0,0,0,0,1,0
100000.0,12.0,9.17,597.0,4.84,21.0,0.0,0,0,0,1,0,0,0,0,0,0,0,1,0,0
453000.0,60.0,7.0,716.0,8.98,43.0,4.0,0,0,0,0,0,1,0,0,0,0,0,1,1,0
196000.0,360.0,7.52,695.0,2.88,37.0,0.0,0,0,0,1,0,0,0,1,0,0,0,0,1,0
893000.0,120.0,8.2,647.0,0.87,57.0,2.0,0,0,1,0,0,0,1,0,0,0,1,0,0,1
826000.0,240.0,8.82,665.0,0.31,29.0,3.0,0,1,0,0,0,1,0,0,0,0,1,0,0,0
341000.0,360.0,10.0,805.0,8.2,43.0,1.0,1,0,1,0,0,1,0,0,0,0,0,0,0,1
100000.0,24.0,8.77,677.0,2.29,48.0,2.0,0,0,0,1,0,0,0,1,0,0,1,0,0,0
210000.0,120.0,9.04,688.0,8.96,65.0,4.0,0,1,0,0,0,0,0,0,1,0,0,1,1,0
117000.0,120.0,7.0,691.0,2.9,53.0,2.0,0,0,0,1,0,0,0,1,0,0,1,0,1,0
682000.0,36.0,10.06,663.0,5.62,46.0,2.0,0,0,0,1,0,0,0,1,0,0,0,1,0,1
495000.0,24.0,11.12,707.0,0.39,23.0,2.0,1,1,0,0,0,0,0,0,0,1,0,0,0,0
397000.0,36.0,13.15,754.0,11.06,44.0,0.0,0,0,0,0,1,0,0,1,0,0,0,0,0,1
218000.0,60.0,11.88,764.0,9.12,37.0,3.0,0,0,0,1,0,0,0,1,0,0,0,0,0,1
606000.0,36.0,8.07,626.0,1.97,55.0,3.0,0,0,0,0,0,0,0,1,0,0,0,1,1,0
100000.0,120.0,7.86,742.0,0.0,44.0,2.0,0,0,0,1,0,0,0,0,1,0,0,0,0,0
1093000.0,24.0,12.75,677.0,5.87,43.0,3.0,0,0,0,1,0,0,1,0,0,0,0,1,0,0
732000.0,12.0,11.58,707.0,8.24,55.0,0.0,0,0,1,0,0,0,0,0,1,0,0,1,0,0
433000.0,240.0,10.21,734.0,4.07,65.0,0.0,0,0,0,1,0,0,0,0,0,1,0,1,0,0
1065000.0,12.0,11.36,675.0,7.21,54.0,2.0,0,0,0,0,0,1,0,0,0,0,0,1,0,1
648000.0,60.0,10.82,714.0,2.18,54.0,0.0,0,0,0,0,0,0,1,0,0,0,0,1,0,1
199000.0,60.0,12.77,650.0,5.52,42.0,1.0,0,1,0,0,0,0,0,0,0,0,0,1,0,0
440000.0,36.0,11.23,662.0,0.0,58.0,2.0,0,0,1,0,0,0,0,0,0,1,0,1,0,0
466000.0,120.0,10.33,678.0,5.44,62.0,2.0,0,0,1,0,0,0,0,1,0,0,0,1,0,1
237000.0,60.0,8.32,650.0,6.56,34.0,3.0,0,0,0,1,0,0,0,0,0,1,0,1,1,0
388000.0,120.0,12.89,685.0,11.87,22.0,4.0,0,0,1,0,0,1,0,0,0,0,0,1,0,0
100000.0,240.0,10.82,779.0,1.72,52.0,4.0,0,0,0,0,0,0,0,0,0,1,1,0,1,0
250000.0,120.0,13.85,680.0,2.55,59.0,4.0,0,0,0,0,0,0,0,1,0,0,0,0,1,0
458000.0,120.0,7.67,711.0,9.0,44.0,2.0,0,0,0,0,1,0,0,0,0,1,0,0,0,1
367000.0,120.0,12.45,726.0,4.33,22.0,0.0,0,0,0,0,1,1,0,0,0,0,1,0,1,0
783000.0,60.0,11.93,727.0,5.81,57.0,2.0,0,1,0,0,0,0,0,0,1,0,0,1,0,1
908000.0,60.0,9.42,741.0,16.37,37.0,3.0,0,0,1,0,0,0,1,0,0,0,1,0,1,0
750000.0,60.0,10.61,630.0,14.98,28.0,0.0,0,0,0,1,0,0,0,1,0,0,0,1,0,1
781000.0,36.0,9.67,783.0,9.62,65.0,2.0,0,0,0,0,1,0,0,1,0,0,1,0,0,1
174000.0,60.0,11.83,726.0,3.32,61.0,0.0,0,0,0,1,0,1,0,0,0,0,1,0,0,1
348000.0,60.0,11.5,653.0,11.36,64.0,2.0,0,0,0,0,0,0,0,0,0,0,0,1,0,0
537000.0,120.0,10.22,659.0,9.47,25.0,1.0,0,0,0,0,1,0,0,0,0,0,0,1,0,1
100000.0,36.0,10.16,746.0,5.5,43.0,1.0,0,0,1,0,0,0,0,0,0,0,0,1,0,0
578000.0,12.0,12.19,686.0,10.03,54.0,0.0,0,1,0,0,0,0,0,0,1,0,0,1,0,1
797000.0,12.0,11.29,713.0,10.42,45.0,3.0,0,0,1,0,0,1,0,0,0,0,0,1,0,0
881000.0,24.0,13.81,759.0,8.63,55.0,2.0,0,1,0,0,0,0,1,0,0,0,0,0,0,0
100000.0,60.0,9.21,608.0,17.02,34.0,0.0,0,0,0,0,0,0,1,0,0,0,0,0,1,0
534000.0,360.0,13.88,787.0,4.98,41.0,3.0,0,1,0,0,0,0,0,0,0,1,0,1,1,0
384000.0,120.0,13.48,730.0,13.48,22.0,2.0,0,0,1,0,0,0,1,0,0,0,0,0,0,0
422000.0,360.0,9.65,651.0,5.51,48.0,2.0,0,0,0,0,0,0,0,0,1,0,0,0,0,0
306000.0,240.0,13.32,665.0,9.0,27.0,3.0,0,1,0,0,0,0,0,1,0,0,0,1,1,0
618000.0,120.0,7.0,667.0,3.27,65.0,4.0,0,0,0,1,0,0,1,0,0,0,0,0,1,0
614000.0,240.0,7.74,665.0,8.39,47.0,2.0,0,0,1,0,0,0,0,0,0,0,0,1,1,0
322000.0,120.0,14.11,695.0,3.39,27.0,4.0,0,0,0,0,1,0,1,0,0,0,0,1,0,1
100000.0,36.0,12.08,684.0,0.23,53.0,4.0,0,0,1,0,0,0,1,0,0,0,0,1,0,1
306000.0,24.0,10.73,694.0,8.97,26.0,3.0,0,0,0,1,0,0,0,1,0,0,1,0,0,1
453000.0,360.0,8.91,651.0,3.03,49.0,0.0,0,0,0,0,0,0,0,0,1,0,0,0,0,1
744000.0,12.0,15.31,702.0,1.67,46.0,3.0,1,1,0,0,0,0,0,1,0,0,0,1,0,0
998000.0,360.0,8.83,822.0,2.52,50.0,0.0,0,0,0,0,0,0,0,0,0,1,0,0,0,1
742000.0,360.0,7.0,755.0,4.03,58.0,4.0,0,0,0,1,0,0,1,0,0,0,0,0,1,0
206000.0,24.0,7.77,721.0,13.39,24.0,3.0,1,1,0,0,0,1,0,0,0,0,0,0,0,1
593000.0,12.0,12.29,727.0,8.5,32.0,4.0,0,1,0,0,0,0,1,0,0,0,0,0,1,0
100000.0,360.0,11.86,728.0,0.37,35.0,0.0,0,1,0,0,0,0,0,0,1,0,0,1,0,0
112000.0,360.0,12.77,685.0,4.38,65.0,1.0,0,0,0,0,1,0,0,0,0,1,0,1,0,1
678000.0,120.0,13.16,658.0,7.36,41.0,4.0,0,0,0,0,0,1,0,0,0,0,0,1,1,0
948000.0,240.0,12.98,631.0,11.86,51.0,3.0,0,0,1,0,0,0,0,0,1,0,0,0,1,0
554000.0,24.0,7.99,695.0,2.14,59.0,4.0,0,1,0,0,0,0,0,0,1,0,0,0,1,0
1255000.0,360.0,7.0,759.0,9.53,34.0,0.0,0,0,1,0,0,0,0,0,0,1,1,0,0,1
618000.0,12.0,14.88,779.0,5.12,37.0,4.0,0,0,0,0,0,0,0,0,0,0,0,0,0,0
663000.0,360.0,13.51,714.0,2.27,35.0,1.0,0,0,0,0,1,0,0,1,0,0,0,0,0,1
251000.0,60.0,12.29,671.0,0.0,64.0,0.0,0,1,0,0,0,0,0,0,0,1,0,1,0,0
676000.0,60.0,11.79,700.0,6.85,23.0,2.0,0,0,1,0,0,0,0,0,0,0,1,0,1,0
390000.0,120.0,10.14,660.0,0.0,50.0,2.0,0,0,0,0,1,0,0,0,0,1,0,0,0,1
108000.0,360.0,9.7,708.0,7.63,54.0,3.0,0,0,0,1,0,0,0,0,1,0,1,0,0,0
814000.0,120.0,10.05,650.0,0.0,64.0,2.0,0,0,0,0,1,0,0,0,0,0,0,1,0,0
278000.0,60.0,11.34,706.0,3.93,32.0,1.0,0,0,1,0,0,0,0,0,0,1,0,0,0,0
208000.0,36.0,10.41,650.0,4.82,30.0,0.0,0,0,0,0,1,0,1,0,0,0,0,1,1,0
144000.0,240.0,8.21,652.0,2.7,46.0,0.0,0,0,1,0,0,0,0,0,0,0,0,0,0,0
414000.0,360.0,11.8,687.0,2.61,25.0,1.0,0,1,0,0,0,1,0,0,0,0,0,1,1,0
194000.0,12.0,9.18,762.0,7.05,64.0,0.0,0,0,0,0,0,0,1,0,0,0,0,1,0,0
655000.0,12.0,10.32,674.0,11.57,48.0,3.0,0,0,0,1,0,0,0,0,1,0,1,0,0,0
904000.0,120.0,11.91,606.0,10.67,55.0,3.0,0,0,1,0,0,0,0,0,1,0,1,0,0,1
546000.0,12.0,9.38,628.0,0.0,52.0,1.0,0,0,1,0,0,0,0,1,0,0,1,0,0,0
691000.0,240.0,7.57,699.0,8.17,65.0,2.0,0,0,1,0,0,0,0,0,0,1,1,0,0,1
394000.0,240.0,12.32,682.0,4.78,60.0,2.0,0,1,0,0,0,0,0,0,0,0,0,1,0,1
595000.0,120.0,7.0,766.0,4.74,48.0,4.0,0,0,0,1,0,0,0,0,0,0,0,1,1,0
100000.0,240.0,10.22,646.0,4.29,48.0,2.0,0,0,1,0,0,0,0,0,1,0,0,0,0,0
436000.0,60.0,7.0,608.0,0.0,46.0,1.0,0,0,1,0,0,0,0,1,0,0,0,1,0,0
100000.0,120.0,11.45,649.0,6.18,40.0,3.0,0,0,0,0,0,0,0,0,0,1,0,0,0,1
424000.0,36.0,8.95,686.0,0.0,44.0,1.0,0,0,0,0,0,0,0,0,0,0,1,0,0,0
667000.0,60.0,12.91,666.0,7.23,50.0,4.0,0,1,0,0,0,0,1,0,0,0,0,1,0,1
521000.0,36.0,10.47,709.0,4.14,60.0,3.0,0,0,0,1,0,0,0,0,0,0,0,0,1,0
179000.0,120.0,11.95,679.0,0.29,35.0,0.0,1,0,1,0,0,0,0,0,0,0,0,1,0,0
460000.0,120.0,13.34,738.0,0.74,36.0,1.0,0,0,0,1,0,0,1,0,0,0,0,1,0,0
889000.0,240.0,9.71,621.0,2.07,61.0,4.0,0,0,0,1,0,0,0,0,1,0,0,1,1,0
100000.0,360.0,9.56,687.0,6.25,22.0,0.0,0,0,0,0,0,0,0,0,1,0,0,1,1,0
100000.0,360.0,9.13,738.0,2.21,59.0,1.0,0,0,0,0,1,0,0,0,0,0,1,0,1,0
1004000.0,120.0,8.12,719.0,4.08,44.0,3.0,0,0,0,1,0,0,0,1,0,0,0,0,0,1
790000.0,120.0,7.98,744.0,2.75,34.0,2.0,0,1,0,0,0,0,0,0,1,0,1,0,0,1
616000.0,360.0,8.29,729.0,5.85,33.0,0.0,0,0,0,1,0,0,0,0,1,0,1,0,0,1
507000.0,240.0,11.02,723.0,3.34,62.0,4.0,0,0,0,1,0,0,0,0,0,0,1,0,0,1
608000.0,360.0,8.22,757.0,16.18,27.0,0.0,0,0,1,0,0,0,1,0,0,0,0,1,1,0
480000.0,60.0,7.0,784.0,0.0,57.0,2.0,0,0,0,0,0,0,1,0,0,0,0,0,0,1
468000.0,12.0,10.01,681.0,7.05,25.0,3.0,0,1,0,0,0,0,1,0,0,0,0,1,0,0
802000.0,120.0,7.0,697.0,7.63,38.0,3.0,0,0,0,1,0,0,0,1,0,0,0,1,0,0
341000.0,12.0,10.71,659.0,0.0,22.0,4.0,0,1,0,0,0,0,0,1,0,0,0,1,1,0
470000.0,60.0,10.71,676.0,3.07,60.0,3.0,0,0,0,0,0,1,0,0,0,0,0,0,1,0
804000.0,360.0,15.11,732.0,6.95,32.0,2.0,0,0,1,0,0,0,0,0,1,0,1,0,1,0
288000.0,240.0,14.23,632.0,8.48,51.0,4.0,0,0,0,1,0,0,1,0,0,0,0,0,0,0
309000.0,120.0,11.67,768.0,2.44,32.0,4.0,0,1,0,0,0,1,0,0,0,0,0,0,1,0
692000.0,12.0,14.42,668.0,15.06,27.0,2.0,0,0,0,0,1,1,0,0,0,0,1,0,1,0
194000.0,240.0,7.0,710.0,8.68,45.0,3.0,0,0,1,0,0,1,0,0,0,0,0,1,0,1
508000.0,240.0,10.67,617.0,6.18,55.0,2.0,0,0,0,1,0,0,0,0,0,1,0,1,0,0
388000.0,120.0,11.54,621.0,1.82,50.0,1.0,0,0,1,0,0,1,0,0,0,0,1,0,0,0
488000.0,120.0,12.67,759.0,12.33,25.0,3.0,0,0,0,0,1,1,0,0,0,0,0,0,0,0
339000.0,60.0,7.98,714.0,2.2,24.0,0.0,0,0,0,1,0,0,1,0,0,0,0,1,0,0
855000.0,36.0,10.71,640.0,0.8,29.0,0.0,0,1,0,0,0,0,0,0,0,1,1,0,0,0
419000.0,24.0,8.51,690.0,11.05,53.0,0.0,0,0,0,0,0,1,0,0,0,0,0,0,1,0
649000.0,60.0,8.93,704.0,4.44,35.0,3.0,0,0,0,1,0,0,0,0,1,0,0,0,1,0
433000.0,36.0,7.0,705.0,0.18,63.0,3.0,0,0,0,0,1,0,0,1,0,0,0,0,0,1
494000.0,120.0,10.07,766.0,9.79,64.0,2.0,0,0,1,0,0,1,0,0,0,0,0,1,0,1
845000.0,60.0,15.83,692.0,10.07,33.0,4.0,1,0,1,0,0,0,0,0,1,0,0,1,0,1
327000.0,120.0,13.48,691.0,6.21,39.0,2.0,0,0,0,0,0,0,0,0,0,0,1,0,0,1
465000.0,240.0,10.36,736.0,5.1,64.0,0.0,0,0,0,1,0,1,0,0,0,0,1,0,0,1
100000.0,60.0,11.35,712.0,5.3,51.0,0.0,0,1,0,0,0,0,1,0,0,0,0,0,1,0
238000.0,36.0,12.32,648.0,8.6,65.0,1.0,0,0,0,1,0,0,0,0,0,1,0,1,0,1
195000.0,12.0,7.45,707.0,4.0,44.0,2.0,0,0,0,0,0,0,0,0,1,0,0,1,0,0
116000.0,120.0,12.99,745.0,2.44,64.0,3.0,0,0,0,0,1,0,1,0,0,0,0,1,0,0
489000.0,120.0,8.9,631.0,16.46,47.0,2.0,0,0,0,1,0,0,0,0,0,0,1,0,0,1
387000.0,120.0,9.6,756.0,0.46,48.0,3.0,0,0,0,0,1,0,0,0,1,0,0,0,0,1
175000.0,36.0,8.78,640.0,4.46,61.0,4.0,0,0,0,1,0,1,0,0,0,0,1,0,0,0
418000.0,24.0,7.56,731.0,3.2,28.0,4.0,0,0,0,1,0,0,1,0,0,0,0,0,1,0
692000.0,360.0,9.68,662.0,7.89,59.0,4.0,0,0,0,0,0,0,0,0,1,0,1,0,1,0
459000.0,36.0,7.0,584.0,4.64,49.0,2.0,0,1,0,0,0,0,0,1,0,0,0,1,0,1
588000.0,60.0,12.11,695.0,9.89,42.0,2.0,0,0,1,0,0,0,0,0,0,1,1,0,0,1
788000.0,36.0,11.66,688.0,3.67,34.0,1.0,0,0,1,0,0,0,0,0,0,1,0,1,0,1
262000.0,36.0,7.0,653.0,7.96,51.0,4.0,0,0,0,0,1,0,0,0,0,0,1,0,1,0
650000.0,24.0,9.16,717.0,1.5,36.0,1.0,0,1,0,0,0,1,0,0,0,0,0,1,1,0
393000.0,240.0,10.44,710.0,13.75,30.0,0.0,0,0,0,1,0,0,0,0,1,0,0,1,1,0
557000.0,60.0,13.57,732.0,10.34,23.0,2.0,0,1,0,0,0,0,0,0,0,0,0,1,1,0
813000.0,12.0,11.35,700.0,11.5,64.0,1.0,0,0,0,1,0,0,0,0,0,0,0,0,1,0
549000.0,24.0,7.0,656.0,11.0,24.0,4.0,1,1,0,0,0,0,0,1,0,0,0,0,0,1
696000.0,360.0,14.3,791.0,7.1,58.0,0.0,0,0,1,0,0,0,0,0,0,0,0,0,1,0
735000.0,36.0,11.28,659.0,6.88,43.0,2.0,0,0,0,1,0,0,0,0,1,0,0,0,0,1
258000.0,360.0,10.7,679.0,2.66,53.0,3.0,0,1,0,0,0,0,1,0,0,0,0,0,0,1
416000.0,360.0,13.04,713.0,8.06,26.0,3.0,0,0,1,0,0,1,0,0,0,0,0,0,0,0
665000.0,12.0,9.11,664.0,16.55,24.0,0.0,0,0,0,1,0,0,0,1,0,0,0,0,0,0
308000.0,360.0,10.52,618.0,0.0,21.0,1.0,0,0,0,0,0,1,0,0,0,0,0,1,0,1
663000.0,24.0,7.87,629.0,5.67,27.0,4.0,0,0,0,0,1,0,1,0,0,0,0,1,0,0
223000.0,360.0,13.12,731.0,4.37,38.0,4.0,0,0,0,0,1,0,1,0,0,0,1,0,0,1
325000.0,24.0,9.01,755.0,9.86,32.0,0.0,0,0,0,1,0,0,1,0,0,0,1,0,0,1
1240000.0,120.0,9.91,700.0,3.21,54.0,4.0,0,1,0,0,0,0,0,1,0,0,1,0,0,1
379000.0,24.0,13.11,770.0,8.22,38.0,2.0,0,0,0,0,0,0,0,1,0,0,0,1,0,0
110000.0,360.0,12.52,709.0,0.0,43.0,4.0,0,0,1,0,0,0,0,0,0,0,0,0,0,1
355000.0,12.0,7.0,725.0,4.03,54.0,2.0,0,1,0,0,0,0,0,0,0,1,0,1,0,0
766000.0,60.0,7.0,748.0,4.82,54.0,3.0,0,1,0,0,0,0,0,1,0,0,0,0,0,1
725000.0,60.0,9.52,663.0,5.79,59.0,3.0,0,0,1,0,0,0,0,0,0,1,1,0,0,1
384000.0,120.0,10.17,724.0,2.87,51.0,0.0,0,1,0,0,0,0,1,0,0,0,1,0,1,0
653000.0,60.0,12.18,808.0,9.97,53.0,4.0,0,0,1,0,0,1,0,0,0,0,0,1,0,1
148000.0,24.0,10.24,784.0,2.66,26.0,2.0,0,1,0,0,0,0,0,0,0,0,0,0,1,0
749000.0,240.0,11.92,753.0,5.57,30.0,4.0,0,0,0,0,0,0,0,0,0,1,0,0,1,0
1259000.0,12.0,11.17,720.0,16.49,55.0,3.0,0,0,1,0,0,0,1,0,0,0,1,0,1,0
881000.0,240.0,8.68,816.0,3.54,59.0,2.0,0,1,0,0,0,0,1,0,0,0,1,0,0,1
849000.0,120.0,11.11,631.0,5.37,30.0,0.0,0,0,1,0,0,0,0,0,0,1,0,0,0,1
468000.0,36.0,8.76,697.0,0.0,53.0,0.0,0,0,0,1,0,0,0,1,0,0,0,1,1,0
781000.0,60.0,9.87,597.0,4.85,32.0,4.0,0,0,0,1,0,1,0,0,0,0,1,0,0,0
100000.0,360.0,11.6,784.0,1.86,49.0,1.0,0,0,0,0,1,0,0,0,0,0,1,0,0,1
359000.0,36.0,9.79,657.0,11.85,45.0,4.0,0,0,1,0,0,0,0,0,0,1,1,0,1,0
444000.0,60.0,12.51,660.0,1.8,38.0,1.0,0,0,0,0,0,0,0,1,0,0,0,1,1,0
502000.0,60.0,13.65,696.0,1.96,35.0,1.0,0,0,1,0,0,0,1,0,0,0,1,0,0,0
474000.0,24.0,8.97,605.0,8.89,44.0,4.0,0,0,0,0,1,0,0,0,0,0,0,1,0,0
773000.0,24.0,9.58,751.0,16.96,26.0,0.0,0,1,0,0,0,1,0,0,0,0,0,0,0,0
466000.0,240.0,8.42,712.0,5.69,50.0,0.0,0,0,0,1,0,1,0,0,0,0,0,0,0,0
528000.0,120.0,10.45,793.0,7.28,21.0,3.0,0,1,0,0,0,1,0,0,0,0,1,0,1,0
1284000.0,12.0,10.39,687.0,0.0,57.0,2.0,0,1,0,0,0,0,1,0,0,0,0,0,1,0
1002000.0,360.0,11.33,752.0,2.53,30.0,1.0,0,0,1,0,0,1,0,0,0,0,0,1,0,1
447000.0,120.0,11.49,740.0,3.21,23.0,1.0,0,0,0,0,1,0,0,1,0,0,1,0,1,0
1073000.0,36.0,13.14,569.0,12.17,35.0,2.0,0,0,0,0,0,0,0,0,0,0,0,1,0,1
100000.0,36.0,9.04,663.0,2.39,29.0,1.0,0,0,1,0,0,0,0,1,0,0,0,0,1,0
258000.0,360.0,13.48,681.0,9.75,31.0,4.0,0,0,0,1,0,0,0,0,0,1,1,0,0,0
891000.0,36.0,14.56,749.0,8.08,25.0,0.0,0,1,0,0,0,0,0,0,1,0,0,0,0,0
550000.0,24.0,10.07,771.0,12.84,45.0,3.0,0,1,0,0,0,1,0,0,0,0,0,1,1,0
485000.0,24.0,11.66,750.0,17.93,50.0,2.0,0,0,0,0,0,0,1,0,0,0,1,0,1,0
381000.0,360.0,11.22,675.0,0.0,31.0,4.0,0,0,1,0,0,0,0,0,0,1,0,0,1,0
588000.0,360.0,11.41,647.0,5.11,21.0,2.0,0,1,0,0,0,0,0,0,0,1,1,0,0,1
100000.0,36.0,9.23,683.0,7.71,21.0,1.0,0,0,1,0,0,0,0,0,1,0,0,0,0,1
505000.0,120.0,11.88,708.0,2.9,24.0,0.0,0,0,0,0,1,0,0,0,1,0,1,0,0,0
781000.0,120.0,11.55,763.0,3.41,38.0,3.0,0,0,0,1,0,0,0,0,0,0,0,0,0,1
752000.0,360.0,10.79,694.0,2.63,36.0,4.0,0,1,0,0,0,0,0,0,0,1,0,1,0,1
318000.0,12.0,10.12,664.0,8.63,37.0,0.0,0,0,0,0,1,0,0,0,0,0,1,0,1,0
553000.0,24.0,7.0,622.0,8.23,42.0,3.0,0,0,0,1,0,0,1,0,0,0,0,1,1,0
186000.0,12.0,11.57,695.0,6.24,54.0,0.0,0,0,0,0,0,0,0,0,0,1,0,0,0,1
527000.0,12.0,13.11,681.0,4.85,48.0,3.0,0,0,1,0,0,1,0,0,0,0,1,0,0,0
168000.0,12.0,9.81,663.0,5.82,32.0,1.0,0,0,0,0,0,1,0,0,0,0,0,1,1,0
567000.0,24.0,10.8,644.0,0.0,21.0,1.0,0,0,1,0,0,1,0,0,0,0,0,0,0,0
412000.0,240.0,7.0,655.0,0.0,55.0,0.0,0,0,0,1,0,0,1,0,0,0,0,0,0,1
657000.0,360.0,10.93,687.0,2.67,55.0,0.0,0,0,0,0,0,0,0,0,1,0,1,0,0,0
804000.0,120.0,14.76,713.0,3.45,37.0,2.0,0,0,0,0,1,0,0,0,0,0,0,1,1,0
309000.0,240.0,9.99,629.0,6.64,34.0,0.0,0,0,0,0,0,0,0,1,0,0,1,0,1,0
784000.0,360.0,8.77,673.0,5.45,64.0,4.0,0,0,1,0,0,0,0,0,0,0,0,0,0,1
742000.0,36.0,10.2,707.0,5.67,50.0,2.0,0,0,0,0,1,0,0,0,0,1,1,0,0,0
494000.0,240.0,12.71,628.0,11.45,34.0,4.0,0,0,0,0,1,0,0,1,0,0,1,0,0,1
512000.0,360.0,13.95,696.0,10.0,38.0,2.0,0,0,0,1,0,0,0,0,0,1,0,0,1,0
946000.0,120.0,12.96,719.0,8.85,62.0,1.0,0,1,0,0,0,0,0,1,0,0,1,0,1,0
808000.0,24.0,11.44,657.0,3.15,38.0,3.0,0,0,0,0,0,0,0,0,0,0,1,0,0,0
561000.0,120.0,10.99,737.0,5.19,24.0,4.0,0,0,1,0,0,1,0,0,0,0,1,0,1,0
100000.0,36.0,14.64,758.0,14.73,41.0,1.0,0,0,1,0,0,0,0,0,0,0,0,1,1,0
357000.0,24.0,11.41,607.0,12.04,39.0,2.0,0,0,0,0,0,1,0,0,0,0,0,1,0,1
367000.0,120.0,10.3,768.0,2.67,42.0,3.0,0,0,0,0,1,1,0,0,0,0,0,0,0,0
140000.0,60.0,12.7,717.0,5.31,40.0,3.0,0,0,1,0,0,0,0,0,1,0,0,0,0,0
772000.0,240.0,10.39,713.0,0.53,65.0,1.0,0,0,1,0,0,0,0,0,0,1,0,1,0,1
409000.0,60.0,12.81,741.0,12.0,62.0,3.0,0,0,0,0,0,0,0,0,0,1,0,0,0,1
790000.0,36.0,10.4,631.0,3.59,34.0,4.0,0,0,1,0,0,0,0,0,0,0,1,0,0,1
802000.0,36.0,12.7,665.0,6.0,65.0,0.0,0,1,0,0,0,0,0,0,0,1,1,0,1,0
575000.0,240.0,12.31,607.0,2.82,52.0,3.0,0,0,0,0,1,0,0,1,0,0,0,0,1,0
734000.0,24.0,12.39,587.0,7.66,55.0,4.0,0,1,0,0,0,0,1,0,0,0,0,0,0,1
662000.0,36.0,10.41,732.0,13.65,62.0,1.0,0,0,0,0,0,0,0,1,0,0,0,1,1,0
591000.0,60.0,9.84,653.0,2.07,44.0,0.0,0,0,0,1,0,0,0,0,0,1,0,0,1,0
755000.0,60.0,8.31,662.0,14.82,39.0,1.0,0,0,0,1,0,0,0,1,0,0,0,1,1,0
692000.0,360.0,12.47,727.0,11.11,55.0,2.0,0,0,1,0,0,0,0,0,0,1,0,1,0,1
277000.0,24.0,10.52,676.0,1.68,25.0,4.0,0,0,0,0,1,0,0,1,0,0,0,0,1,0
464000.0,120.0,11.88,742.0,5.63,57.0,1.0,0,1,0,0,0,0,0,0,1,0,0,0,1,0
441000.0,60.0,7.81,720.0,10.8,49.0,2.0,0,0,0,1,0,0,0,0,1,0,0,1,0,1
100000.0,240.0,7.74,731.0,2.42,45.0,0.0,0,0,0,1,0,0,0,0,1,0,0,1,0,0
439000.0,12.0,7.32,658.0,8.72,38.0,2.0,0,0,0,0,0,0,0,0,0,1,0,0,1,0
100000.0,120.0,8.65,622.0,5.75,33.0,1.0,0,0,1,0,0,1,0,0,0,0,0,1,0,0
100000.0,360.0,12.68,695.0,13.7,48.0,2.0,0,0,0,1,0,0,0,0,0,1,1,0,0,0
260000.0,60.0,8.68,659.0,2.25,47.0,2.0,0,0,1,0,0,0,1,0,0,0,1,0,0,1
663000.0,12.0,7.83,683.0,1.63,49.0,1.0,0,0,0,1,0,0,1,0,0,0,0,1,0,0
1190000.0,240.0,12.92,736.0,5.46,46.0,3.0,0,1,0,0,0,0,1,0,0,0,0,0,0,0
154000.0,36.0,10.86,693.0,8.59,31.0,4.0,0,0,0,0,0,0,0,0,0,1,0,1,1,0
217000.0,60.0,9.75,706.0,0.0,61.0,1.0,0,0,1,0,0,0,0,0,0,0,1,0,0,1
901000.0,60.0,7.45,751.0,3.09,54.0,0.0,0,0,1,0,0,0,0,0,1,0,1,0,1,0
100000.0,120.0,11.27,730.0,11.15,55.0,2.0,0,0,0,0,0,1,0,0,0,0,0,0,0,1
1007000.0,36.0,7.71,707.0,4.07,36.0,0.0,0,0,0,1,0,0,0,0,1,0,0,0,0,1
987000.0,360.0,10.92,691.0,1.98,57.0,2.0,0,0,0,0,1,1,0,0,0,0,0,1,0,0
1100000.0,36.0,12.85,806.0,2.13,34.0,1.0,1,0,0,0,1,0,0,0,0,0,0,0,1,0
601000.0,120.0,11.73,749.0,9.0,39.0,4.0,0,1,0,0,0,0,1,0,0,0,0,1,1,0
896000.0,240.0,8.16,612.0,7.34,30.0,1.0,0,0,1,0,0,1,0,0,0,0,1,0,0,1
361000.0,36.0,9.34,700.0,2.42,36.0,3.0,0,0,0,1,0,0,0,0,0,0,0,1,0,1
100000.0,24.0,12.23,670.0,7.94,45.0,0.0,0,1,0,0,0,1,0,0,0,0,1,0,0,1
100000.0,120.0,7.06,715.0,6.29,65.0,4.0,0,1,0,0,0,0,0,1,0,0,1,0,1,0
1224000.0,12.0,12.35,668.0,5.81,47.0,1.0,0,0,1,0,0,0,1,0,0,0,1,0,0,0
530000.0,240.0,8.28,769.0,14.46,30.0,0.0,0,0,0,0,1,0,0,1,0,0,1,0,0,1
535000.0,60.0,12.63,745.0,0.0,27.0,4.0,0,0,1,0,0,0,0,0,0,1,0,0,1,0
1012000.0,24.0,13.58,764.0,4.28,45.0,4.0,0,0,1,0,0,0,1,0,0,0,0,1,1,0
607000.0,120.0,9.99,634.0,3.33,54.0,2.0,0,1,0,0,0,0,0,0,0,0,1,0,1,0
481000.0,240.0,10.94,695.0,7.96,23.0,3.0,0,0,0,0,1,0,0,0,0,1,0,0,0,0
951000.0,360.0,7.0,710.0,19.11,54.0,4.0,0,0,0,1,0,0,0,0,1,0,1,0,0,0
538000.0,12.0,12.79,754.0,8.61,29.0,3.0,0,0,0,0,0,0,0,0,0,1,0,0,0,0
591000.0,24.0,12.19,720.0,4.05,58.0,2.0,0,0,1,0,0,1,0,0,0,0,0,1,0,0
300000.0,120.0,10.53,734.0,5.72,32.0,4.0,1,0,1,0,0,0,0,1,0,0,0,1,0,1
292000.0,24.0,11.38,717.0,4.36,36.0,1.0,0,0,0,0,0,0,0,0,0,1,0,1,0,1
100000.0,120.0,8.59,679.0,4.41,45.0,2.0,0,1,0,0,0,1,0,0,0,0,1,0,0,1
609000.0,120.0,9.4,678.0,3.13,28.0,1.0,0,1,0,0,0,0,0,0,1,0,0,0,0,0
792000.0,120.0,10.62,727.0,3.7,24.0,4.0,0,0,0,0,0,0,1,0,0,0,0,1,0,0
1259000.0,12.0,8.15,692.0,2.7,32.0,1.0,0,1,0,0,0,1,0,0,0,0,0,1,0,1
772000.0,60.0,9.93,781.0,2.59,25.0,4.0,0,0,0,0,1,0,0,1,0,0,0,0,1,0
392000.0,240.0,12.11,693.0,0.0,41.0,4.0,0,0,1,0,0,1,0,0,0,0,1,0,0,1
857000.0,60.0,13.74,604.0,9.17,54.0,4.0,0,0,1,0,0,0,1,0,0,0,0,0,1,0
100000.0,60.0,13.13,591.0,6.16,39.0,3.0,1,0,1,0,0,0,0,0,0,0,0,0,0,0
587000.0,60.0,8.88,701.0,5.59,24.0,1.0,0,0,0,0,0,0,0,1,0,0,1,0,0,0
883000.0,36.0,8.91,694.0,0.0,48.0,2.0,0,0,0,1,0,0,0,0,1,0,0,0,0,0
611000.0,120.0,10.91,685.0,2.24,51.0,2.0,0,0,1,0,0,0,0,1,0,0,1,0,0,1
608000.0,24.0,10.24,638.0,6.99,33.0,3.0,0,0,0,0,1,0,0,0,1,0,0,1,0,0
626000.0,60.0,12.32,704.0,2.76,47.0,0.0,0,1,0,0,0,0,1,0,0,0,0,1,1,0
524000.0,60.0,12.14,703.0,0.0,26.0,2.0,0,0,1,0,0,0,0,0,0,1,0,0,0,1
449000.0,36.0,12.15,737.0,11.05,42.0,2.0,0,1,0,0,0,0,1,0,0,0,0,0,0,1
516000.0,60.0,11.47,685.0,10.38,31.0,4.0,0,0,0,1,0,0,1,0,0,0,1,0,1,0
563000.0,36.0,7.0,690.0,3.88,42.0,0.0,0,0,1,0,0,1,0,0,0,0,0,1,1,0
956000.0,36.0,10.29,661.0,4.91,25.0,2.0,0,1,0,0,0,0,0,1,0,0,1,0,1,0
100000.0,120.0,10.99,626.0,9.04,56.0,4.0,0,1,0,0,0,0,0,0,0,1,1,0,0,0
535000.0,60.0,8.79,694.0,11.38,59.0,4.0,0,1,0,0,0,0,0,0,1,0,1,0,0,0
449000.0,24.0,15.1,694.0,1.44,53.0,1.0,0,0,0,1,0,0,0,0,0,1,1,0,1,0
100000.0,240.0,12.12,762.0,15.81,36.0,4.0,0,0,1,0,0,1,0,0,0,0,0,0,0,0
529000.0,24.0,11.28,766.0,4.01,28.0,1.0,0,1,0,0,0,0,0,0,0,1,0,0,0,1
522000.0,12.0,8.6,688.0,9.07,48.0,3.0,0,0,0,0,1,0,0,0,0,1,1,0,0,0
541000.0,36.0,9.68,706.0,8.8,64.0,2.0,0,0,0,0,0,0,1,0,0,0,1,0,1,0
685000.0,60.0,9.59,731.0,6.58,42.0,0.0,0,0,0,0,1,0,0,0,0,0,0,1,1,0
100000.0,60.0,11.17,610.0,5.61,47.0,1.0,0,0,1,0,0,0,0,0,0,1,1,0,1,0
357000.0,240.0,12.37,619.0,1.16,29.0,2.0,0,1,0,0,0,0,0,0,0,1,1,0,0,0
367000.0,120.0,9.21,749.0,9.03,28.0,1.0,0,0,0,0,1,1,0,0,0,0,0,1,0,0
100000.0,36.0,11.3,762.0,18.1,64.0,4.0,0,0,0,0,1,0,0,1,0,0,1,0,1,0
775000.0,36.0,9.93,640.0,9.84,47.0,0.0,0,0,0,0,1,0,0,0,1,0,0,0,0,0
681000.0,120.0,11.7,739.0,5.98,64.0,1.0,0,0,1,0,0,1,0,0,0,0,0,0,1,0
575000.0,12.0,9.25,714.0,5.46,51.0,4.0,0,0,0,0,0,0,0,1,0,0,0,1,0,0
389000.0,12.0,9.2,720.0,7.54,63.0,0.0,0,0,1,0,0,0,0,0,1,0,0,0,1,0
177000.0,360.0,9.42,616.0,0.77,53.0,3.0,0,0,0,1,0,0,0,0,1,0,0,1,0,0
366000.0,240.0,7.0,685.0,0.73,30.0,0.0,0,0,1,0,0,0,0,1,0,0,0,0,1,0
538000.0,12.0,12.13,706.0,5.27,26.0,1.0,0,0,0,0,1,0,0,1,0,0,1,0,1,0
618000.0,60.0,13.35,705.0,7.11,65.0,2.0,0,0,0,0,1,0,0,1,0,0,1,0,0,0
821000.0,240.0,9.58,686.0,1.39,60.0,3.0,0,1,0,0,0,0,1,0,0,0,0,1,1,0
214000.0,360.0,11.56,646.0,6.93,23.0,4.0,0,0,0,1,0,0,0,0,0,1,1,0,1,0
284000.0,360.0,9.06,650.0,3.44,39.0,3.0,0,0,0,0,0,0,0,0,1,0,1,0,1,0
846000.0,24.0,10.42,694.0,17.55,32.0,0.0,0,0,1,0,0,0,0,0,1,0,1,0,1,0
327000.0,120.0,10.88,746.0,0.0,43.0,0.0,0,0,0,0,1,0,0,0,1,0,0,1,1,0
136000.0,360.0,12.17,590.0,7.71,59.0,4.0,0,1,0,0,0,0,0,1,0,0,0,1,0,0
564000.0,240.0,10.19,704.0,0.0,52.0,0.0,0,0,1,0,0,0,0,0,1,0,0,0,0,0
456000.0,120.0,12.16,731.0,1.76,43.0,4.0,0,0,0,1,0,0,0,0,0,1,0,0,0,1
347000.0,60.0,8.12,685.0,9.79,26.0,0.0,0,0,0,0,0,0,0,0,0,0,1,0,0,1
747000.0,120.0,10.03,632.0,12.18,44.0,2.0,0,0,0,0,0,0,0,1,0,0,1,0,0,0
965000.0,24.0,12.17,698.0,10.83,57.0,1.0,0,1,0,0,0,1,0,0,0,0,1,0,0,1
348000.0,36.0,8.7,751.0,6.38,63.0,0.0,1,0,0,0,0,0,1,0,0,0,0,1,0,0
781000.0,60.0,10.14,730.0,19.83,23.0,0.0,0,0,1,0,0,0,0,0,1,0,0,1,0,1
680000.0,12.0,9.7,796.0,5.37,53.0,3.0,0,0,0,0,0,0,0,0,0,0,1,0,0,0
963000.0,24.0,13.97,733.0,2.59,25.0,3.0,0,0,0,0,1,0,0,0,1,0,0,1,0,1
230000.0,360.0,11.91,637.0,5.26,54.0,2.0,0,0,0,0,0,1,0,0,0,0,0,0,0,0
177000.0,12.0,12.62,715.0,0.21,31.0,0.0,0,1,0,0,0,0,0,0,0,0,0,1,1,0
329000.0,60.0,12.04,691.0,5.82,23.0,4.0,0,0,1,0,0,0,1,0,0,0,0,0,0,0
642000.0,36.0,13.4,751.0,6.54,24.0,2.0,0,0,1,0,0,0,1,0,0,0,1,0,1,0
649000.0,120.0,8.13,710.0,5.57,54.0,2.0,0,1,0,0,0,0,0,0,1,0,0,1,0,0
1188000.0,120.0,10.09,680.0,5.16,31.0,2.0,0,0,0,0,0,0,0,0,0,1,1,0,0,1
524000.0,240.0,11.66,673.0,4.94,58.0,2.0,0,1,0,0,0,1,0,0,0,0,0,0,1,0
100000.0,36.0,15.14,683.0,2.5,29.0,1.0,0,0,1,0,0,0,0,1,0,0,1,0,1,0
758000.0,120.0,10.66,775.0,6.47,59.0,1.0,0,0,0,0,1,0,0,0,0,0,0,1,1,0
313000.0,36.0,11.28,746.0,1.44,26.0,2.0,0,0,0,0,1,0,0,1,0,0,1,0,1,0
704000.0,36.0,9.59,694.0,1.8,32.0,1.0,0,0,1,0,0,0,0,0,1,0,0,0,0,0
405000.0,120.0,7.6,647.0,3.26,33.0,2.0,0,0,0,0,1,0,0,0,0,1,0,0,1,0
500000.0,360.0,11.49,644.0,0.61,64.0,3.0,0,0,0,0,1,0,0,0,0,1,0,1,0,1
531000.0,24.0,8.55,710.0,2.43,30.0,1.0,0,0,0,0,0,0,1,0,0,0,1,0,1,0
533000.0,36.0,8.03,774.0,12.14,58.0,0.0,0,0,0,1,0,0,0,1,0,0,0,0,0,1
437000.0,36.0,10.26,741.0,5.13,55.0,4.0,0,0,1,0,0,0,1,0,0,0,0,0,0,0
519000.0,24.0,7.69,703.0,10.13,42.0,3.0,0,0,0,0,1,0,0,1,0,0,0,1,1,0
640000.0,36.0,11.64,776.0,10.0,52.0,0.0,0,0,1,0,0,0,1,0,0,0,1,0,0,1
273000.0,60.0,9.47,738.0,17.28,59.0,0.0,0,0,1,0,0,0,0,1,0,0,1,0,1,0
607000.0,120.0,9.87,689.0,1.81,47.0,0.0,0,0,1,0,0,0,0,0,0,1,0,0,0,0
539000.0,120.0,8.72,654.0,8.0,42.0,4.0,0,0,0,0,1,0,0,1,0,0,0,1,1,0
598000.0,60.0,13.25,626.0,0.0,43.0,0.0,0,0,0,0,1,0,1,0,0,0,0,0,0,1
196000.0,60.0,7.62,690.0,8.14,53.0,2.0,0,0,0,0,1,0,0,0,1,0,0,1,0,1
100000.0,60.0,10.46,668.0,8.73,56.0,0.0,0,0,1,0,0,1,0,0,0,0,1,0,0,1
498000.0,120.0,13.36,685.0,4.6,62.0,1.0,0,1,0,0,0,1,0,0,0,0,1,0,1,0
580000.0,120.0,9.82,589.0,5.91,56.0,4.0,0,0,0,0,0,0,0,1,0,0,0,0,0,0
608000.0,36.0,14.56,690.0,4.43,55.0,0.0,0,1,0,0,0,0,0,1,0,0,1,0,1,0
892000.0,24.0,11.76,598.0,6.19,38.0,2.0,0,0,0,0,1,1,0,0,0,0,1,0,0,1
899000.0,60.0,10.69,679.0,10.04,56.0,4.0,0,0,1,0,0,0,0,0,0,0,1,0,1,0
699000.0,12.0,13.01,623.0,0.0,55.0,2.0,0,0,0,0,1,0,0,0,0,1,0,0,0,0
203000.0,360.0,10.13,806.0,5.94,45.0,1.0,0,0,0,1,0,1,0,0,0,0,1,0,0,0
248000.0,36.0,11.08,641.0,6.06,25.0,1.0,0,0,0,0,0,0,0,0,0,0,1,0,0,0
160000.0,360.0,9.19,631.0,15.41,30.0,3.0,0,1,0,0,0,0,0,1,0,0,0,0,0,0
100000.0,24.0,14.4,692.0,2.49,23.0,0.0,0,1,0,0,0,0,0,1,0,0,0,0,0,0
343000.0,24.0,9.36,684.0,8.06,34.0,3.0,0,1,0,0,0,0,0,0,0,0,0,0,0,1
632000.0,12.0,11.31,649.0,3.06,40.0,1.0,0,0,0,0,1,0,0,1,0,0,0,1,0,0
841000.0,12.0,13.58,670.0,6.9,42.0,0.0,0,0,1,0,0,0,0,0,1,0,0,1,1,0
334000.0,120.0,10.63,697.0,10.67,25.0,1.0,0,0,1,0,0,0,0,1,0,0,1,0,0,1
426000.0,60.0,11.4,691.0,15.0,45.0,2.0,0,0,0,0,0,0,1,0,0,0,0,1,0,0
223000.0,24.0,10.97,738.0,2.71,31.0,2.0,0,0,0,0,0,0,0,0,1,0,0,0,0,1
1019000.0,12.0,11.78,627.0,19.35,63.0,4.0,0,1,0,0,0,0,0,1,0,0,0,0,0,0
315000.0,36.0,11.08,747.0,3.33,53.0,1.0,0,0,0,1,0,0,0,0,0,1,0,0,0,1
463000.0,24.0,10.44,708.0,13.6,56.0,2.0,1,1,0,0,0,0,0,0,0,0,0,0,0,0
358000.0,12.0,10.61,666.0,8.87,22.0,4.0,0,0,0,1,0,0,1,0,0,0,1,0,0,0
292000.0,60.0,13.61,717.0,3.34,57.0,0.0,0,0,0,0,1,1,0,0,0,0,0,0,0,0
1247000.0,240.0,12.13,769.0,12.87,31.0,4.0,0,0,0,0,0,0,0,0,0,0,0,0,1,0
437000.0,60.0,9.15,605.0,3.03,30.0,2.0,0,1,0,0,0,0,1,0,0,0,0,0,0,1
862000.0,120.0,7.0,712.0,2.02,37.0,0.0,0,0,0,0,1,1,0,0,0,0,0,1,0,1
1195000.0,36.0,9.43,726.0,10.46,29.0,3.0,0,0,0,0,1,0,0,0,0,0,1,0,0,0
458000.0,240.0,14.19,682.0,4.32,42.0,2.0,0,1,0,0,0,1,0,0,0,0,1,0,0,1
139000.0,12.0,10.27,697.0,7.72,46.0,3.0,0,0,0,0,1,0,0,0,0,0,1,0,0,0
799000.0,120.0,7.76,613.0,14.69,34.0,4.0,0,1,0,0,0,0,0,1,0,0,0,0,0,1
161000.0,120.0,11.35,677.0,5.03,58.0,4.0,0,1,0,0,0,0,0,0,0,1,0,1,0,0
593000.0,24.0,10.22,705.0,0.29,24.0,3.0,0,0,0,0,1,1,0,0,0,0,1,0,0,0
506000.0,240.0,11.27,761.0,3.43,55.0,2.0,0,0,1,0,0,1,0,0,0,0,1,0,1,0
1089000.0,60.0,8.23,641.0,4.53,61.0,2.0,0,0,0,0,0,0,0,0,1,0,0,0,1,0
982000.0,24.0,11.59,783.0,20.13,22.0,2.0,0,0,1,0,0,0,0,0,0,0,0,1,0,1
614000.0,360.0,7.94,677.0,10.32,33.0,1.0,0,0,0,1,0,0,0,0,0,1,0,1,1,0
115000.0,240.0,9.47,679.0,14.56,59.0,2.0,0,0,1,0,0,1,0,0,0,0,0,1,0,0
386000.0,360.0,13.0,714.0,4.43,49.0,4.0,0,0,0,0,0,0,0,0,0,1,1,0,0,0
164000.0,12.0,11.15,695.0,5.45,26.0,3.0,0,0,0,0,1,0,0,1,0,0,1,0,0,1
791000.0,240.0,11.93,744.0,4.61,56.0,0.0,0,0,0,0,0,0,1,0,0,0,0,0,0,1
861000.0,240.0,13.63,674.0,8.44,40.0,0.0,0,0,0,1,0,0,0,0,0,0,0,1,1,0
619000.0,240.0,9.56,695.0,16.25,29.0,1.0,0,0,0,0,0,0,0,0,0,0,0,0,0,1
520000.0,60.0,10.06,753.0,8.97,45.0,3.0,0,1,0,0,0,0,0,1,0,0,0,1,0,0
751000.0,360.0,8.91,680.0,6.47,44.0,1.0,0,0,0,0,0,0,1,0,0,0,0,1,0,1
184000.0,12.0,9.2,656.0,3.64,37.0,1.0,0,0,0,0,0,0,1,0,0,0,1,0,0,0
314000.0,12.0,7.4,692.0,4.55,30.0,0.0,0,1,0,0,0,0,0,0,0,0,1,0,1,0
100000.0,36.0,7.76,719.0,5.21,41.0,1.0,0,0,0,0,0,0,0,0,0,0,0,1,1,0
631000.0,120.0,14.42,721.0,5.25,52.0,1.0,0,0,0,1,0,0,0,0,0,0,0,1,0,0
881000.0,12.0,7.58,680.0,3.89,40.0,2.0,0,1,0,0,0,0,1,0,0,0,0,1,0,0
867000.0,24.0,7.0,712.0,7.5,62.0,0.0,0,0,0,1,0,1,0,0,0,0,0,1,0,1
494000.0,120.0,8.83,665.0,7.6,32.0,3.0,0,0,0,0,1,0,0,0,0,0,0,1,1,0
815000.0,12.0,9.01,663.0,4.04,60.0,2.0,0,0,0,0,1,0,1,0,0,0,1,0,0,0
548000.0,36.0,15.09,648.0,14.0,64.0,4.0,0,1,0,0,0,0,1,0,0,0,0,0,0,0
753000.0,240.0,11.11,718.0,5.48,60.0,0.0,0,1,0,0,0,1,0,0,0,0,1,0,0,0
473000.0,24.0,13.69,737.0,1.5,61.0,2.0,0,0,0,1,0,0,0,1,0,0,0,1,0,0
536000.0,36.0,11.48,740.0,9.02,21.0,1.0,0,0,1,0,0,0,0,0,0,0,0,0,0,1
469000.0,60.0,8.01,714.0,4.26,64.0,3.0,0,0,0,1,0,0,1,0,0,0,1,0,1,0
235000.0,36.0,13.25,607.0,8.18,31.0,2.0,0,0,1,0,0,0,0,0,0,0,1,0,1,0
908000.0,360.0,12.64,698.0,7.85,45.0,4.0,0,0,0,0,1,0,0,1,0,0,1,0,0,1
430000.0,24.0,10.85,652.0,3.11,39.0,2.0,0,1,0,0,0,0,0,0,0,1,0,1,1,0
286000.0,360.0,10.01,723.0,0.52,48.0,1.0,0,0,0,0,1,0,1,0,0,0,1,0,0,0
622000.0,240.0,11.97,706.0,3.82,26.0,1.0,0,1,0,0,0,1,0,0,0,0,0,0,0,0
579000.0,60.0,9.66,595.0,5.4,61.0,0.0,1,1,0,0,0,0,1,0,0,0,0,0,0,0
343000.0,240.0,10.91,658.0,1.76,53.0,4.0,0,0,0,1,0,0,0,0,0,1,0,1,0,1
664000.0,120.0,11.66,707.0,10.0,60.0,2.0,0,0,1,0,0,0,0,0,0,0,0,0,1,0
100000.0,12.0,7.96,654.0,11.46,36.0,0.0,0,0,0,0,1,0,0,0,1,0,1,0,1,0
100000.0,120.0,9.13,791.0,4.23,46.0,2.0,0,0,0,0,1,0,0,0,1,0,1,0,0,1
245000.0,120.0,11.15,731.0,6.1,36.0,4.0,0,0,0,1,0,0,0,0,1,0,0,0,1,0
337000.0,12.0,12.1,730.0,2.55,33.0,1.0,0,0,0,1,0,0,0,0,0,0,0,1,1,0
206000.0,240.0,9.15,700.0,11.08,32.0,3.0,0,0,0,0,1,0,1,0,0,0,0,0,1,0
609000.0,120.0,9.14,698.0,9.15,62.0,1.0,0,0,0,0,0,0,0,1,0,0,0,0,0,0
799000.0,60.0,8.8,652.0,5.29,64.0,4.0,0,0,1,0,0,0,0,0,0,1,0,1,0,0
480000.0,36.0,7.0,732.0,6.74,25.0,0.0,0,0,0,1,0,1,0,0,0,0,0,0,0,0
100000.0,24.0,10.49,592.0,6.81,56.0,3.0,0,0,0,0,0,0,0,0,0,1,0,0,1,0
395000.0,12.0,7.61,668.0,3.4,58.0,0.0,0,0,0,0,1,0,0,1,0,0,1,0,0,0
787000.0,24.0,9.66,703.0,0.96,52.0,2.0,0,0,0,0,0,0,0,1,0,0,0,0,0,0
461000.0,60.0,12.43,630.0,12.39,55.0,1.0,0,0,0,0,1,0,0,0,0,1,1,0,1,0
535000.0,60.0,7.0,747.0,16.8,60.0,3.0,0,0,0,1,0,1,0,0,0,0,0,1,1,0
516000.0,120.0,10.99,632.0,8.94,33.0,1.0,1,0,0,0,0,0,0,0,0,0,1,0,0,1
291000.0,360.0,11.4,686.0,12.53,61.0,4.0,0,0,0,0,1,1,0,0,0,0,0,1,0,0
674000.0,240.0,12.75,774.0,5.73,53.0,4.0,0,0,0,0,1,0,0,0,0,1,0,0,0,0
462000.0,36.0,9.17,587.0,4.46,29.0,1.0,0,0,0,1,0,1,0,0,0,0,0,1,1,0
606000.0,120.0,9.83,730.0,4.96,27.0,4.0,1,0,0,0,1,1,0,0,0,0,1,0,0,0
840000.0,60.0,10.33,729.0,4.88,63.0,2.0,0,1,0,0,0,0,1,0,0,0,1,0,0,1
533000.0,24.0,7.74,699.0,0.0,54.0,3.0,0,1,0,0,0,0,0,0,1,0,1,0,0,0
463000.0,360.0,8.71,606.0,6.19,35.0,3.0,0,0,0,0,1,0,0,0,0,0,0,1,1,0
477000.0,120.0,11.15,708.0,0.0,53.0,3.0,0,1,0,0,0,0,0,0,1,0,0,1,0,1
365000.0,24.0,11.26,583.0,3.2,26.0,2.0,0,0,0,0,0,0,0,0,0,0,1,0,0,1
378000.0,60.0,9.54,676.0,4.29,60.0,3.0,0,0,0,1,0,0,0,1,0,0,1,0,0,0
420000.0,24.0,14.27,633.0,1.95,63.0,4.0,0,0,0,0,0,0,0,1,0,0,0,0,1,0
554000.0,240.0,9.71,713.0,2.4,52.0,3.0,0,0,0,0,1,0,0,1,0,0,0,0,1,0
431000.0,360.0,9.59,743.0,8.45,37.0,3.0,0,1,0,0,0,0,1,0,0,0,1,0,0,1
493000.0,360.0,11.44,688.0,10.47,21.0,1.0,0,0,0,1,0,0,1,0,0,0,0,1,1,0
502000.0,360.0,10.05,691.0,3.8,30.0,2.0,0,0,0,0,0,0,1,0,0,0,1,0,0,1
842000.0,24.0,12.06,754.0,12.12,36.0,0.0,0,0,0,0,1,0,1,0,0,0,0,1,1,0
562000.0,120.0,7.21,669.0,11.08,43.0,2.0,0,0,1,0,0,1,0,0,0,0,0,1,0,1
298000.0,240.0,11.78,755.0,3.43,43.0,3.0,0,0,0,0,0,0,0,1,0,0,0,0,1,0
391000.0,60.0,13.04,727.0,0.0,59.0,0.0,0,0,0,0,1,0,0,0,0,0,0,0,1,0
165000.0,36.0,10.49,631.0,5.58,21.0,2.0,0,0,0,1,0,0,1,0,0,0,0,0,0,1
408000.0,120.0,9.6,778.0,5.31,40.0,2.0,0,0,1,0,0,0,0,0,0,0,0,1,1,0
460000.0,240.0,13.39,753.0,1.66,63.0,3.0,1,0,0,0,0,0,0,0,0,1,0,1,1,0
367000.0,24.0,11.97,656.0,6.34,34.0,2.0,0,0,0,0,0,0,1,0,0,0,0,0,0,0
100000.0,60.0,12.1,694.0,1.03,47.0,2.0,0,0,0,1,0,0,0,1,0,0,0,1,0,0
1016000.0,12.0,12.28,726.0,2.39,32.0,2.0,0,0,0,1,0,0,0,1,0,0,0,0,0,1
485000.0,12.0,10.71,696.0,2.38,53.0,2.0,0,0,1,0,0,0,0,0,0,1,1,0,1,0
479000.0,24.0,10.22,579.0,6.28,49.0,0.0,0,0,0,1,0,0,1,0,0,0,0,1,0,0
604000.0,120.0,10.56,599.0,4.74,52.0,3.0,0,0,0,0,0,1,0,0,0,0,0,1,1,0
649000.0,240.0,7.0,618.0,0.91,29.0,1.0,0,0,0,0,0,0,1,0,0,0,1,0,1,0
544000.0,36.0,7.72,682.0,7.83,35.0,2.0,0,0,0,1,0,0,0,0,0,0,0,1,0,1
137000.0,120.0,9.2,575.0,0.45,21.0,0.0,0,0,0,1,0,1,0,0,0,0,0,0,0,0
320000.0,240.0,9.12,696.0,5.4,65.0,1.0,0,0,1,0,0,0,0,1,0,0,0,1,0,1
647000.0,12.0,11.48,738.0,7.06,22.0,2.0,0,0,1,0,0,0,1,0,0,0,0,1,0,1
522000.0,24.0,9.75,645.0,6.49,25.0,1.0,1,0,0,1,0,0,0,0,0,1,1,0,1,0
838000.0,240.0,12.32,775.0,1.95,34.0,2.0,0,0,0,0,0,0,0,0,1,0,0,1,0,1
400000.0,60.0,11.99,801.0,6.17,45.0,0.0,0,1,0,0,0,0,0,0,0,1,0,0,0,0
622000.0,360.0,13.99,664.0,13.54,38.0,0.0,0,1,0,0,0,0,0,0,0,1,0,1,0,1
635000.0,240.0,10.7,715.0,8.41,48.0,2.0,0,1,0,0,0,1,0,0,0,0,1,0,0,0
399000.0,360.0,9.81,781.0,6.52,29.0,4.0,0,0,1,0,0,0,0,0,1,0,0,0,1,0
327000.0,240.0,9.43,723.0,1.96,39.0,1.0,0,0,0,0,1,0,0,0,0,1,0,0,0,0
738000.0,360.0,11.87,655.0,0.8,60.0,3.0,0,0,0,0,1,0,0,0,0,1,1,0,1,0
354000.0,240.0,7.96,685.0,0.0,48.0,2.0,0,0,0,0,0,0,1,0,0,0,0,1,1,0
566000.0,120.0,8.7,688.0,9.28,59.0,4.0,0,0,0,0,1,0,0,0,0,0,0,0,0,1
450000.0,36.0,11.7,702.0,4.17,32.0,0.0,0,1,0,0,0,0,0,0,1,0,0,1,1,0
174000.0,60.0,8.85,725.0,10.43,32.0,3.0,0,1,0,0,0,0,0,0,0,0,0,0,0,0
620000.0,12.0,10.5,717.0,5.32,64.0,4.0,0,0,1,0,0,0,0,0,0,0,1,0,0,0
504000.0,60.0,8.19,634.0,0.1,36.0,2.0,0,0,0,1,0,0,0,0,0,0,1,0,0,0
580000.0,60.0,7.0,690.0,12.06,57.0,3.0,0,0,1,0,0,0,1,0,0,0,0,0,1,0
609000.0,36.0,10.46,708.0,7.56,49.0,1.0,0,0,0,0,1,1,0,0,0,0,1,0,0,0
1135000.0,360.0,9.02,728.0,14.66,23.0,2.0,0,1,0,0,0,1,0,0,0,0,0,0,0,0
397000.0,12.0,10.61,775.0,0.0,52.0,3.0,0,0,0,0,0,0,0,0,0,0,0,0,0,0
493000.0,360.0,13.53,725.0,9.09,52.0,3.0,0,0,0,1,0,0,1,0,0,0,0,1,1,0
706000.0,36.0,10.75,750.0,2.42,42.0,0.0,0,0,0,1,0,0,1,0,0,0,0,0,0,0
946000.0,360.0,10.57,726.0,14.62,24.0,1.0,0,0,1,0,0,0,0,0,0,1,0,1,0,0
811000.0,24.0,11.23,756.0,1.44,63.0,2.0,0,0,0,0,0,0,1,0,0,0,1,0,0,1
498000.0,24.0,10.02,696.0,11.09,63.0,4.0,0,0,0,0,0,1,0,0,0,0,0,1,0,1
327000.0,12.0,9.03,659.0,5.62,56.0,4.0,0,0,1,0,0,0,0,0,0,0,0,0,0,0
241000.0,24.0,8.98,655.0,2.57,47.0,3.0,0,0,0,0,0,0,1,0,0,0,0,1,0,1
620000.0,36.0,10.3,602.0,2.08,21.0,2.0,0,1,0,0,0,0,0,0,0,0,1,0,0,0
845000.0,12.0,10.32,687.0,9.0,36.0,3.0,0,0,0,0,1,0,1,0,0,0,0,0,0,0
100000.0,12.0,12.13,732.0,14.14,63.0,3.0,0,0,0,0,0,0,0,1,0,0,0,1,1,0
1252000.0,240.0,11.91,635.0,0.0,62.0,3.0,0,0,0,1,0,0,1,0,0,0,1,0,0,0
399000.0,36.0,9.26,650.0,5.93,23.0,4.0,0,0,0,0,0,1,0,0,0,0,0,0,0,1
1017000.0,60.0,7.55,813.0,0.0,62.0,3.0,0,0,1,0,0,0,0,1,0,0,0,1,0,1
272000.0,24.0,10.11,665.0,2.05,48.0,0.0,0,1,0,0,0,0,0,0,0,0,0,1,0,0
366000.0,60.0,13.59,632.0,1.74,38.0,4.0,0,0,0,0,1,0,0,0,1,0,0,0,1,0
393000.0,120.0,9.57,679.0,0.0,45.0,0.0,0,0,0,1,0,0,0,1,0,0,0,0,0,1
788000.0,120.0,8.09,729.0,12.27,39.0,1.0,0,1,0,0,0,0,0,0,1,0,0,0,1,0
134000.0,24.0,9.98,756.0,15.36,59.0,3.0,0,0,0,0,1,0,0,1,0,0,0,0,1,0
756000.0,60.0,7.27,639.0,1.59,28.0,4.0,0,0,1,0,0,0,1,0,0,0,0,1,0,0
608000.0,120.0,8.94,710.0,3.99,58.0,0.0,0,0,1,0,0,0,0,1,0,0,1,0,1,0
350000.0,240.0,10.45,770.0,5.84,44.0,1.0,0,0,0,1,0,0,1,0,0,0,0,1,1,0
840000.0,36.0,11.44,826.0,1.88,47.0,0.0,0,0,0,0,1,0,0,0,0,1,0,1,1,0
377000.0,24.0,13.68,653.0,4.14,24.0,0.0,0,0,1,0,0,0,0,0,1,0,1,0,1,0
100000.0,360.0,14.04,725.0,1.42,36.0,0.0,0,0,0,1,0,0,0,0,0,0,1,0,0,0
418000.0,60.0,12.25,681.0,14.91,44.0,1.0,0,0,1,0,0,0,0,0,1,0,0,1,1,0
666000.0,60.0,11.98,740.0,2.36,49.0,4.0,0,0,1,0,0,0,0,0,1,0,0,1,1,0
440000.0,12.0,8.28,718.0,4.17,29.0,2.0,0,1,0,0,0,0,0,0,0,1,0,1,0,0
678000.0,24.0,10.21,690.0,0.91,54.0,1.0,0,1,0,0,0,0,0,0,0,1,0,0,0,1
506000.0,24.0,11.28,729.0,0.0,45.0,4.0,0,0,0,1,0,0,1,0,0,0,0,1,1,0
397000.0,240.0,11.23,773.0,3.1,21.0,3.0,0,0,0,0,1,0,0,0,0,0,1,0,1,0
130000.0,12.0,9.12,614.0,0.9,58.0,0.0,0,0,0,0,0,0,0,1,0,0,1,0,0,0
812000.0,36.0,9.42,757.0,0.0,48.0,4.0,0,0,1,0,0,1,0,0,0,0,0,1,0,0
709000.0,120.0,11.85,694.0,6.4,33.0,2.0,0,1,0,0,0,0,1,0,0,0,0,0,1,0
420000.0,12.0,8.81,691.0,3.14,65.0,4.0,0,0,1,0,0,0,0,0,0,0,1,0,1,0
782000.0,36.0,10.99,737.0,9.24,26.0,0.0,0,0,0,0,0,0,0,0,0,1,0,0,1,0
195000.0,36.0,14.5,725.0,4.41,50.0,0.0,0,0,0,0,0,1,0,0,0,0,0,0,0,0
112000.0,12.0,10.06,663.0,0.0,36.0,0.0,0,0,0,0,0,0,1,0,0,0,0,0,0,1
196000.0,360.0,11.75,623.0,1.81,40.0,0.0,0,0,0,0,0,0,1,0,0,0,0,1,0,0
264000.0,24.0,10.5,795.0,17.75,61.0,1.0,0,1,0,0,0,0,0,1,0,0,0,1,1,0
361000.0,60.0,9.19,671.0,6.72,36.0,1.0,0,1,0,0,0,1,0,0,0,0,0,0,0,0
780000.0,60.0,8.86,701.0,15.12,55.0,4.0,0,0,0,0,1,0,1,0,0,0,0,1,0,1
400000.0,24.0,13.0,698.0,5.31,50.0,2.0,0,0,0,0,0,0,0,0,0,1,1,0,0,1
271000.0,120.0,12.83,671.0,11.75,42.0,2.0,0,1,0,0,0,0,1,0,0,0,0,0,1,0
976000.0,24.0,10.68,604.0,5.63,37.0,4.0,0,0,0,0,1,0,0,0,0,1,1,0,0,1
331000.0,240.0,10.82,716.0,3.71,58.0,0.0,0,0,0,1,0,0,0,0,1,0,1,0,1,0
554000.0,36.0,10.44,645.0,0.0,22.0,0.0,0,1,0,0,0,0,0,0,0,1,1,0,1,0
419000.0,360.0,10.71,601.0,8.54,24.0,1.0,0,1,0,0,0,0,0,0,0,0,0,0,1,0
878000.0,120.0,11.41,710.0,5.48,45.0,3.0,0,0,0,0,0,0,0,0,1,0,0,0,1,0
372000.0,360.0,7.56,667.0,3.04,30.0,1.0,0,0,0,0,1,0,1,0,0,0,0,1,1,0
356000.0,36.0,11.42,665.0,0.0,58.0,0.0,0,0,1,0,0,0,1,0,0,0,0,0,1,0
502000.0,360.0,10.02,712.0,4.31,41.0,2.0,0,0,0,1,0,0,0,0,0,0,0,0,0,1
218000.0,60.0,10.28,715.0,0.0,57.0,3.0,0,0,0,0,0,0,0,0,0,0,1,0,0,0
730000.0,36.0,7.0,752.0,9.41,51.0,4.0,0,0,0,0,1,0,0,1,0,0,1,0,0,0
100000.0,24.0,14.53,731.0,11.92,65.0,3.0,0,1,0,0,0,0,0,0,1,0,0,1,1,0
100000.0,36.0,10.91,717.0,9.14,46.0,0.0,0,0,0,0,1,0,1,0,0,0,0,0,0,1
746000.0,60.0,7.74,741.0,8.4,53.0,1.0,0,1,0,0,0,0,0,0,0,1,0,1,0,1
597000.0,24.0,11.29,773.0,18.52,55.0,3.0,0,1,0,0,0,0,0,0,1,0,1,0,0,1
339000.0,60.0,12.01,654.0,0.0,32.0,3.0,0,0,0,0,1,0,0,0,0,1,0,0,0,0
434000.0,12.0,9.33,632.0,12.35,35.0,4.0,0,0,0,1,0,0,0,1,0,0,0,1,1,0
243000.0,360.0,11.42,675.0,5.01,59.0,3.0,0,1,0,0,0,0,0,0,1,0,0,1,0,0
237000.0,60.0,9.47,750.0,11.87,50.0,0.0,0,0,1,0,0,1,0,0,0,0,1,0,1,0
370000.0,60.0,11.56,709.0,3.37,65.0,0.0,0,1,0,0,0,0,0,0,0,1,1,0,0,1
583000.0,60.0,11.88,766.0,3.1,29.0,1.0,0,1,0,0,0,0,0,0,1,0,1,0,0,0
879000.0,360.0,10.88,678.0,3.25,31.0,4.0,0,0,1,0,0,0,0,1,0,0,0,0,0,0
463000.0,360.0,9.8,713.0,3.23,24.0,0.0,0,0,1,0,0,0,1,0,0,0,1,0,0,1
230000.0,120.0,9.96,697.0,7.88,23.0,1.0,0,0,1,0,0,0,0,0,0,0,0,1,1,0
268000.0,120.0,10.76,695.0,4.94,44.0,4.0,0,0,0,0,0,0,1,0,0,0,0,0,0,0
1169000.0,60.0,12.06,667.0,4.23,28.0,4.0,0,0,0,0,1,0,0,0,0,0,0,0,1,0
292000.0,120.0,11.62,796.0,4.27,51.0,4.0,0,0,0,0,0,0,0,0,0,0,0,0,1,0
506000.0,24.0,13.64,750.0,1.68,26.0,0.0,0,0,0,1,0,0,0,1,0,0,0,0,0,0
570000.0,240.0,11.17,732.0,2.91,44.0,3.0,0,0,1,0,0,0,0,0,0,1,0,0,0,1
210000.0,60.0,10.81,758.0,0.57,23.0,4.0,0,0,1,0,0,0,0,1,0,0,0,1,0,0
383000.0,120.0,11.4,621.0,3.26,63.0,3.0,0,0,0,0,0,0,0,0,0,0,0,0,1,0
231000.0,60.0,12.33,666.0,5.63,30.0,1.0,0,0,1,0,0,0,0,0,1,0,0,0,0,1
698000.0,120.0,10.74,697.0,7.25,53.0,1.0,0,1,0,0,0,0,1,0,0,0,0,0,0,0
189000.0,360.0,11.73,713.0,1.82,27.0,0.0,0,0,0,1,0,1,0,0,0,0,0,1,0,0
541000.0,240.0,9.46,591.0,6.26,63.0,0.0,0,0,0,0,0,0,0,0,0,0,1,0,1,0
319000.0,120.0,11.69,747.0,5.62,60.0,1.0,0,0,1,0,0,0,0,0,1,0,0,1,0,0
304000.0,120.0,11.31,740.0,12.45,60.0,3.0,0,0,0,1,0,1,0,0,0,0,0,0,0,0
446000.0,120.0,7.0,781.0,13.43,35.0,0.0,0,0,1,0,0,0,0,0,0,1,1,0,1,0
778000.0,24.0,7.0,646.0,4.53,51.0,3.0,0,0,0,0,1,0,0,0,1,0,0,1,0,1
621000.0,24.0,9.64,658.0,6.02,37.0,3.0,0,0,1,0,0,1,0,0,0,0,0,0,1,0
280000.0,240.0,10.19,664.0,2.43,48.0,0.0,0,0,0,0,0,0,0,1,0,0,0,0,1,0
597000.0,36.0,10.75,793.0,1.89,60.0,4.0,0,0,0,0,1,0,1,0,0,0,0,0,0,1
732000.0,120.0,7.0,664.0,0.0,23.0,4.0,0,0,1,0,0,0,0,1,0,0,0,0,0,1
100000.0,60.0,12.01,777.0,8.97,44.0,4.0,0,0,0,1,0,0,0,0,0,0,0,1,0,1
794000.0,360.0,11.17,671.0,10.2,65.0,4.0,0,0,0,0,1,0,0,0,0,1,0,1,1,0
478000.0,360.0,13.17,755.0,6.5,35.0,4.0,0,0,0,0,1,0,1,0,0,0,0,0,0,0
918000.0,120.0,8.68,682.0,14.11,33.0,4.0,0,1,0,0,0,0,0,1,0,0,1,0,1,0
100000.0,360.0,7.0,741.0,16.84,23.0,4.0,0,0,0,0,0,0,0,0,0,0,0,0,0,0
285000.0,36.0,14.59,702.0,5.28,26.0,3.0,0,0,1,0,0,0,0,1,0,0,0,1,0,0
312000.0,60.0,9.8,691.0,6.29,27.0,1.0,0,1,0,0,0,0,0,1,0,0,1,0,0,0
349000.0,60.0,10.15,670.0,5.26,58.0,0.0,0,0,1,0,0,0,0,0,0,0,0,0,1,0
705000.0,120.0,7.0,717.0,0.0,61.0,0.0,0,0,0,0,0,0,0,0,1,0,0,0,0,0
350000.0,240.0,11.25,749.0,3.27,58.0,3.0,0,0,0,1,0,0,1,0,0,0,1,0,0,0
680000.0,120.0,8.2,727.0,2.86,42.0,3.0,0,1,0,0,0,0,0,1,0,0,0,0,0,0
250000.0,36.0,10.44,762.0,20.0,21.0,0.0,0,0,1,0,0,0,0,1,0,0,0,0,1,0
414000.0,360.0,10.42,656.0,13.0,22.0,0.0,0,0,0,0,0,0,0,0,1,0,0,1,0,0
324000.0,36.0,11.91,706.0,2.31,53.0,2.0,0,0,1,0,0,0,0,0,0,1,0,0,0,0
362000.0,60.0,10.3,781.0,7.4,35.0,4.0,0,1,0,0,0,0,0,0,0,0,1,0,0,0
981000.0,12.0,9.1,675.0,6.32,40.0,1.0,0,0,0,0,1,1,0,0,0,0,1,0,0,0
561000.0,12.0,10.41,663.0,15.28,45.0,4.0,0,0,1,0,0,0,1,0,0,0,0,1,0,1
752000.0,24.0,9.03,736.0,2.08,64.0,0.0,0,0,0,0,1,1,0,0,0,0,0,0,0,1
401000.0,360.0,11.39,700.0,5.29,28.0,3.0,0,0,0,0,1,1,0,0,0,0,1,0,1,0
490000.0,12.0,11.54,665.0,3.47,29.0,4.0,0,0,0,1,0,0,1,0,0,0,0,0,1,0
305000.0,240.0,13.57,728.0,16.15,40.0,2.0,0,0,0,0,0,0,0,1,0,0,1,0,1,0
356000.0,240.0,8.61,683.0,0.0,59.0,4.0,0,0,1,0,0,0,1,0,0,0,0,1,0,0
213000.0,36.0,11.66,725.0,11.64,28.0,3.0,0,0,0,0,0,0,0,0,0,1,1,0,0,1
797000.0,360.0,10.02,664.0,1.36,62.0,1.0,0,0,0,0,0,0,0,0,0,0,0,1,0,0
313000.0,60.0,8.13,656.0,6.49,60.0,0.0,0,0,0,0,1,0,0,0,0,1,1,0,0,1
748000.0,24.0,10.7,680.0,4.06,64.0,3.0,0,0,0,0,0,0,1,0,0,0,1,0,0,0
360000.0,360.0,13.07,763.0,0.0,28.0,4.0,0,0,0,0,0,0,0,1,0,0,0,1,0,0
396000.0,36.0,12.2,746.0,5.36,62.0,3.0,0,1,0,0,0,0,0,0,0,0,0,1,0,1
464000.0,60.0,10.69,711.0,5.42,49.0,0.0,0,0,0,0,1,0,0,0,0,0,0,0,0,0
899000.0,12.0,9.79,717.0,1.57,42.0,1.0,0,0,1,0,0,1,0,0,0,0,0,1,1,0
766000.0,12.0,9.77,638.0,8.17,52.0,1.0,0,0,0,0,0,0,0,1,0,0,0,0,0,0
113000.0,120.0,9.36,710.0,3.46,34.0,0.0,0,0,1,0,0,0,0,0,1,0,0,1,0,0
312000.0,12.0,11.28,705.0,5.49,64.0,4.0,0,0,0,0,1,0,0,1,0,0,0,1,1,0
804000.0,12.0,14.6,727.0,9.65,45.0,1.0,0,0,0,1,0,0,0,0,0,0,0,0,0,1
413000.0,24.0,10.74,642.0,8.11,52.0,3.0,0,0,0,0,0,0,0,0,1,0,0,1,0,1
396000.0,36.0,13.22,639.0,0.13,42.0,3.0,0,0,0,0,1,0,0,0,0,0,1,0,0,0
820000.0,240.0,7.89,681.0,5.57,63.0,2.0,0,0,0,1,0,0,1,0,0,0,0,1,0,1
663000.0,240.0,13.03,676.0,6.74,29.0,0.0,0,0,0,1,0,0,0,0,0,0,0,0,0,1
100000.0,120.0,7.69,756.0,3.14,54.0,1.0,0,0,1,0,0,0,0,0,1,0,0,0,0,0
420000.0,12.0,11.1,764.0,4.71,29.0,1.0,0,0,1,0,0,0,1,0,0,0,0,0,0,1
100000.0,24.0,12.53,608.0,1.23,62.0,2.0,0,0,0,0,1,0,0,1,0,0,0,1,0,0
485000.0,360.0,8.98,754.0,15.41,22.0,0.0,0,0,0,0,1,1,0,0,0,0,0,1,0,0
970000.0,36.0,12.42,672.0,11.6,65.0,2.0,0,0,0,1,0,0,0,0,1,0,0,1,1,0
383000.0,24.0,12.94,676.0,5.54,57.0,2.0,0,1,0,0,0,0,0,0,0,0,0,1,1,0
100000.0,360.0,10.04,675.0,5.79,21.0,1.0,0,0,1,0,0,0,0,0,0,1,0,0,1,0
589000.0,360.0,12.27,632.0,7.17,58.0,1.0,0,0,0,0,0,0,0,0,0,1,1,0,0,0
702000.0,24.0,9.85,689.0,2.74,34.0,0.0,0,1,0,0,0,0,0,1,0,0,0,0,0,1
518000.0,12.0,11.22,733.0,6.32,31.0,3.0,0,0,1,0,0,0,0,0,1,0,0,1,0,0
370000.0,120.0,11.04,714.0,4.35,65.0,0.0,0,0,1,0,0,1,0,0,0,0,0,0,0,0
100000.0,360.0,11.56,724.0,7.0,56.0,2.0,0,0,1,0,0,1,0,0,0,0,1,0,1,0
204000.0,240.0,11.16,664.0,3.04,58.0,1.0,0,0,1,0,0,0,0,0,1,0,0,1,0,0
697000.0,12.0,13.1,665.0,8.14,45.0,1.0,0,0,0,0,1,0,0,0,0,1,0,0,1,0
541000.0,240.0,9.44,718.0,0.0,53.0,0.0,0,0,1,0,0,0,0,0,0,1,0,1,1,0
124000.0,36.0,12.01,654.0,4.46,42.0,0.0,0,0,0,0,0,0,0,0,0,0,0,1,0,1
739000.0,60.0,7.32,712.0,5.61,46.0,1.0,0,1,0,0,0,0,1,0,0,0,0,0,0,1
100000.0,360.0,7.05,665.0,2.6,31.0,3.0,0,0,1,0,0,0,1,0,0,0,1,0,0,1
1167000.0,36.0,7.0,761.0,0.0,63.0,2.0,0,1,0,0,0,0,0,0,0,1,0,1,0,1
608000.0,24.0,12.59,674.0,1.05,39.0,2.0,0,0,0,0,1,0,0,0,1,0,0,1,1,0
696000.0,360.0,10.97,697.0,13.64,27.0,1.0,0,1,0,0,0,0,0,0,0,1,0,0,0,0
363000.0,360.0,13.76,795.0,3.22,57.0,4.0,0,0,1,0,0,0,0,1,0,0,1,0,0,1
323000.0,240.0,10.86,712.0,13.25,64.0,3.0,0,0,0,1,0,1,0,0,0,0,0,0,0,0
242000.0,36.0,9.68,699.0,15.46,36.0,4.0,0,0,0,0,1,1,0,0,0,0,0,0,0,1
100000.0,240.0,7.61,682.0,6.09,30.0,2.0,0,0,1,0,0,0,0,1,0,0,0,1,0,0
225000.0,240.0,10.76,664.0,0.0,48.0,4.0,0,0,0,1,0,0,0,0,0,1,0,0,0,1
571000.0,240.0,11.31,672.0,0.43,37.0,1.0,0,0,0,1,0,0,0,0,0,1,0,0,0,0
664000.0,60.0,11.69,704.0,19.62,21.0,4.0,0,0,0,0,0,0,0,1,0,0,1,0,0,1
471000.0,12.0,9.72,654.0,5.3,40.0,0.0,0,1,0,0,0,0,1,0,0,0,0,1,0,1
479000.0,24.0,10.85,744.0,0.91,36.0,3.0,0,0,0,1,0,0,1,0,0,0,0,0,1,0
124000.0,36.0,11.41,654.0,9.71,57.0,0.0,0,1,0,0,0,0,0,0,0,0,0,0,0,1
548000.0,36.0,7.0,617.0,7.84,21.0,3.0,0,0,0,0,1,1,0,0,0,0,0,1,0,1
764000.0,24.0,9.36,594.0,5.94,31.0,0.0,0,0,1,0,0,0,1,0,0,0,0,1,1,0
419000.0,60.0,7.27,729.0,4.83,40.0,1.0,0,0,1,0,0,0,0,0,0,1,0,1,0,0
958000.0,360.0,10.76,627.0,3.12,27.0,0.0,0,0,0,0,1,0,0,1,0,0,0,1,0,1
541000.0,36.0,12.8,721.0,4.45,33.0,4.0,0,0,0,0,0,0,0,0,0,0,0,0,0,0
647000.0,360.0,10.8,640.0,0.0,64.0,3.0,0,0,0,0,1,0,1,0,0,0,0,1,0,1
940000.0,240.0,11.21,637.0,1.83,53.0,1.0,0,1,0,0,0,1,0,0,0,0,0,0,1,0
645000.0,12.0,10.97,756.0,13.97,60.0,2.0,0,0,0,0,0,0,1,0,0,0,0,0,0,0
222000.0,36.0,12.56,655.0,7.06,56.0,3.0,0,0,0,0,1,0,0,0,0,0,0,1,0,0
350000.0,360.0,11.07,748.0,0.0,53.0,0.0,0,0,0,0,1,0,1,0,0,0,1,0,0,1
275000.0,36.0,12.1,726.0,4.62,54.0,2.0,0,0,0,0,0,1,0,0,0,0,0,0,1,0
370000.0,240.0,10.3,698.0,7.12,32.0,0.0,0,0,0,0,1,1,0,0,0,0,1,0,1,0
517000.0,360.0,7.33,738.0,3.95,43.0,0.0,0,0,1,0,0,0,0,0,0,1,0,1,1,0
329000.0,60.0,11.44,603.0,7.89,46.0,2.0,0,0,0,1,0,1,0,0,0,0,1,0,0,1
537000.0,12.0,11.01,769.0,15.18,42.0,4.0,0,0,0,0,1,1,0,0,0,0,0,1,0,1
100000.0,24.0,12.26,733.0,2.5,41.0,4.0,0,0,0,1,0,0,0,0,1,0,1,0,0,1
594000.0,60.0,15.28,732.0,6.04,46.0,4.0,0,0,0,1,0,1,0,0,0,0,0,1,0,1
656000.0,60.0,9.64,635.0,12.32,33.0,1.0,0,0,0,0,1,0,0,0,0,0,1,0,0,0
904000.0,240.0,7.94,777.0,10.22,27.0,4.0,0,0,0,0,1,0,0,0,0,0,0,1,0,1
362000.0,120.0,10.62,767.0,6.96,65.0,2.0,0,0,1,0,0,0,0,0,0,0,0,0,0,1
418000.0,24.0,10.97,640.0,2.01,24.0,1.0,0,0,0,1,0,0,0,0,1,0,0,0,1,0
710000.0,12.0,13.24,625.0,12.81,46.0,2.0,0,0,0,1,0,0,0,1,0,0,0,1,0,0
689000.0,120.0,11.23,782.0,4.6,60.0,0.0,0,1,0,0,0,0,0,0,0,0,0,1,0,0
604000.0,360.0,9.44,767.0,10.33,57.0,2.0,0,0,0,0,1,0,0,0,0,0,0,1,1,0
627000.0,120.0,12.55,721.0,6.62,56.0,3.0,0,1,0,0,0,0,0,1,0,0,1,0,0,0
206000.0,12.0,13.68,664.0,5.15,46.0,4.0,0,0,0,0,0,0,0,0,0,0,1,0,0,1
486000.0,60.0,9.78,718.0,7.22,54.0,1.0,0,0,1,0,0,0,0,0,1,0,0,1,0,1
376000.0,360.0,9.37,752.0,8.1,64.0,1.0,0,0,0,0,1,0,0,0,0,1,0,0,1,0
376000.0,120.0,12.99,704.0,5.65,35.0,4.0,0,0,0,1,0,1,0,0,0,0,0,0,0,1
660000.0,360.0,11.12,650.0,1.6,39.0,1.0,0,0,0,0,1,0,0,0,0,0,1,0,0,1
543000.0,360.0,7.0,657.0,13.82,64.0,0.0,0,1,0,0,0,0,1,0,0,0,0,0,0,0
601000.0,12.0,9.97,622.0,4.89,41.0,2.0,0,0,1,0,0,0,0,0,0,1,0,1,1,0
764000.0,240.0,11.33,669.0,8.46,60.0,3.0,0,0,0,0,0,0,0,1,0,0,0,1,0,1
100000.0,60.0,10.73,749.0,4.8,60.0,0.0,0,0,0,1,0,0,0,0,1,0,1,0,0,0
635000.0,120.0,10.29,709.0,9.86,54.0,4.0,0,0,0,1,0,0,0,0,0,0,1,0,0,1
100000.0,36.0,10.11,720.0,5.66,53.0,2.0,0,0,0,1,0,0,0,0,0,1,0,0,1,0
100000.0,24.0,13.17,785.0,3.78,54.0,2.0,0,1,0,0,0,1,0,0,0,0,0,1,0,0
100000.0,60.0,10.77,704.0,4.77,28.0,1.0,0,0,0,0,0,0,0,0,0,0,0,0,1,0
570000.0,12.0,8.81,630.0,15.65,24.0,0.0,0,0,0,1,0,0,0,0,1,0,1,0,0,1
315000.0,60.0,9.91,700.0,4.77,64.0,0.0,0,0,1,0,0,1,0,0,0,0,0,1,0,1
837000.0,12.0,10.25,692.0,3.03,22.0,0.0,0,1,0,0,0,0,1,0,0,0,0,0,1,0
167000.0,360.0,11.13,708.0,8.98,58.0,0.0,0,0,1,0,0,0,0,0,1,0,1,0,1,0
511000.0,36.0,10.58,730.0,6.44,48.0,3.0,0,0,1,0,0,0,1,0,0,0,1,0,0,1
919000.0,360.0,11.77,685.0,5.17,46.0,3.0,0,1,0,0,0,0,0,0,0,0,1,0,0,0
273000.0,60.0,11.36,734.0,2.28,49.0,0.0,0,0,0,0,1,0,0,0,0,1,1,0,0,1
313000.0,12.0,10.72,714.0,4.32,52.0,4.0,0,1,0,0,0,0,1,0,0,0,0,1,0,0
582000.0,60.0,10.66,673.0,3.55,25.0,0.0,0,0,0,1,0,0,1,0,0,0,1,0,0,0
831000.0,60.0,9.48,729.0,6.96,58.0,4.0,0,1,0,0,0,0,0,0,1,0,1,0,0,1
100000.0,240.0,14.28,786.0,0.79,30.0,2.0,0,0,0,0,0,0,0,1,0,0,0,0,0,0
248000.0,120.0,9.62,657.0,7.94,54.0,3.0,0,0,1,0,0,0,0,0,0,1,0,0,0,0
318000.0,240.0,8.71,681.0,5.31,57.0,1.0,0,1,0,0,0,0,1,0,0,0,1,0,1,0
752000.0,60.0,14.21,770.0,0.0,46.0,4.0,0,0,0,0,1,0,0,0,0,0,1,0,0,1
732000.0,60.0,10.83,712.0,6.17,58.0,4.0,0,0,0,0,0,1,0,0,0,0,0,1,0,1
438000.0,36.0,10.33,703.0,11.03,28.0,0.0,0,0,0,1,0,0,1,0,0,0,0,1,0,1
273000.0,12.0,12.47,702.0,2.99,26.0,1.0,0,1,0,0,0,0,0,0,0,1,0,1,0,1
1216000.0,60.0,12.97,745.0,15.41,33.0,3.0,0,0,1,0,0,0,0,0,1,0,1,0,1,0
636000.0,12.0,12.69,680.0,3.08,61.0,2.0,0,0,0,0,0,0,0,0,1,0,0,1,0,1
162000.0,36.0,12.45,656.0,5.6,42.0,4.0,0,0,1,0,0,0,0,0,0,1,0,1,0,0
576000.0,120.0,12.04,672.0,2.01,37.0,3.0,0,0,0,0,0,0,0,0,0,0,1,0,1,0
472000.0,360.0,11.1,717.0,6.54,51.0,1.0,0,0,1,0,0,0,1,0,0,0,0,0,1,0
617000.0,36.0,9.73,821.0,6.47,25.0,3.0,0,1,0,0,0,1,0,0,0,0,1,0,1,0
553000.0,240.0,13.0,652.0,2.05,46.0,3.0,0,0,1,0,0,0,0,0,0,1,0,0,0,0
591000.0,120.0,8.55,755.0,0.0,55.0,2.0,0,1,0,0,0,0,0,0,0,1,1,0,0,0
589000.0,360.0,8.34,658.0,0.54,39.0,3.0,0,0,0,0,0,0,1,0,0,0,0,1,0,0
404000.0,240.0,8.39,720.0,8.16,64.0,3.0,0,0,0,0,1,0,0,0,0,1,0,0,0,1
200000.0,120.0,10.75,627.0,7.06,36.0,3.0,0,0,0,0,1,0,0,1,0,0,0,0,1,0
211000.0,24.0,10.37,658.0,9.36,36.0,3.0,0,0,1,0,0,0,0,0,1,0,0,1,1,0
188000.0,60.0,10.6,708.0,0.43,34.0,1.0,0,0,0,1,0,0,0,0,1,0,0,1,0,1
447000.0,360.0,9.76,720.0,12.89,38.0,4.0,0,0,0,0,0,0,0,0,0,0,0,0,0,1
475000.0,24.0,13.97,572.0,6.16,35.0,2.0,1,0,0,1,0,0,0,1,0,0,1,0,0,0
843000.0,12.0,13.8,749.0,4.71,37.0,2.0,0,0,0,0,1,1,0,0,0,0,1,0,0,0
480000.0,240.0,11.74,725.0,11.55,47.0,3.0,0,1,0,0,0,1,0,0,0,0,1,0,0,1
711000.0,36.0,9.21,722.0,3.83,25.0,2.0,0,0,0,1,0,0,0,0,1,0,0,1,1,0
996000.0,360.0,9.37,648.0,0.43,42.0,3.0,0,0,0,0,0,1,0,0,0,0,0,0,0,1
100000.0,12.0,10.67,657.0,1.65,40.0,4.0,0,0,0,0,0,1,0,0,0,0,1,0,1,0
934000.0,24.0,12.0,670.0,8.15,53.0,4.0,0,1,0,0,0,1,0,0,0,0,1,0,0,1
100000.0,360.0,11.26,672.0,11.89,38.0,3.0,0,0,0,1,0,0,1,0,0,0,1,0,0,1
671000.0,36.0,9.23,716.0,2.44,34.0,2.0,0,0,1,0,0,0,0,0,0,1,0,1,1,0
100000.0,60.0,11.57,703.0,6.12,28.0,1.0,0,0,0,0,0,0,0,0,1,0,0,0,0,1
709000.0,240.0,10.07,683.0,10.47,39.0,3.0,0,0,0,0,0,0,1,0,0,0,0,1,0,1
166000.0,60.0,9.71,659.0,0.0,38.0,0.0,0,0,0,1,0,0,1,0,0,0,0,1,0,0
666000.0,36.0,10.48,734.0,14.93,26.0,2.0,0,0,0,1,0,1,0,0,0,0,1,0,0,1
749000.0,360.0,10.41,733.0,7.15,27.0,1.0,0,0,0,0,1,1,0,0,0,0,0,1,1,0
204000.0,12.0,11.81,711.0,2.38,61.0,3.0,0,0,0,0,1,1,0,0,0,0,0,1,0,1
586000.0,12.0,12.5,702.0,6.51,22.0,2.0,0,0,1,0,0,1,0,0,0,0,0,0,1,0
777000.0,60.0,10.86,671.0,5.0,37.0,2.0,0,0,0,0,0,0,0,0,0,1,1,0,0,0
856000.0,60.0,8.86,636.0,11.47,31.0,1.0,0,0,0,0,0,0,0,0,1,0,0,1,0,1
195000.0,360.0,10.2,746.0,5.35,38.0,2.0,0,0,0,0,1,0,0,1,0,0,1,0,0,1
737000.0,240.0,10.67,734.0,0.0,33.0,2.0,0,0,0,0,1,0,0,0,0,1,0,1,0,1
924000.0,240.0,8.36,723.0,0.0,61.0,1.0,0,0,0,0,1,0,0,0,0,1,0,0,0,0
799000.0,360.0,14.59,672.0,5.66,60.0,0.0,0,0,1,0,0,0,1,0,0,0,0,0,0,1
429000.0,60.0,12.02,669.0,2.39,49.0,0.0,0,1,0,0,0,0,1,0,0,0,1,0,1,0
319000.0,12.0,9.63,679.0,1.26,59.0,1.0,0,0,0,0,1,0,0,0,0,0,0,0,1,0
288000.0,12.0,11.99,600.0,3.43,53.0,2.0,0,0,0,0,0,0,0,0,0,1,1,0,0,0
905000.0,36.0,11.07,694.0,5.76,21.0,0.0,0,0,1,0,0,0,0,0,0,1,0,1,0,0
1089000.0,12.0,10.4,649.0,0.89,64.0,0.0,0,0,0,0,0,0,1,0,0,0,1,0,0,0
618000.0,36.0,12.27,698.0,0.67,65.0,0.0,0,1,0,0,0,0,0,0,0,0,0,1,1,0
100000.0,240.0,9.7,728.0,0.0,27.0,2.0,0,0,0,1,0,0,0,0,0,1,0,1,0,1
329000.0,12.0,11.48,717.0,16.5,44.0,1.0,0,1,0,0,0,0,0,1,0,0,0,0,1,0
180000.0,60.0,10.71,637.0,8.17,28.0,3.0,0,0,0,0,1,0,0,0,0,0,0,0,0,0
743000.0,240.0,11.23,713.0,9.05,61.0,0.0,0,0,1,0,0,0,0,0,0,1,1,0,0,0
1075000.0,60.0,9.65,644.0,7.72,28.0,3.0,0,1,0,0,0,0,0,0,0,0,0,1,0,1
622000.0,12.0,13.46,634.0,0.0,33.0,3.0,0,1,0,0,0,0,0,0,1,0,1,0,1,0
368000.0,240.0,12.47,749.0,3.18,61.0,4.0,1,1,0,0,0,1,0,0,0,0,1,0,0,1
371000.0,240.0,12.39,639.0,8.16,55.0,3.0,0,0,0,1,0,1,0,0,0,0,0,1,0,0
692000.0,36.0,8.36,692.0,0.0,35.0,3.0,0,0,0,0,0,0,0,1,0,0,0,0,0,1
289000.0,360.0,10.27,687.0,9.28,45.0,2.0,0,0,1,0,0,0,0,0,0,0,0,0,0,0
100000.0,36.0,9.47,570.0,3.43,55.0,3.0,0,1,0,0,0,0,0,0,0,1,1,0,0,1
607000.0,60.0,11.41,627.0,0.36,41.0,4.0,0,0,0,1,0,0,1,0,0,0,0,0,0,0
900000.0,60.0,12.72,601.0,2.01,41.0,0.0,0,0,0,0,1,0,0,0,0,0,0,1,1,0
780000.0,12.0,10.59,653.0,8.4,39.0,1.0,0,0,0,0,0,0,1,0,0,0,0,0,0,1
698000.0,24.0,8.17,664.0,6.42,39.0,2.0,0,0,0,0,1,1,0,0,0,0,0,1,0,0
336000.0,36.0,15.31,685.0,7.6,44.0,3.0,0,0,0,0,1,0,0,0,0,0,1,0,0,0
1268000.0,240.0,8.28,680.0,8.12,23.0,1.0,0,1,0,0,0,1,0,0,0,0,0,1,0,0
620000.0,24.0,15.82,665.0,4.3,57.0,1.0,0,0,1,0,0,0,0,0,0,1,0,1,0,1
384000.0,360.0,8.96,667.0,2.37,60.0,2.0,0,0,0,1,0,0,0,0,0,0,1,0,0,1
100000.0,240.0,11.18,711.0,5.8,42.0,1.0,0,1,0,0,0,0,0,1,0,0,1,0,1,0
497000.0,120.0,10.82,671.0,3.04,22.0,2.0,0,0,0,0,0,0,0,0,1,0,1,0,0,1
485000.0,24.0,13.58,668.0,3.31,58.0,0.0,0,1,0,0,0,1,0,0,0,0,0,0,1,0
1091000.0,360.0,10.41,688.0,15.0,51.0,2.0,0,0,1,0,0,0,0,0,1,0,0,0,0,1
841000.0,360.0,9.18,697.0,14.02,56.0,3.0,0,0,1,0,0,0,0,0,0,0,0,1,0,1
100000.0,60.0,7.0,791.0,4.81,44.0,1.0,0,1,0,0,0,0,0,0,0,1,0,1,1,0
796000.0,240.0,9.54,681.0,3.4,38.0,0.0,0,1,0,0,0,0,1,0,0,0,1,0,0,1
471000.0,360.0,12.23,697.0,0.0,56.0,3.0,1,0,1,0,0,1,0,0,0,0,0,1,0,0
534000.0,24.0,10.74,722.0,6.52,46.0,1.0,0,0,0,0,0,0,0,0,0,0,0,1,1,0
599000.0,240.0,10.67,626.0,3.28,37.0,4.0,0,1,0,0,0,0,0,0,0,0,0,0,1,0
556000.0,240.0,10.31,720.0,17.42,42.0,4.0,0,0,0,0,0,1,0,0,0,0,1,0,0,1
609000.0,60.0,10.08,702.0,3.86,45.0,2.0,0,0,0,0,1,0,0,0,0,1,1,0,0,1
265000.0,60.0,10.2,694.0,9.03,21.0,4.0,0,1,0,0,0,0,0,1,0,0,1,0,1,0
100000.0,120.0,10.38,695.0,3.65,44.0,1.0,0,0,0,1,0,0,0,0,1,0,0,1,1,0
172000.0,120.0,9.25,702.0,2.37,35.0,1.0,0,0,0,1,0,0,0,1,0,0,0,1,0,1
587000.0,240.0,11.64,718.0,3.9,38.0,3.0,0,0,0,0,1,0,1,0,0,0,1,0,0,1
260000.0,24.0,11.93,758.0,20.6,60.0,0.0,0,0,0,0,1,0,0,0,0,0,1,0,1,0
325000.0,60.0,11.17,771.0,5.56,31.0,3.0,0,1,0,0,0,0,0,1,0,0,0,0,1,0
1053000.0,24.0,8.87,657.0,4.99,48.0,4.0,0,0,0,1,0,0,0,0,0,0,0,0,0,1
318000.0,120.0,14.2,830.0,9.37,29.0,0.0,0,0,0,1,0,0,0,1,0,0,1,0,1,0
663000.0,36.0,12.46,720.0,6.27,32.0,2.0,0,0,0,0,0,1,0,0,0,0,0,1,0,0
508000.0,120.0,10.3,704.0,6.0,50.0,2.0,0,0,0,0,1,0,0,0,0,0,0,1,0,0
507000.0,36.0,7.39,706.0,11.65,27.0,3.0,0,0,0,0,0,1,0,0,0,0,0,0,0,0
663000.0,360.0,7.32,693.0,0.0,59.0,0.0,0,0,0,0,0,0,0,0,1,0,1,0,1,0
358000.0,60.0,9.13,763.0,8.25,44.0,4.0,0,0,0,0,1,1,0,0,0,0,1,0,0,0
443000.0,240.0,8.33,755.0,5.08,36.0,2.0,0,1,0,0,0,0,0,0,0,1,1,0,1,0
764000.0,24.0,11.48,755.0,10.71,34.0,0.0,0,0,0,0,1,1,0,0,0,0,1,0,0,1
488000.0,60.0,9.17,670.0,6.7,57.0,4.0,0,0,0,1,0,0,0,0,0,1,1,0,0,0
727000.0,240.0,9.39,703.0,6.67,26.0,3.0,0,0,0,0,0,1,0,0,0,0,0,0,0,1
204000.0,120.0,10.69,687.0,20.0,38.0,1.0,0,1,0,0,0,0,0,0,0,0,0,1,0,0
722000.0,360.0,8.98,742.0,0.92,26.0,3.0,0,0,1,0,0,0,0,0,1,0,1,0,0,1
100000.0,12.0,7.3,721.0,10.25,32.0,2.0,0,0,0,1,0,0,0,1,0,0,0,0,1,0
304000.0,120.0,12.92,715.0,18.5,21.0,1.0,0,0,1,0,0,0,0,0,1,0,1,0,0,0
154000.0,24.0,10.72,699.0,5.85,41.0,2.0,1,0,0,1,0,0,0,0,1,0,1,0,1,0
446000.0,240.0,12.02,713.0,2.57,42.0,0.0,0,0,1,0,0,0,0,0,1,0,1,0,0,0
286000.0,360.0,14.21,649.0,4.48,62.0,0.0,0,0,1,0,0,0,0,1,0,0,1,0,0,0
100000.0,36.0,12.75,642.0,4.84,55.0,4.0,0,0,1,0,0,1,0,0,0,0,1,0,0,1
592000.0,360.0,11.53,669.0,6.76,52.0,3.0,0,1,0,0,0,0,1,0,0,0,0,0,0,0
296000.0,12.0,7.0,741.0,3.46,65.0,4.0,0,0,0,0,1,0,0,0,0,0,1,0,1,0
460000.0,24.0,7.84,671.0,7.3,39.0,0.0,0,0,0,1,0,0,0,0,0,1,1,0,1,0
486000.0,120.0,8.48,717.0,9.07,61.0,3.0,0,0,1,0,0,0,0,1,0,0,0,0,1,0
503000.0,120.0,14.4,767.0,5.94,28.0,3.0,0,0,0,1,0,0,0,0,0,1,0,0,0,0
366000.0,24.0,7.9,695.0,3.74,35.0,0.0,0,0,0,0,0,0,0,0,1,0,1,0,1,0
832000.0,60.0,9.3,683.0,6.45,33.0,4.0,0,1,0,0,0,0,0,0,0,1,0,0,1,0
1018000.0,36.0,8.05,761.0,3.25,63.0,2.0,0,0,0,0,1,0,1,0,0,0,1,0,1,0
723000.0,12.0,10.21,754.0,1.29,42.0,3.0,0,0,0,1,0,0,0,1,0,0,1,0,0,0
523000.0,120.0,12.42,754.0,6.85,30.0,0.0,0,1,0,0,0,1,0,0,0,0,0,0,0,1
275000.0,12.0,9.39,739.0,12.84,39.0,2.0,0,0,0,1,0,0,1,0,0,0,1,0,1,0
441000.0,24.0,10.85,592.0,8.05,22.0,1.0,0,1,0,0,0,0,0,0,1,0,1,0,1,0
257000.0,120.0,7.31,614.0,0.41,61.0,4.0,0,0,0,1,0,0,0,0,0,0,0,1,1,0
568000.0,240.0,11.97,711.0,15.97,55.0,2.0,0,1,0,0,0,0,1,0,0,0,1,0,1,0
688000.0,60.0,12.42,776.0,8.42,50.0,2.0,0,0,0,0,0,0,0,0,0,0,0,0,0,0
571000.0,360.0,10.06,736.0,9.61,33.0,1.0,0,0,1,0,0,0,0,0,0,0,0,1,0,1
1016000.0,360.0,9.78,672.0,12.32,45.0,3.0,0,0,0,1,0,1,0,0,0,0,1,0,0,1
335000.0,240.0,11.05,676.0,8.1,40.0,1.0,0,1,0,0,0,1,0,0,0,0,0,1,0,0
773000.0,36.0,10.37,809.0,3.51,47.0,1.0,0,0,1,0,0,0,0,1,0,0,0,1,0,1
100000.0,360.0,11.43,635.0,7.94,61.0,2.0,0,1,0,0,0,1,0,0,0,0,1,0,0,1
647000.0,120.0,13.91,730.0,11.22,59.0,4.0,0,0,1,0,0,0,1,0,0,0,0,0,0,0
427000.0,60.0,12.37,659.0,5.69,51.0,0.0,0,0,1,0,0,0,0,0,0,0,1,0,0,1
541000.0,240.0,10.42,691.0,4.09,47.0,4.0,0,0,1,0,0,0,0,0,0,0,1,0,0,0
707000.0,60.0,11.7,666.0,1.25,56.0,1.0,0,0,0,0,1,0,0,0,0,1,1,0,0,0
246000.0,36.0,10.5,707.0,19.05,34.0,0.0,0,0,0,1,0,1,0,0,0,0,0,0,0,1
599000.0,360.0,13.57,791.0,7.31,39.0,3.0,1,0,0,0,0,0,0,0,0,0,1,0,0,0
156000.0,240.0,14.45,657.0,0.0,52.0,0.0,0,0,0,1,0,1,0,0,0,0,0,0,0,1
100000.0,240.0,12.44,708.0,11.19,30.0,2.0,0,1,0,0,0,0,0,0,0,0,0,1,0,0
613000.0,120.0,11.54,764.0,4.89,28.0,1.0,0,0,0,0,1,0,0,0,0,0,1,0,0,1
466000.0,360.0,12.85,693.0,7.01,42.0,2.0,0,0,0,0,0,0,1,0,0,0,0,1,1,0
970000.0,120.0,8.86,686.0,1.57,59.0,3.0,0,0,0,0,1,0,1,0,0,0,1,0,1,0
1084000.0,120.0,13.82,774.0,0.93,63.0,2.0,0,0,0,0,0,0,0,0,1,0,0,1,0,1
287000.0,12.0,14.83,733.0,2.58,31.0,3.0,0,1,0,0,0,0,0,0,1,0,0,1,0,1
329000.0,240.0,15.75,647.0,3.67,48.0,1.0,0,0,0,0,0,0,0,0,0,0,0,0,0,0
578000.0,36.0,7.0,648.0,6.03,32.0,4.0,0,1,0,0,0,0,0,0,1,0,1,0,0,1
662000.0,36.0,12.08,637.0,5.47,28.0,1.0,0,0,1,0,0,0,1,0,0,0,0,0,0,1
470000.0,12.0,10.81,761.0,7.67,54.0,0.0,0,0,0,1,0,0,0,0,0,1,0,0,1,0
524000.0,120.0,13.22,716.0,8.47,48.0,4.0,0,0,1,0,0,0,1,0,0,0,0,1,0,0
118000.0,36.0,8.98,649.0,9.07,57.0,1.0,0,0,0,0,0,0,1,0,0,0,0,0,1,0
563000.0,36.0,14.62,644.0,3.1,23.0,1.0,0,0,1,0,0,0,0,1,0,0,1,0,1,0
431000.0,120.0,12.57,641.0,5.53,56.0,3.0,0,1,0,0,0,0,1,0,0,0,1,0,0,1
862000.0,60.0,10.95,626.0,4.82,44.0,0.0,0,0,0,0,0,1,0,0,0,0,1,0,0,1
490000.0,240.0,8.36,619.0,0.34,59.0,2.0,0,0,0,0,1,0,1,0,0,0,0,1,1,0
100000.0,240.0,9.17,677.0,9.85,46.0,4.0,0,1,0,0,0,0,1,0,0,0,0,0,0,0
825000.0,36.0,7.17,701.0,19.12,26.0,2.0,0,0,0,0,0,0,0,0,0,0,0,0,0,0
851000.0,240.0,11.26,705.0,0.0,63.0,1.0,0,1,0,0,0,0,0,0,0,1,0,1,0,1
324000.0,60.0,12.93,703.0,4.12,36.0,2.0,0,0,1,0,0,0,0,0,1,0,0,0,0,1
162000.0,12.0,15.54,728.0,9.81,31.0,2.0,0,0,0,0,1,0,0,0,0,1,0,1,0,1
815000.0,36.0,13.6,718.0,9.7,58.0,4.0,0,0,0,0,0,1,0,0,0,0,0,0,1,0
414000.0,12.0,10.28,739.0,19.42,64.0,1.0,0,1,0,0,0,1,0,0,0,0,0,1,0,1
100000.0,360.0,8.83,656.0,6.24,38.0,1.0,0,0,0,1,0,0,0,0,1,0,0,0,1,0
396000.0,60.0,8.61,685.0,4.79,56.0,2.0,0,0,1,0,0,0,0,0,0,1,1,0,0,0
325000.0,240.0,11.95,770.0,3.6,63.0,4.0,0,1,0,0,0,0,0,0,0,1,0,1,0,0
504000.0,240.0,7.0,698.0,11.54,58.0,1.0,0,0,0,0,1,0,0,0,0,1,0,0,0,1
633000.0,36.0,9.75,727.0,8.7,52.0,1.0,0,0,0,0,1,0,0,0,1,0,0,0,0,1
500000.0,12.0,10.85,577.0,1.58,29.0,4.0,0,0,1,0,0,0,1,0,0,0,0,0,0,1
941000.0,60.0,12.25,792.0,3.32,51.0,4.0,0,1,0,0,0,0,0,0,1,0,1,0,1,0
386000.0,60.0,10.25,654.0,6.3,24.0,1.0,0,0,0,0,1,0,0,0,0,1,0,0,1,0
1283000.0,120.0,7.0,750.0,8.13,52.0,1.0,0,0,0,0,1,0,1,0,0,0,0,0,0,0
457000.0,240.0,12.14,792.0,13.62,44.0,4.0,0,1,0,0,0,0,0,0,0,0,1,0,1,0
618000.0,360.0,10.88,675.0,15.61,46.0,4.0,0,1,0,0,0,0,1,0,0,0,0,0,1,0
288000.0,360.0,7.54,701.0,12.24,65.0,0.0,0,0,0,1,0,0,1,0,0,0,0,0,0,1
581000.0,120.0,12.03,703.0,0.0,34.0,0.0,0,0,0,1,0,0,0,0,1,0,0,1,0,0
577000.0,120.0,10.39,743.0,15.92,60.0,3.0,0,0,0,0,1,0,0,1,0,0,0,1,0,0
333000.0,36.0,10.52,628.0,14.53,44.0,1.0,0,0,0,0,0,0,0,0,0,0,0,1,0,1
211000.0,60.0,7.0,729.0,2.22,54.0,2.0,0,1,0,0,0,1,0,0,0,0,1,0,1,0
327000.0,240.0,8.72,709.0,1.18,35.0,1.0,0,0,0,0,1,1,0,0,0,0,0,0,1,0
311000.0,120.0,11.78,675.0,5.5,42.0,4.0,0,0,0,1,0,0,0,1,0,0,0,0,0,0
358000.0,360.0,11.54,648.0,7.47,29.0,3.0,0,0,0,0,1,0,0,0,1,0,0,1,0,0
984000.0,60.0,10.22,757.0,0.77,59.0,0.0,1,0,1,0,0,0,1,0,0,0,1,0,1,0
637000.0,12.0,11.85,657.0,3.12,49.0,4.0,0,0,0,0,1,1,0,0,0,0,0,1,0,1
575000.0,12.0,7.61,700.0,5.48,51.0,0.0,0,0,0,0,1,0,0,0,1,0,0,1,1,0
406000.0,12.0,10.6,695.0,0.17,24.0,2.0,0,1,0,0,0,0,0,0,0,0,0,0,1,0
618000.0,120.0,11.05,665.0,5.8,42.0,4.0,0,1,0,0,0,0,0,1,0,0,0,0,0,0
409000.0,36.0,8.79,679.0,11.68,40.0,4.0,0,0,1,0,0,1,0,0,0,0,0,0,0,0
603000.0,12.0,11.49,657.0,2.83,35.0,0.0,0,0,0,0,1,0,0,0,0,0,0,1,0,0
427000.0,36.0,9.45,703.0,0.0,35.0,3.0,0,0,1,0,0,0,1,0,0,0,1,0,0,1
340000.0,360.0,7.0,689.0,11.36,59.0,1.0,0,1,0,0,0,0,1,0,0,0,0,0,0,1
201000.0,360.0,10.64,603.0,5.19,60.0,0.0,0,0,0,0,0,0,0,0,0,0,0,1,1,0
276000.0,120.0,7.0,713.0,4.42,37.0,0.0,0,0,0,0,1,0,1,0,0,0,0,0,0,0
391000.0,240.0,11.41,782.0,10.0,64.0,2.0,0,0,1,0,0,0,0,1,0,0,0,1,0,0
573000.0,360.0,11.63,681.0,10.39,59.0,4.0,0,0,1,0,0,0,0,0,1,0,0,0,0,0
475000.0,360.0,9.54,709.0,0.0,65.0,4.0,0,0,1,0,0,0,0,0,1,0,0,1,0,1
142000.0,360.0,7.97,639.0,7.24,34.0,1.0,0,0,0,0,0,1,0,0,0,0,1,0,0,0
730000.0,60.0,9.29,751.0,4.03,30.0,3.0,0,0,0,0,0,0,0,1,0,0,0,0,1,0
809000.0,12.0,8.34,727.0,18.12,64.0,4.0,0,1,0,0,0,1,0,0,0,0,0,1,0,0
422000.0,240.0,11.75,689.0,4.54,54.0,2.0,0,0,0,0,0,1,0,0,0,0,1,0,0,1
541000.0,360.0,8.4,766.0,7.82,42.0,4.0,0,0,0,1,0,0,0,0,0,1,1,0,0,1
300000.0,120.0,9.96,660.0,5.29,21.0,1.0,0,1,0,0,0,0,0,0,0,1,0,1,1,0
432000.0,36.0,12.6,711.0,2.98,36.0,3.0,1,1,0,0,0,1,0,0,0,0,0,0,0,0
100000.0,12.0,12.35,588.0,13.26,33.0,4.0,0,0,1,0,0,0,0,1,0,0,0,1,0,1
872000.0,60.0,9.98,731.0,6.49,65.0,4.0,0,0,0,0,1,0,0,1,0,0,0,0,1,0
100000.0,36.0,15.43,707.0,0.15,43.0,1.0,0,0,0,0,0,0,0,0,1,0,1,0,1,0
190000.0,120.0,9.77,696.0,10.56,59.0,3.0,0,0,1,0,0,1,0,0,0,0,0,1,0,1
392000.0,36.0,11.62,570.0,1.45,40.0,4.0,0,0,0,0,1,0,1,0,0,0,1,0,1,0
1002000.0,12.0,15.92,655.0,4.11,21.0,0.0,0,0,0,0,0,0,0,0,0,1,1,0,1,0
670000.0,240.0,13.6,748.0,7.46,52.0,1.0,0,0,0,1,0,0,0,1,0,0,1,0,0,1
292000.0,120.0,9.23,656.0,11.09,39.0,4.0,0,1,0,0,0,0,0,1,0,0,0,1,0,1
499000.0,240.0,10.03,781.0,1.49,64.0,0.0,0,0,1,0,0,0,0,0,1,0,1,0,0,0
317000.0,360.0,13.18,683.0,4.01,41.0,0.0,0,0,0,1,0,0,0,0,0,0,1,0,1,0
993000.0,24.0,11.86,707.0,5.12,45.0,0.0,0,0,0,0,0,0,1,0,0,0,0,0,1,0
502000.0,360.0,7.27,701.0,1.18,36.0,2.0,0,0,0,0,1,0,0,0,0,0,0,0,0,1
494000.0,360.0,13.47,646.0,3.66,35.0,4.0,0,0,1,0,0,1,0,0,0,0,1,0,1,0
479000.0,360.0,11.67,755.0,6.32,24.0,1.0,0,1,0,0,0,0,0,0,0,0,1,0,0,0
335000.0,360.0,9.97,757.0,16.59,48.0,1.0,0,0,1,0,0,0,0,0,1,0,0,1,1,0
593000.0,12.0,10.39,664.0,4.84,56.0,3.0,0,0,0,1,0,0,1,0,0,0,1,0,0,0
342000.0,360.0,14.67,777.0,2.78,45.0,0.0,0,1,0,0,0,1,0,0,0,0,0,0,1,0
520000.0,240.0,11.34,688.0,20.0,25.0,3.0,0,0,0,0,1,0,0,0,1,0,0,0,1,0
768000.0,360.0,7.0,573.0,6.79,62.0,1.0,0,0,0,1,0,0,0,0,0,0,0,0,0,0
795000.0,24.0,10.92,749.0,4.29,23.0,1.0,0,0,0,0,0,0,0,1,0,0,0,0,0,0
100000.0,24.0,9.6,672.0,3.27,61.0,0.0,0,1,0,0,0,0,0,1,0,0,0,1,0,0
762000.0,12.0,9.85,764.0,19.0,34.0,0.0,0,0,0,0,1,1,0,0,0,0,0,1,0,0
276000.0,360.0,10.06,704.0,5.79,51.0,1.0,0,0,1,0,0,0,0,0,0,1,1,0,1,0
385000.0,24.0,10.63,738.0,11.42,61.0,3.0,0,1,0,0,0,0,1,0,0,0,0,1,0,1
610000.0,36.0,8.28,712.0,6.03,51.0,1.0,0,0,0,1,0,1,0,0,0,0,0,0,0,1
580000.0,240.0,8.38,655.0,6.98,59.0,2.0,0,0,1,0,0,0,0,0,0,1,0,1,0,1
623000.0,24.0,11.38,655.0,5.31,60.0,1.0,0,1,0,0,0,0,0,0,0,1,0,0,0,1
572000.0,36.0,12.35,798.0,2.24,27.0,1.0,0,0,0,0,0,1,0,0,0,0,0,1,1,0
852000.0,360.0,10.03,746.0,16.0,65.0,1.0,0,1,0,0,0,0,0,0,0,0,0,0,0,0
318000.0,120.0,9.77,685.0,2.15,58.0,0.0,0,1,0,0,0,0,0,1,0,0,0,1,0,1
940000.0,24.0,9.05,684.0,6.81,21.0,2.0,0,1,0,0,0,0,0,1,0,0,0,1,0,1
496000.0,12.0,13.34,741.0,17.78,61.0,0.0,0,1,0,0,0,1,0,0,0,0,1,0,0,1
137000.0,360.0,13.55,662.0,3.79,51.0,3.0,0,0,0,0,1,1,0,0,0,0,1,0,1,0
590000.0,120.0,10.72,629.0,10.28,52.0,4.0,0,0,0,0,1,0,0,1,0,0,0,0,1,0
767000.0,120.0,13.67,779.0,1.88,51.0,1.0,0,0,0,1,0,0,0,0,0,1,0,1,0,0
478000.0,24.0,8.11,679.0,7.8,63.0,4.0,0,0,1,0,0,0,0,1,0,0,0,1,1,0
494000.0,240.0,9.21,687.0,2.26,27.0,0.0,0,0,0,1,0,0,0,0,0,1,0,1,1,0
841000.0,120.0,11.4,691.0,1.3,42.0,0.0,0,0,0,0,1,0,0,1,0,0,1,0,0,0
730000.0,24.0,7.0,699.0,0.67,35.0,4.0,0,0,0,0,0,0,0,0,0,1,0,0,1,0
230000.0,24.0,8.91,752.0,7.01,45.0,1.0,0,0,0,1,0,0,0,0,1,0,0,1,1,0
429000.0,240.0,12.37,734.0,4.32,38.0,1.0,0,0,1,0,0,0,1,0,0,0,1,0,1,0
471000.0,12.0,8.93,724.0,3.37,27.0,0.0,0,0,0,1,0,0,0,0,0,1,0,0,0,1
850000.0,360.0,10.31,624.0,3.9,42.0,3.0,0,0,0,0,0,0,0,0,1,0,0,1,0,1
758000.0,240.0,7.73,656.0,4.91,63.0,4.0,0,0,1,0,0,0,1,0,0,0,0,0,0,1
632000.0,12.0,9.05,791.0,0.0,52.0,3.0,0,0,0,0,1,0,0,1,0,0,0,0,1,0
455000.0,12.0,12.59,638.0,12.89,43.0,2.0,0,0,0,0,0,0,0,0,1,0,0,1,0,1
922000.0,12.0,13.49,683.0,2.05,55.0,4.0,0,0,0,1,0,0,1,0,0,0,0,0,0,0
914000.0,60.0,12.08,650.0,6.73,22.0,2.0,0,1,0,0,0,1,0,0,0,0,0,1,0,0
424000.0,120.0,8.26,701.0,0.21,30.0,1.0,0,0,1,0,0,0,1,0,0,0,0,0,0,1
473000.0,120.0,9.87,665.0,1.15,29.0,2.0,0,0,0,0,0,0,0,0,0,0,1,0,1,0
237000.0,240.0,9.9,701.0,6.45,25.0,4.0,0,0,1,0,0,1,0,0,0,0,0,1,0,0
372000.0,240.0,12.1,753.0,9.91,42.0,3.0,0,1,0,0,0,0,1,0,0,0,0,1,1,0
100000.0,12.0,8.85,677.0,2.22,45.0,2.0,0,1,0,0,0,0,0,0,0,0,0,1,1,0
816000.0,120.0,10.99,672.0,0.73,23.0,0.0,0,0,0,1,0,0,0,1,0,0,0,0,0,0
498000.0,36.0,11.56,653.0,7.44,46.0,1.0,0,0,0,0,1,0,0,0,1,0,1,0,0,1
658000.0,12.0,10.19,724.0,7.58,63.0,3.0,0,0,0,0,0,0,0,1,0,0,0,0,0,1
128000.0,120.0,8.38,689.0,0.0,48.0,4.0,0,0,0,0,1,0,0,0,1,0,0,0,1,0
986000.0,360.0,11.84,644.0,3.0,23.0,1.0,0,1,0,0,0,1,0,0,0,0,0,1,1,0
759000.0,240.0,9.4,616.0,5.95,46.0,0.0,0,1,0,0,0,0,0,0,0,1,0,0,1,0
599000.0,60.0,9.54,684.0,1.0,64.0,4.0,0,0,0,1,0,0,1,0,0,0,1,0,0,1
688000.0,24.0,9.72,797.0,4.62,60.0,3.0,0,1,0,0,0,0,0,0,0,1,0,1,0,1
146000.0,360.0,11.11,692.0,3.24,64.0,4.0,0,0,0,0,0,0,0,0,0,1,1,0,0,0
482000.0,120.0,13.92,723.0,7.9,39.0,3.0,0,0,0,1,0,0,1,0,0,0,0,1,0,0
675000.0,12.0,8.19,664.0,15.77,46.0,3.0,0,0,0,0,1,0,1,0,0,0,0,1,1,0
244000.0,240.0,10.14,659.0,5.6,36.0,2.0,0,1,0,0,0,0,0,0,0,1,1,0,0,1
311000.0,36.0,13.68,708.0,6.17,65.0,3.0,0,1,0,0,0,0,0,1,0,0,0,0,0,0
100000.0,360.0,12.31,763.0,0.0,52.0,1.0,0,1,0,0,0,0,0,0,1,0,1,0,1,0
849000.0,240.0,8.37,760.0,7.56,43.0,2.0,0,1,0,0,0,0,0,1,0,0,1,0,1,0
724000.0,120.0,9.59,646.0,2.08,51.0,1.0,0,0,0,0,1,0,1,0,0,0,0,0,0,1
390000.0,12.0,11.16,712.0,1.54,57.0,0.0,0,0,0,1,0,0,0,1,0,0,0,1,0,0
100000.0,60.0,12.53,701.0,13.97,52.0,1.0,0,1,0,0,0,0,0,1,0,0,1,0,1,0
834000.0,36.0,7.55,691.0,0.0,62.0,1.0,0,1,0,0,0,0,0,0,1,0,0,0,0,1
837000.0,36.0,12.29,692.0,14.29,56.0,3.0,0,0,1,0,0,0,0,0,0,1,0,0,1,0
577000.0,360.0,9.24,706.0,0.97,48.0,3.0,0,0,0,0,0,0,0,1,0,0,1,0,1,0
625000.0,240.0,12.56,682.0,7.43,54.0,0.0,0,0,0,0,0,0,0,1,0,0,1,0,1,0
446000.0,24.0,12.17,678.0,1.39,52.0,2.0,0,0,0,0,0,0,0,0,0,1,1,0,1,0
726000.0,12.0,10.31,809.0,8.35,39.0,2.0,0,0,0,0,1,0,1,0,0,0,1,0,0,1
640000.0,120.0,10.68,685.0,1.45,44.0,3.0,0,0,1,0,0,1,0,0,0,0,0,0,0,0
637000.0,60.0,12.63,726.0,7.04,46.0,4.0,0,1,0,0,0,0,1,0,0,0,0,0,0,0
656000.0,60.0,10.99,713.0,2.13,56.0,3.0,1,0,1,0,0,1,0,0,0,0,0,0,0,1
449000.0,60.0,11.54,643.0,7.86,58.0,3.0,0,0,1,0,0,0,0,0,0,0,0,0,1,0
628000.0,36.0,10.01,727.0,10.26,48.0,0.0,0,0,0,0,1,0,0,0,1,0,0,0,0,1
1031000.0,60.0,7.0,707.0,0.0,43.0,3.0,0,0,0,0,1,0,0,0,1,0,1,0,0,0
861000.0,240.0,8.07,608.0,5.64,35.0,4.0,0,1,0,0,0,0,1,0,0,0,1,0,1,0
409000.0,24.0,8.87,719.0,3.17,36.0,0.0,0,0,0,0,0,0,0,0,1,0,1,0,0,0
659000.0,36.0,9.75,677.0,8.96,33.0,2.0,0,1,0,0,0,0,0,0,0,1,0,0,1,0
723000.0,120.0,10.49,682.0,11.26,49.0,4.0,0,0,1,0,0,0,0,0,0,1,1,0,0,1
460000.0,36.0,10.48,766.0,7.59,36.0,4.0,0,0,1,0,0,0,1,0,0,0,1,0,1,0
747000.0,360.0,12.15,686.0,8.63,51.0,4.0,0,1,0,0,0,0,0,0,0,0,0,1,1,0
575000.0,360.0,11.09,658.0,0.77,53.0,4.0,0,0,1,0,0,0,0,0,1,0,1,0,1,0
283000.0,360.0,13.13,752.0,0.0,63.0,3.0,0,1,0,0,0,0,0,1,0,0,0,0,0,0
515000.0,240.0,10.09,657.0,3.95,22.0,4.0,0,0,0,0,0,0,1,0,0,0,0,1,1,0
645000.0,240.0,9.85,638.0,2.84,37.0,0.0,0,1,0,0,0,0,0,1,0,0,1,0,0,1
491000.0,120.0,9.72,735.0,11.51,34.0,1.0,0,1,0,0,0,1,0,0,0,0,1,0,0,0
571000.0,12.0,10.73,708.0,6.54,59.0,4.0,0,0,0,0,0,1,0,0,0,0,0,0,0,1
100000.0,360.0,13.5,746.0,7.37,25.0,1.0,0,0,0,0,0,0,0,0,0,1,0,1,0,1
257000.0,360.0,7.0,728.0,0.0,33.0,3.0,0,0,0,0,1,0,0,0,1,0,1,0,0,1
429000.0,60.0,12.86,671.0,13.35,63.0,1.0,0,1,0,0,0,0,0,1,0,0,0,1,1,0
885000.0,60.0,7.94,729.0,11.72,52.0,4.0,0,1,0,0,0,1,0,0,0,0,1,0,0,0
920000.0,240.0,11.44,762.0,0.38,21.0,4.0,0,1,0,0,0,0,0,0,1,0,1,0,0,0
336000.0,360.0,10.69,792.0,2.15,64.0,3.0,0,1,0,0,0,0,0,0,0,1,1,0,1,0
556000.0,360.0,13.88,697.0,20.51,22.0,3.0,0,0,0,0,1,0,0,1,0,0,0,0,0,1
100000.0,24.0,12.17,724.0,10.07,49.0,3.0,0,1,0,0,0,0,0,0,0,0,0,0,0,1
564000.0,240.0,9.7,659.0,4.92,62.0,2.0,0,0,0,0,0,0,1,0,0,0,0,1,0,0
464000.0,240.0,13.91,709.0,2.91,51.0,0.0,0,1,0,0,0,1,0,0,0,0,1,0,1,0
661000.0,120.0,8.42,743.0,4.12,62.0,0.0,0,1,0,0,0,0,0,0,0,0,0,1,1,0
765000.0,12.0,11.63,650.0,0.0,50.0,3.0,0,0,0,0,1,1,0,0,0,0,1,0,0,0
273000.0,360.0,8.64,683.0,8.21,39.0,4.0,0,0,1,0,0,1,0,0,0,0,0,1,1,0
100000.0,120.0,13.01,760.0,5.11,62.0,1.0,0,0,0,1,0,0,0,1,0,0,1,0,0,0
688000.0,120.0,10.83,732.0,5.39,23.0,3.0,0,0,0,0,0,1,0,0,0,0,0,1,1,0
840000.0,360.0,11.49,740.0,2.61,24.0,0.0,0,0,0,1,0,1,0,0,0,0,0,1,0,1
314000.0,12.0,9.23,684.0,5.76,30.0,1.0,0,0,0,1,0,0,0,1,0,0,0,1,1,0
544000.0,60.0,11.94,719.0,2.62,21.0,4.0,0,0,1,0,0,0,1,0,0,0,0,0,0,0
368000.0,240.0,10.85,747.0,4.76,52.0,0.0,0,0,0,0,0,0,0,0,1,0,1,0,0,0
230000.0,60.0,12.55,688.0,11.93,44.0,0.0,0,0,0,0,0,0,0,0,0,0,0,1,0,1
403000.0,12.0,11.17,751.0,2.34,51.0,1.0,0,0,0,0,1,1,0,0,0,0,0,0,0,1
339000.0,36.0,10.92,624.0,4.9,47.0,1.0,0,0,0,1,0,0,0,0,1,0,1,0,0,1
757000.0,12.0,11.36,626.0,10.58,50.0,3.0,0,0,0,0,1,0,0,0,0,1,0,0,1,0
229000.0,240.0,8.85,705.0,1.73,23.0,4.0,0,0,0,1,0,0,0,0,1,0,0,1,0,1
341000.0,36.0,9.86,686.0,14.44,62.0,1.0,0,0,0,1,0,0,0,0,0,0,0,1,0,0
246000.0,240.0,12.14,740.0,9.12,52.0,1.0,0,0,1,0,0,0,0,0,0,1,0,1,0,1
920000.0,60.0,9.71,695.0,2.22,23.0,2.0,1,0,0,1,0,1,0,0,0,0,0,0,0,0
691000.0,240.0,9.85,704.0,8.5,28.0,1.0,0,0,0,0,0,0,1,0,0,0,0,0,0,0
441000.0,36.0,7.0,692.0,15.89,35.0,0.0,0,0,0,0,1,0,1,0,0,0,0,0,0,1
634000.0,360.0,10.36,754.0,0.0,22.0,0.0,0,0,1,0,0,0,0,1,0,0,0,1,0,0
795000.0,360.0,8.64,662.0,4.87,58.0,1.0,0,1,0,0,0,0,1,0,0,0,0,1,1,0
510000.0,120.0,11.01,763.0,8.32,32.0,4.0,0,0,0,1,0,1,0,0,0,0,0,0,1,0
116000.0,360.0,9.91,684.0,0.0,54.0,2.0,0,1,0,0,0,1,0,0,0,0,0,0,0,1
789000.0,240.0,8.87,631.0,7.58,38.0,4.0,0,0,0,1,0,0,0,0,0,0,0,1,1,0
1038000.0,12.0,11.09,719.0,10.31,25.0,0.0,0,0,1,0,0,0,1,0,0,0,0,0,0,1
728000.0,360.0,9.44,754.0,3.56,44.0,0.0,0,0,0,1,0,0,0,0,0,0,1,0,0,1
219000.0,120.0,7.0,787.0,11.22,31.0,0.0,0,1,0,0,0,0,0,1,0,0,0,0,1,0
427000.0,24.0,8.29,720.0,20.59,39.0,0.0,0,0,0,0,0,0,0,0,0,0,0,0,0,1
628000.0,24.0,13.19,680.0,1.75,24.0,1.0,0,0,0,0,0,0,0,0,1,0,0,1,1,0
211000.0,360.0,9.52,748.0,0.0,56.0,3.0,0,0,0,1,0,0,0,0,0,1,0,0,0,0
672000.0,60.0,12.47,735.0,8.3,46.0,2.0,0,1,0,0,0,1,0,0,0,0,0,0,1,0
413000.0,120.0,11.97,769.0,5.34,30.0,3.0,0,0,0,1,0,0,0,1,0,0,0,0,0,0
609000.0,240.0,8.62,724.0,1.78,33.0,4.0,0,1,0,0,0,0,1,0,0,0,0,1,0,0
338000.0,60.0,9.91,725.0,4.04,60.0,0.0,0,0,0,1,0,0,0,0,0,0,0,0,0,0
478000.0,24.0,7.58,770.0,4.57,56.0,4.0,0,0,1,0,0,0,0,0,0,1,1,0,0,1
548000.0,36.0,10.5,684.0,14.88,39.0,0.0,0,0,0,1,0,1,0,0,0,0,1,0,0,1
838000.0,12.0,11.08,659.0,4.62,30.0,4.0,0,0,0,0,0,0,1,0,0,0,0,0,0,0
434000.0,60.0,9.66,668.0,2.23,29.0,3.0,0,0,0,0,0,0,1,0,0,0,0,1,0,0
721000.0,12.0,8.19,682.0,5.42,31.0,0.0,0,0,0,0,0,1,0,0,0,0,0,0,0,1
358000.0,360.0,12.59,711.0,0.0,21.0,2.0,0,0,0,0,1,0,0,1,0,0,0,1,1,0
322000.0,12.0,7.0,788.0,8.88,46.0,1.0,0,0,0,0,1,0,1,0,0,0,1,0,0,1
583000.0,240.0,13.73,684.0,5.68,53.0,0.0,0,0,1,0,0,0,0,0,0,1,0,1,1,0
711000.0,120.0,12.25,688.0,0.6,48.0,1.0,0,0,0,1,0,0,1,0,0,0,0,0,0,0
426000.0,240.0,11.14,704.0,0.0,45.0,1.0,0,1,0,0,0,0,0,0,0,1,0,1,0,1
615000.0,24.0,12.25,674.0,6.94,53.0,3.0,0,0,0,1,0,0,0,0,0,0,0,1,1,0
920000.0,120.0,13.18,648.0,10.29,41.0,1.0,0,0,1,0,0,1,0,0,0,0,0,0,0,0
395000.0,360.0,10.64,769.0,4.03,32.0,2.0,0,0,0,1,0,1,0,0,0,0,0,0,0,0
100000.0,36.0,13.34,606.0,0.0,51.0,3.0,0,0,0,0,0,0,0,0,0,0,0,1,0,1
267000.0,36.0,9.01,661.0,6.74,60.0,4.0,0,1,0,0,0,0,1,0,0,0,0,0,0,1
861000.0,240.0,11.54,793.0,0.0,57.0,3.0,0,1,0,0,0,1,0,0,0,0,0,1,0,1
100000.0,24.0,8.61,631.0,12.42,41.0,1.0,0,0,0,1,0,0,0,0,0,0,0,1,0,1
578000.0,36.0,11.81,701.0,0.0,42.0,3.0,0,0,0,0,1,0,0,0,0,1,0,0,1,0
590000.0,36.0,11.28,701.0,4.23,27.0,0.0,0,1,0,0,0,1,0,0,0,0,1,0,1,0
112000.0,240.0,12.56,649.0,5.83,21.0,1.0,0,0,1,0,0,0,1,0,0,0,1,0,0,0
357000.0,60.0,11.33,722.0,4.79,58.0,2.0,0,1,0,0,0,0,0,1,0,0,0,1,0,0
292000.0,240.0,13.5,692.0,10.03,62.0,0.0,0,0,0,0,0,0,0,1,0,0,1,0,0,1
665000.0,36.0,12.3,732.0,5.62,25.0,1.0,0,1,0,0,0,1,0,0,0,0,1,0,0,1
733000.0,36.0,12.64,756.0,4.87,63.0,2.0,0,0,0,0,0,0,0,0,0,1,0,0,0,0
451000.0,60.0,10.68,717.0,13.1,64.0,2.0,0,0,1,0,0,0,0,0,0,0,0,1,0,1
602000.0,60.0,11.34,776.0,2.95,59.0,4.0,0,0,0,0,1,0,0,0,0,0,0,1,0,0
319000.0,36.0,13.85,738.0,14.69,61.0,0.0,0,0,1,0,0,0,0,0,0,1,0,0,1,0
372000.0,24.0,11.82,707.0,9.22,63.0,2.0,0,1,0,0,0,0,1,0,0,0,0,1,1,0
100000.0,36.0,10.08,665.0,5.87,64.0,4.0,0,0,1,0,0,0,0,0,1,0,0,0,0,1
743000.0,240.0,11.7,752.0,5.73,27.0,3.0,0,0,1,0,0,0,0,0,1,0,1,0,1,0
937000.0,240.0,10.13,750.0,3.18,40.0,2.0,0,1,0,0,0,0,0,0,1,0,1,0,0,1
508000.0,360.0,9.21,653.0,4.55,48.0,4.0,0,1,0,0,0,0,0,0,1,0,0,0,0,0
470000.0,240.0,9.83,753.0,3.2,22.0,0.0,0,0,0,0,0,0,1,0,0,0,0,1,0,0
601000.0,36.0,8.67,679.0,11.71,56.0,3.0,0,0,0,0,0,0,0,0,0,1,1,0,0,0
100000.0,240.0,8.88,742.0,4.02,26.0,3.0,0,0,0,0,1,0,0,0,0,0,0,1,1,0
615000.0,60.0,12.87,720.0,3.42,65.0,2.0,0,0,0,0,1,0,0,0,0,0,0,1,0,1
759000.0,60.0,10.81,798.0,6.84,31.0,3.0,0,0,1,0,0,0,0,1,0,0,0,1,0,0
644000.0,60.0,9.37,683.0,3.76,59.0,3.0,0,0,0,1,0,0,0,0,0,1,0,1,0,1
275000.0,360.0,14.58,696.0,12.35,55.0,1.0,0,0,1,0,0,0,0,1,0,0,0,0,1,0
894000.0,24.0,7.0,676.0,9.36,39.0,1.0,0,0,0,1,0,0,0,0,0,0,1,0,1,0
453000.0,240.0,11.02,680.0,20.18,48.0,2.0,0,0,1,0,0,0,0,0,1,0,1,0,0,1
515000.0,24.0,11.56,696.0,6.92,64.0,3.0,0,1,0,0,0,0,0,0,0,0,1,0,0,0
406000.0,360.0,10.78,696.0,8.68,44.0,2.0,0,0,0,1,0,0,0,1,0,0,0,1,1,0
317000.0,120.0,10.03,740.0,7.08,60.0,1.0,0,0,0,0,1,0,0,1,0,0,0,1,0,0
569000.0,36.0,11.4,659.0,0.0,44.0,4.0,0,0,0,0,0,0,0,0,1,0,0,0,0,0
100000.0,60.0,11.34,653.0,9.94,35.0,2.0,0,0,0,0,1,1,0,0,0,0,0,1,0,1
453000.0,360.0,11.65,655.0,2.69,42.0,3.0,0,1,0,0,0,0,0,1,0,0,0,1,0,0
460000.0,240.0,9.63,638.0,3.77,59.0,1.0,0,1,0,0,0,1,0,0,0,0,0,0,1,0
610000.0,24.0,13.19,705.0,1.09,45.0,1.0,0,1,0,0,0,0,0,0,0,0,0,1,1,0
277000.0,36.0,15.46,722.0,3.38,26.0,3.0,0,0,0,1,0,1,0,0,0,0,1,0,0,1
898000.0,24.0,8.44,661.0,7.57,63.0,4.0,0,0,0,0,0,0,0,1,0,0,0,0,1,0
393000.0,12.0,8.02,721.0,9.53,44.0,2.0,0,1,0,0,0,0,0,1,0,0,0,0,0,1
275000.0,36.0,8.95,747.0,11.38,49.0,1.0,0,0,1,0,0,0,0,1,0,0,0,0,1,0
787000.0,36.0,8.21,638.0,3.45,47.0,3.0,0,0,0,0,1,0,0,0,0,1,0,1,0,1
378000.0,12.0,9.94,795.0,3.05,50.0,0.0,0,1,0,0,0,0,0,0,0,1,1,0,1,0
331000.0,60.0,10.77,685.0,2.49,40.0,4.0,0,1,0,0,0,0,0,0,1,0,0,1,1,0
490000.0,36.0,10.87,677.0,8.6,51.0,1.0,0,0,0,0,1,1,0,0,0,0,1,0,0,0
281000.0,60.0,7.0,687.0,4.76,53.0,0.0,0,1,0,0,0,0,0,0,0,1,1,0,1,0
758000.0,36.0,12.29,608.0,0.0,64.0,4.0,0,0,1,0,0,1,0,0,0,0,1,0,1,0
167000.0,360.0,9.22,596.0,7.29,23.0,2.0,1,1,0,0,0,0,0,0,0,1,1,0,1,0
864000.0,12.0,9.86,654.0,0.0,65.0,3.0,0,0,1,0,0,0,0,0,0,0,0,0,1,0
138000.0,24.0,12.36,720.0,12.29,57.0,3.0,0,0,0,0,1,0,0,0,0,1,0,1,0,1
407000.0,240.0,10.77,769.0,1.7,26.0,1.0,0,0,0,1,0,0,1,0,0,0,0,1,0,0
458000.0,120.0,10.56,798.0,7.64,33.0,2.0,0,0,0,1,0,0,0,0,0,0,0,0,0,1
560000.0,24.0,7.0,776.0,3.3,32.0,3.0,0,1,0,0,0,0,0,0,0,1,0,1,0,1
487000.0,120.0,14.68,723.0,2.58,28.0,2.0,0,0,1,0,0,0,0,1,0,0,0,1,1,0
864000.0,360.0,11.9,702.0,3.37,42.0,3.0,0,1,0,0,0,0,1,0,0,0,0,0,0,0
483000.0,36.0,12.84,608.0,11.87,64.0,4.0,0,0,1,0,0,1,0,0,0,0,1,0,0,0
168000.0,60.0,7.0,788.0,5.37,29.0,1.0,0,0,1,0,0,1,0,0,0,0,0,1,1,0
252000.0,120.0,10.17,603.0,2.92,30.0,4.0,0,0,1,0,0,1,0,0,0,0,0,0,0,0
980000.0,120.0,9.99,739.0,2.42,33.0,2.0,0,0,0,0,0,1,0,0,0,0,1,0,0,0
260000.0,120.0,7.82,754.0,6.88,40.0,4.0,0,0,0,1,0,0,0,0,0,0,1,0,1,0
100000.0,360.0,11.02,684.0,5.6,53.0,3.0,0,0,0,1,0,0,0,0,1,0,0,1,0,1
100000.0,360.0,8.94,664.0,3.83,21.0,3.0,0,0,0,0,0,0,0,0,0,1,0,1,1,0
757000.0,24.0,12.28,793.0,1.95,34.0,2.0,0,0,0,0,0,0,0,0,1,0,1,0,0,1
393000.0,240.0,12.04,653.0,5.42,52.0,3.0,0,0,1,0,0,1,0,0,0,0,1,0,0,1
308000.0,360.0,11.77,677.0,1.33,28.0,1.0,0,0,0,0,1,1,0,0,0,0,0,1,0,0
637000.0,36.0,11.33,772.0,7.91,53.0,2.0,0,0,1,0,0,1,0,0,0,0,0,0,0,1
675000.0,60.0,12.36,687.0,3.22,35.0,1.0,0,0,0,0,1,1,0,0,0,0,0,0,0,0
254000.0,36.0,14.54,785.0,5.32,22.0,2.0,0,0,0,0,1,0,0,0,0,0,1,0,0,1
147000.0,12.0,10.75,641.0,3.89,50.0,0.0,0,1,0,0,0,0,0,0,0,1,1,0,1,0
363000.0,60.0,10.93,636.0,8.56,54.0,3.0,0,0,1,0,0,0,0,0,0,0,0,1,0,1
107000.0,36.0,12.08,679.0,5.44,25.0,3.0,0,0,1,0,0,1,0,0,0,0,0,0,0,1
414000.0,12.0,10.09,659.0,3.48,43.0,0.0,0,1,0,0,0,0,1,0,0,0,1,0,0,0
100000.0,240.0,10.55,677.0,3.25,45.0,3.0,0,0,1,0,0,1,0,0,0,0,0,0,0,1
280000.0,240.0,11.78,672.0,6.42,25.0,1.0,0,0,0,0,0,0,0,1,0,0,1,0,0,1
528000.0,120.0,12.32,833.0,0.7,25.0,4.0,0,0,1,0,0,0,1,0,0,0,1,0,0,0
477000.0,24.0,7.47,630.0,5.18,53.0,4.0,0,0,1,0,0,0,0,0,0,1,1,0,1,0
525000.0,36.0,8.38,684.0,7.96,62.0,0.0,0,1,0,0,0,0,0,0,0,1,0,1,1,0
805000.0,120.0,10.85,692.0,8.74,56.0,4.0,1,1,0,0,0,1,0,0,0,0,0,1,0,0
532000.0,120.0,14.97,683.0,8.73,48.0,1.0,0,0,1,0,0,0,0,0,0,0,0,1,0,0
934000.0,12.0,12.69,701.0,12.78,35.0,0.0,0,1,0,0,0,0,0,1,0,0,0,1,1,0
882000.0,60.0,10.29,686.0,4.06,30.0,1.0,0,0,0,0,1,0,1,0,0,0,0,1,0,0
153000.0,24.0,8.58,616.0,6.89,54.0,4.0,0,0,0,1,0,0,1,0,0,0,0,1,1,0
1031000.0,24.0,9.24,677.0,12.26,60.0,3.0,0,0,0,0,0,0,0,0,0,0,1,0,0,1
1035000.0,12.0,11.84,690.0,0.76,34.0,3.0,0,0,0,1,0,0,0,0,0,0,0,0,1,0
100000.0,36.0,10.25,741.0,4.17,62.0,4.0,0,0,0,0,1,0,0,1,0,0,0,0,1,0
431000.0,12.0,8.65,685.0,8.59,54.0,4.0,0,0,1,0,0,0,0,0,0,1,0,1,1,0
723000.0,120.0,13.32,619.0,0.0,64.0,3.0,0,0,0,1,0,0,0,0,0,1,0,1,1,0
193000.0,36.0,11.19,705.0,6.38,65.0,3.0,0,0,1,0,0,0,0,0,1,0,0,0,0,1
515000.0,60.0,11.84,752.0,1.0,63.0,3.0,0,0,0,0,1,1,0,0,0,0,1,0,0,1
485000.0,36.0,7.29,623.0,3.41,55.0,0.0,0,0,1,0,0,0,0,0,0,1,1,0,0,0
100000.0,120.0,11.13,678.0,6.73,38.0,0.0,0,0,1,0,0,0,0,0,0,0,1,0,0,1
215000.0,240.0,10.21,703.0,2.58,51.0,3.0,0,0,1,0,0,0,0,0,0,0,1,0,1,0
997000.0,360.0,8.26,667.0,1.92,25.0,1.0,0,0,1,0,0,0,0,0,0,1,0,0,0,0
189000.0,60.0,11.8,671.0,2.31,22.0,1.0,0,0,1,0,0,0,0,0,0,1,1,0,1,0
400000.0,240.0,12.23,750.0,2.39,53.0,3.0,0,0,0,0,0,0,0,0,1,0,0,0,0,1
153000.0,12.0,12.28,730.0,4.99,42.0,3.0,0,0,1,0,0,0,0,0,0,1,0,0,1,0
100000.0,12.0,8.88,664.0,5.54,38.0,0.0,0,0,0,1,0,0,0,0,1,0,0,0,0,1
848000.0,360.0,12.56,754.0,6.96,61.0,2.0,0,0,0,0,1,0,0,0,0,1,0,1,0,0
345000.0,120.0,10.24,774.0,15.81,43.0,1.0,0,0,0,0,0,0,0,0,0,1,1,0,0,0
100000.0,240.0,7.28,581.0,6.1,61.0,2.0,0,0,0,0,0,1,0,0,0,0,1,0,0,0
224000.0,120.0,15.37,723.0,1.52,25.0,4.0,0,0,0,0,1,1,0,0,0,0,0,1,0,0
723000.0,12.0,10.45,699.0,6.42,25.0,2.0,0,0,0,0,1,0,0,0,1,0,1,0,1,0
816000.0,60.0,10.65,782.0,2.27,47.0,2.0,0,0,0,1,0,0,0,0,1,0,1,0,0,0
921000.0,24.0,10.93,689.0,6.07,27.0,2.0,0,1,0,0,0,0,1,0,0,0,1,0,0,0
1134000.0,120.0,13.99,737.0,13.89,23.0,2.0,0,0,1,0,0,0,0,1,0,0,1,0,0,1
432000.0,60.0,8.22,715.0,8.92,62.0,3.0,0,1,0,0,0,0,0,0,0,1,1,0,1,0
728000.0,36.0,9.74,738.0,3.63,21.0,0.0,0,1,0,0,0,0,0,0,1,0,0,1,0,1
427000.0,120.0,11.98,735.0,8.35,41.0,0.0,0,0,0,0,1,0,0,0,0,1,1,0,0,1
123000.0,12.0,10.01,775.0,9.05,61.0,0.0,0,0,1,0,0,0,0,0,0,1,0,1,0,0
304000.0,12.0,7.0,654.0,8.9,27.0,0.0,0,0,1,0,0,0,0,1,0,0,0,1,0,1
830000.0,240.0,7.0,677.0,4.86,30.0,2.0,0,0,0,0,1,0,0,1,0,0,0,0,1,0
100000.0,60.0,12.02,666.0,1.45,40.0,3.0,0,0,0,0,1,1,0,0,0,0,0,1,1,0
591000.0,24.0,9.2,796.0,5.46,43.0,3.0,0,1,0,0,0,0,0,0,1,0,0,0,1,0
867000.0,36.0,10.5,676.0,4.67,45.0,4.0,0,1,0,0,0,0,0,0,0,1,1,0,1,0
986000.0,60.0,14.42,752.0,9.77,60.0,1.0,0,0,0,1,0,1,0,0,0,0,1,0,0,0
799000.0,360.0,13.75,638.0,7.32,52.0,4.0,0,0,1,0,0,0,0,1,0,0,1,0,1,0
100000.0,60.0,10.76,699.0,1.38,46.0,1.0,0,1,0,0,0,1,0,0,0,0,0,1,1,0
841000.0,240.0,11.82,767.0,4.15,22.0,4.0,0,1,0,0,0,0,0,0,1,0,0,0,0,1
100000.0,24.0,7.0,612.0,10.0,38.0,1.0,0,0,0,0,0,0,0,0,0,0,0,0,0,1
294000.0,240.0,7.0,733.0,4.26,64.0,0.0,0,1,0,0,0,0,0,0,1,0,0,0,1,0
658000.0,24.0,9.25,656.0,13.68,55.0,0.0,0,0,0,1,0,1,0,0,0,0,1,0,1,0
292000.0,24.0,12.97,610.0,12.11,41.0,4.0,0,0,0,0,1,1,0,0,0,0,0,0,0,1
373000.0,360.0,7.93,681.0,4.62,49.0,1.0,0,0,0,1,0,0,0,1,0,0,0,1,1,0
686000.0,120.0,12.65,799.0,5.97,49.0,2.0,0,0,0,1,0,1,0,0,0,0,1,0,1,0
564000.0,120.0,9.88,722.0,1.68,55.0,1.0,0,1,0,0,0,0,0,0,0,1,0,0,0,1
331000.0,60.0,13.36,669.0,3.75,40.0,2.0,0,0,0,0,1,0,0,0,0,1,0,0,1,0
389000.0,240.0,12.05,692.0,10.15,46.0,1.0,0,1,0,0,0,0,0,0,1,0,0,0,0,0
502000.0,120.0,9.65,752.0,2.59,62.0,0.0,0,1,0,0,0,0,0,0,0,0,0,1,1,0
622000.0,360.0,10.17,730.0,3.87,59.0,1.0,0,0,1,0,0,0,1,0,0,0,0,1,0,0
159000.0,120.0,11.94,624.0,1.51,42.0,0.0,1,0,1,0,0,1,0,0,0,0,0,1,0,1
601000.0,36.0,11.26,646.0,16.72,51.0,3.0,0,1,0,0,0,1,0,0,0,0,0,0,1,0
216000.0,360.0,7.84,718.0,4.95,39.0,0.0,0,0,0,0,1,0,0,1,0,0,0,0,0,0
817000.0,60.0,12.44,677.0,0.0,63.0,3.0,0,0,0,0,1,1,0,0,0,0,0,1,0,0
903000.0,36.0,13.16,643.0,0.0,57.0,4.0,0,0,0,0,1,0,1,0,0,0,1,0,1,0
315000.0,36.0,13.31,767.0,0.0,60.0,0.0,0,0,1,0,0,0,0,1,0,0,0,0,0,0
822000.0,36.0,9.78,727.0,0.0,47.0,3.0,0,0,0,0,1,1,0,0,0,0,0,0,0,1
802000.0,24.0,11.29,615.0,2.22,43.0,3.0,0,0,1,0,0,1,0,0,0,0,0,0,0,1
152000.0,12.0,10.98,765.0,7.77,33.0,3.0,0,0,1,0,0,0,0,0,1,0,1,0,0,0
630000.0,60.0,9.3,672.0,14.48,47.0,2.0,0,0,0,0,1,0,0,0,1,0,1,0,1,0
441000.0,24.0,12.91,675.0,18.38,25.0,4.0,0,0,0,0,1,0,0,0,0,1,0,0,1,0
199000.0,360.0,14.21,766.0,14.0,41.0,4.0,0,0,0,0,1,0,1,0,0,0,1,0,1,0
971000.0,360.0,9.94,809.0,9.42,50.0,1.0,0,0,0,1,0,1,0,0,0,0,0,1,1,0
409000.0,120.0,7.0,718.0,1.47,40.0,4.0,0,0,0,0,1,0,0,1,0,0,1,0,0,0
380000.0,360.0,11.29,702.0,18.81,31.0,2.0,0,0,0,0,1,1,0,0,0,0,0,0,1,0
542000.0,60.0,9.16,758.0,2.42,41.0,4.0,0,0,0,1,0,0,0,0,0,1,1,0,1,0
500000.0,360.0,7.58,744.0,9.03,39.0,3.0,0,0,1,0,0,0,0,0,0,1,0,1,1,0
208000.0,120.0,10.48,675.0,0.0,23.0,0.0,0,0,0,0,0,0,1,0,0,0,1,0,0,0
691000.0,120.0,9.0,758.0,9.14,55.0,4.0,0,0,0,0,0,1,0,0,0,0,0,0,0,0
567000.0,360.0,10.41,696.0,6.79,45.0,0.0,0,1,0,0,0,0,0,1,0,0,1,0,0,0
321000.0,60.0,7.96,683.0,10.98,31.0,0.0,0,0,1,0,0,0,0,1,0,0,1,0,1,0
461000.0,36.0,8.2,753.0,4.8,65.0,1.0,0,1,0,0,0,0,0,1,0,0,0,1,0,1
593000.0,360.0,13.26,632.0,13.03,37.0,4.0,0,0,0,1,0,0,0,0,0,1,1,0,0,0
522000.0,120.0,10.89,643.0,3.32,25.0,4.0,0,0,0,0,0,1,0,0,0,0,0,0,0,1
828000.0,60.0,9.85,754.0,1.5,25.0,2.0,0,1,0,0,0,0,0,0,1,0,1,0,1,0
578000.0,360.0,10.85,751.0,6.13,56.0,3.0,0,0,0,0,1,0,1,0,0,0,0,0,0,1
228000.0,12.0,12.82,745.0,6.77,50.0,4.0,0,0,1,0,0,0,1,0,0,0,1,0,0,1
771000.0,12.0,10.31,725.0,4.08,25.0,2.0,0,0,0,0,0,0,0,0,1,0,1,0,0,0
301000.0,360.0,10.53,596.0,0.0,30.0,4.0,0,0,0,1,0,0,0,0,0,1,0,0,0,1
117000.0,360.0,7.0,720.0,8.58,55.0,0.0,0,1,0,0,0,0,0,0,0,1,0,0,0,0
208000.0,36.0,10.28,809.0,5.25,28.0,1.0,0,0,1,0,0,1,0,0,0,0,1,0,0,1
340000.0,36.0,7.96,729.0,8.59,24.0,3.0,0,0,0,0,1,0,0,0,0,0,0,0,0,0
948000.0,240.0,12.55,719.0,8.15,54.0,0.0,0,0,0,0,0,0,1,0,0,0,1,0,1,0
594000.0,120.0,9.79,722.0,7.12,50.0,1.0,0,0,0,0,0,0,0,0,1,0,1,0,1,0
695000.0,60.0,13.63,687.0,8.67,40.0,4.0,0,1,0,0,0,0,0,0,0,1,0,0,0,0
489000.0,60.0,9.77,720.0,11.11,52.0,1.0,0,0,1,0,0,0,0,0,0,1,1,0,0,1
1079000.0,60.0,8.1,626.0,10.1,48.0,3.0,0,0,0,0,1,0,0,0,0,0,1,0,1,0
876000.0,60.0,7.0,696.0,2.49,48.0,2.0,0,0,0,1,0,0,0,0,0,0,0,0,0,1
1152000.0,120.0,9.65,672.0,4.53,52.0,3.0,0,0,0,1,0,0,0,0,0,1,0,1,1,0
452000.0,36.0,8.18,731.0,6.64,59.0,2.0,0,0,1,0,0,0,1,0,0,0,1,0,0,1
607000.0,120.0,11.08,639.0,6.68,34.0,0.0,0,0,0,0,0,0,0,1,0,0,0,0,0,1
358000.0,36.0,10.34,711.0,4.09,23.0,0.0,0,0,0,0,0,0,0,0,0,1,0,0,0,0
439000.0,360.0,9.27,631.0,1.16,30.0,1.0,0,1,0,0,0,0,0,1,0,0,0,0,0,0
197000.0,240.0,10.68,671.0,4.24,46.0,4.0,0,0,1,0,0,1,0,0,0,0,0,0,0,0
669000.0,24.0,11.57,707.0,3.9,48.0,2.0,0,0,0,1,0,1,0,0,0,0,0,1,1,0
225000.0,360.0,9.11,658.0,3.03,31.0,4.0,0,1,0,0,0,0,0,0,1,0,0,0,1,0
100000.0,60.0,14.12,728.0,2.01,62.0,4.0,0,0,0,0,1,0,0,1,0,0,0,0,0,0
550000.0,36.0,10.57,624.0,5.22,51.0,1.0,0,1,0,0,0,0,1,0,0,0,0,0,1,0
587000.0,120.0,7.58,675.0,1.29,43.0,2.0,0,0,1,0,0,0,0,1,0,0,0,0,0,1
115000.0,36.0,10.4,631.0,13.53,35.0,0.0,0,0,0,1,0,0,0,1,0,0,0,0,1,0
100000.0,12.0,15.35,745.0,13.52,38.0,1.0,0,0,0,0,0,0,0,0,0,0,1,0,0,0
378000.0,36.0,7.0,811.0,11.42,29.0,0.0,0,1,0,0,0,0,0,0,0,1,1,0,1,0
143000.0,240.0,8.71,715.0,0.0,36.0,1.0,0,0,0,0,1,0,0,1,0,0,0,0,1,0
954000.0,12.0,9.38,762.0,13.83,23.0,4.0,0,0,0,1,0,1,0,0,0,0,0,1,0,1
407000.0,36.0,8.87,645.0,3.35,22.0,1.0,0,0,0,1,0,0,1,0,0,0,1,0,0,1
178000.0,36.0,8.74,756.0,10.02,28.0,1.0,0,0,0,0,0,0,1,0,0,0,1,0,1,0
784000.0,120.0,13.68,715.0,7.74,31.0,3.0,0,1,0,0,0,1,0,0,0,0,0,1,0,1
592000.0,60.0,11.8,788.0,5.37,63.0,0.0,1,0,0,0,1,0,0,0,1,0,0,1,0,0
177000.0,60.0,12.82,672.0,9.64,23.0,3.0,0,0,0,0,0,1,0,0,0,0,0,1,1,0
157000.0,36.0,9.48,642.0,12.76,33.0,0.0,0,0,1,0,0,1,0,0,0,0,1,0,0,1
353000.0,240.0,7.7,665.0,12.59,52.0,4.0,0,0,0,1,0,0,0,0,1,0,1,0,1,0
571000.0,120.0,7.77,629.0,0.47,27.0,0.0,0,0,1,0,0,0,0,1,0,0,1,0,1,0
102000.0,36.0,10.17,736.0,12.43,59.0,1.0,0,0,1,0,0,0,0,0,1,0,0,1,0,1
311000.0,60.0,8.14,769.0,14.62,48.0,3.0,0,0,1,0,0,0,0,0,0,1,0,0,0,0
605000.0,240.0,16.0,714.0,10.68,34.0,4.0,0,0,0,0,0,0,0,0,0,1,1,0,0,0
254000.0,12.0,13.94,727.0,7.0,52.0,0.0,0,0,1,0,0,0,0,1,0,0,0,1,0,1
554000.0,24.0,12.15,634.0,0.0,42.0,3.0,0,0,0,0,1,0,1,0,0,0,0,0,0,0
603000.0,24.0,12.46,706.0,19.25,62.0,3.0,0,0,0,0,1,1,0,0,0,0,0,1,1,0
664000.0,120.0,12.58,719.0,10.23,24.0,1.0,0,1,0,0,0,0,0,1,0,0,0,0,0,1
327000.0,24.0,11.68,748.0,2.9,30.0,2.0,0,0,1,0,0,0,0,0,0,0,0,1,1,0
529000.0,360.0,12.64,682.0,0.0,47.0,2.0,0,0,0,0,0,0,0,0,0,0,0,1,1,0
671000.0,12.0,8.23,724.0,12.2,65.0,2.0,0,0,0,1,0,0,0,1,0,0,0,0,0,0
100000.0,240.0,10.93,762.0,3.7,56.0,0.0,0,1,0,0,0,0,0,0,0,0,1,0,0,1
100000.0,24.0,9.35,773.0,6.24,39.0,2.0,0,0,0,0,1,0,0,1,0,0,0,1,1,0
1126000.0,240.0,12.47,631.0,2.99,60.0,2.0,0,0,1,0,0,0,0,1,0,0,1,0,0,1
846000.0,120.0,11.99,625.0,6.54,37.0,3.0,0,1,0,0,0,0,1,0,0,0,1,0,0,1
942000.0,360.0,10.68,769.0,7.69,28.0,2.0,0,0,1,0,0,0,0,1,0,0,0,0,0,0
418000.0,24.0,9.5,757.0,7.38,62.0,1.0,0,0,0,0,1,0,0,0,0,1,0,1,0,1
104000.0,120.0,8.29,614.0,3.58,54.0,3.0,0,0,0,1,0,1,0,0,0,0,1,0,0,1
769000.0,360.0,9.83,614.0,18.79,50.0,0.0,0,0,0,0,1,0,0,1,0,0,0,0,0,0
260000.0,36.0,13.53,672.0,1.86,25.0,3.0,0,1,0,0,0,0,0,0,0,1,0,0,1,0
701000.0,120.0,10.39,704.0,1.59,63.0,0.0,0,0,0,1,0,0,0,0,0,0,0,1,0,1
269000.0,24.0,11.71,568.0,3.2,30.0,0.0,0,1,0,0,0,1,0,0,0,0,1,0,0,0
372000.0,60.0,12.22,692.0,10.06,21.0,1.0,0,1,0,0,0,0,0,0,0,1,0,1,0,1
1088000.0,360.0,12.32,590.0,8.23,42.0,3.0,0,1,0,0,0,0,0,0,0,1,0,0,0,0
629000.0,240.0,10.95,704.0,4.11,48.0,2.0,0,0,0,0,0,0,0,0,1,0,0,0,1,0
752000.0,120.0,10.5,717.0,9.52,59.0,1.0,0,1,0,0,0,0,0,0,0,0,0,0,1,0
173000.0,36.0,11.25,575.0,2.46,30.0,4.0,0,0,0,1,0,0,0,1,0,0,1,0,1,0
690000.0,12.0,10.64,669.0,2.83,60.0,2.0,0,0,1,0,0,0,1,0,0,0,1,0,0,0
614000.0,12.0,9.01,751.0,3.9,59.0,4.0,0,0,0,0,1,0,0,0,1,0,0,1,0,1
1107000.0,12.0,12.79,789.0,13.67,60.0,1.0,0,0,1,0,0,0,1,0,0,0,0,0,0,0
1161000.0,36.0,10.71,765.0,7.28,58.0,4.0,0,0,0,1,0,0,0,0,0,0,0,1,0,1
100000.0,36.0,10.94,651.0,3.5,38.0,2.0,0,0,0,1,0,0,1,0,0,0,0,1,0,0
730000.0,36.0,10.99,689.0,5.21,29.0,2.0,0,0,0,0,1,1,0,0,0,0,1,0,1,0
623000.0,120.0,13.29,695.0,0.0,31.0,4.0,0,0,1,0,0,1,0,0,0,0,0,0,1,0
361000.0,360.0,10.72,638.0,4.91,55.0,2.0,0,1,0,0,0,1,0,0,0,0,0,1,1,0
317000.0,36.0,11.22,672.0,4.81,45.0,1.0,0,0,1,0,0,0,0,0,0,1,0,1,0,0
260000.0,12.0,14.51,716.0,2.0,57.0,0.0,0,0,0,1,0,1,0,0,0,0,0,1,0,0
822000.0,12.0,8.16,686.0,3.91,53.0,0.0,0,0,0,0,0,0,0,0,1,0,0,1,0,1
669000.0,60.0,12.3,742.0,8.66,63.0,1.0,0,0,0,1,0,0,0,0,1,0,0,0,0,0
498000.0,24.0,11.61,694.0,8.54,24.0,2.0,0,0,0,1,0,0,0,0,0,0,1,0,0,1
675000.0,360.0,9.12,612.0,1.89,60.0,2.0,0,1,0,0,0,0,0,1,0,0,0,0,0,0
280000.0,120.0,13.35,748.0,0.0,42.0,4.0,0,0,0,1,0,0,1,0,0,0,0,0,1,0
548000.0,360.0,11.7,756.0,2.56,42.0,1.0,0,0,0,0,1,0,1,0,0,0,1,0,0,1
239000.0,120.0,11.36,726.0,5.02,25.0,2.0,0,0,1,0,0,0,0,1,0,0,1,0,0,0
241000.0,360.0,13.63,722.0,3.8,62.0,3.0,0,0,1,0,0,0,0,1,0,0,0,1,0,1
578000.0,12.0,11.12,724.0,2.54,40.0,3.0,0,0,1,0,0,0,1,0,0,0,0,0,0,0
642000.0,240.0,8.89,682.0,4.02,30.0,1.0,0,1,0,0,0,0,1,0,0,0,0,1,0,1
477000.0,60.0,8.92,667.0,9.16,63.0,0.0,0,0,0,0,0,0,0,0,0,0,0,0,0,1
463000.0,24.0,10.55,652.0,10.5,50.0,3.0,0,1,0,0,0,0,0,0,0,0,0,0,1,0
505000.0,240.0,10.66,729.0,19.41,31.0,3.0,0,0,0,0,0,0,1,0,0,0,1,0,0,0
100000.0,24.0,9.51,759.0,0.49,28.0,2.0,0,0,0,1,0,0,0,1,0,0,0,1,1,0
858000.0,12.0,11.06,683.0,4.28,22.0,0.0,0,0,0,0,1,0,0,1,0,0,1,0,1,0
503000.0,60.0,12.96,665.0,6.55,21.0,0.0,0,1,0,0,0,0,1,0,0,0,0,1,1,0
916000.0,24.0,7.99,727.0,2.8,58.0,1.0,0,0,1,0,0,1,0,0,0,0,0,1,1,0
100000.0,360.0,9.66,751.0,5.69,63.0,2.0,0,0,0,0,1,0,0,1,0,0,0,0,1,0
691000.0,240.0,9.06,634.0,14.42,57.0,0.0,0,0,0,0,0,0,0,0,0,1,0,0,1,0
605000.0,12.0,9.89,717.0,5.39,57.0,4.0,0,0,0,1,0,0,0,0,0,1,0,1,0,1
510000.0,12.0,11.08,686.0,4.72,62.0,1.0,0,0,0,0,0,0,0,0,1,0,0,0,0,1
343000.0,120.0,11.28,755.0,6.74,58.0,4.0,0,0,1,0,0,0,1,0,0,0,1,0,1,0
398000.0,240.0,9.18,656.0,5.56,26.0,3.0,0,0,0,1,0,0,1,0,0,0,0,1,0,0
698000.0,24.0,8.6,695.0,8.25,31.0,3.0,0,1,0,0,0,0,0,0,0,0,1,0,0,0
100000.0,360.0,11.48,719.0,8.23,27.0,4.0,0,1,0,0,0,0,0,0,0,0,0,0,0,1
217000.0,24.0,9.74,648.0,8.86,62.0,1.0,0,1,0,0,0,0,0,0,0,1,1,0,1,0
196000.0,12.0,7.0,759.0,10.71,64.0,1.0,0,0,0,1,0,0,1,0,0,0,0,1,0,1
1125000.0,240.0,13.29,729.0,0.0,61.0,2.0,0,1,0,0,0,0,1,0,0,0,0,1,0,0
186000.0,240.0,14.38,644.0,2.29,35.0,4.0,0,0,0,0,0,0,1,0,0,0,1,0,0,1
774000.0,12.0,10.65,768.0,10.47,60.0,2.0,0,0,0,0,1,1,0,0,0,0,0,1,0,0
670000.0,360.0,10.17,664.0,7.29,21.0,2.0,0,0,0,1,0,1,0,0,0,0,0,1,0,1
433000.0,24.0,13.89,756.0,8.85,41.0,4.0,0,0,1,0,0,0,0,0,0,1,0,1,0,0
574000.0,120.0,10.33,809.0,11.73,35.0,4.0,0,0,0,1,0,0,0,1,0,0,0,0,1,0
552000.0,360.0,8.53,658.0,7.97,63.0,2.0,0,0,0,0,0,1,0,0,0,0,0,0,1,0
899000.0,360.0,7.0,682.0,6.2,62.0,3.0,0,0,0,0,1,0,0,0,1,0,0,0,1,0
420000.0,12.0,11.54,681.0,6.98,62.0,0.0,0,0,0,0,1,0,0,0,0,1,0,0,1,0
805000.0,120.0,11.34,722.0,15.58,26.0,1.0,0,0,0,0,1,0,0,1,0,0,1,0,0,1
195000.0,24.0,10.29,802.0,7.23,52.0,4.0,0,0,1,0,0,0,0,0,1,0,0,0,1,0
100000.0,120.0,9.57,632.0,5.56,27.0,4.0,0,0,0,0,1,0,0,0,0,1,0,1,1,0
167000.0,120.0,7.9,764.0,2.11,30.0,3.0,0,0,0,1,0,0,0,0,1,0,0,0,0,0
512000.0,12.0,10.38,659.0,6.19,60.0,1.0,0,0,0,1,0,0,0,1,0,0,0,1,0,0
307000.0,120.0,12.23,616.0,7.59,55.0,0.0,0,1,0,0,0,1,0,0,0,0,0,0,1,0
425000.0,120.0,7.0,731.0,4.44,47.0,4.0,0,1,0,0,0,0,0,0,0,1,1,0,0,0
769000.0,60.0,10.29,695.0,5.92,34.0,4.0,0,0,1,0,0,0,0,0,1,0,0,1,0,0
446000.0,240.0,13.03,707.0,8.59,63.0,1.0,0,0,0,0,0,0,0,0,0,1,0,1,0,1
631000.0,120.0,7.28,758.0,8.6,48.0,3.0,0,0,1,0,0,1,0,0,0,0,0,0,0,1
883000.0,120.0,12.48,732.0,5.73,41.0,0.0,0,0,0,0,1,0,0,0,0,0,1,0,0,0
421000.0,240.0,7.68,730.0,1.15,30.0,0.0,0,0,1,0,0,0,0,0,0,1,0,1,1,0
259000.0,60.0,9.55,689.0,14.84,23.0,0.0,0,0,0,0,1,0,0,0,1,0,1,0,1,0
462000.0,240.0,12.96,686.0,4.05,31.0,3.0,0,0,0,0,1,0,0,0,0,1,0,0,0,1
100000.0,120.0,11.63,695.0,3.32,41.0,1.0,0,0,0,0,0,0,1,0,0,0,1,0,0,1
540000.0,12.0,10.66,759.0,14.42,46.0,0.0,0,0,0,1,0,0,1,0,0,0,1,0,0,1
723000.0,12.0,12.05,741.0,1.88,31.0,1.0,0,0,1,0,0,0,0,0,1,0,0,1,0,0
589000.0,36.0,8.79,724.0,4.04,42.0,3.0,0,0,0,0,1,0,0,0,0,0,1,0,1,0
747000.0,36.0,9.98,715.0,9.07,65.0,2.0,0,0,0,0,1,0,0,0,1,0,0,1,0,0
382000.0,36.0,9.19,685.0,3.97,47.0,1.0,0,0,0,1,0,0,0,0,0,0,0,0,1,0
100000.0,12.0,7.0,685.0,2.05,34.0,0.0,0,0,0,0,1,0,0,1,0,0,1,0,0,1
400000.0,360.0,13.24,648.0,2.21,57.0,3.0,0,0,1,0,0,0,0,1,0,0,1,0,1,0
612000.0,12.0,13.05,623.0,7.89,41.0,4.0,0,0,0,0,1,0,0,0,1,0,0,1,0,0
728000.0,36.0,10.75,764.0,0.0,60.0,4.0,0,0,0,0,0,0,0,0,0,1,0,1,0,0
396000.0,12.0,8.77,729.0,3.15,22.0,3.0,0,0,1,0,0,0,0,1,0,0,0,1,0,1
100000.0,12.0,12.82,708.0,10.62,33.0,2.0,0,0,0,0,0,0,0,0,0,0,0,1,0,1
838000.0,60.0,7.0,657.0,7.96,53.0,3.0,0,0,0,1,0,0,0,0,0,0,0,1,0,0
524000.0,24.0,7.0,716.0,3.12,27.0,3.0,0,1,0,0,0,0,0,0,1,0,0,0,1,0
452000.0,360.0,7.51,719.0,0.0,46.0,3.0,0,1,0,0,0,1,0,0,0,0,0,0,0,1
279000.0,24.0,10.64,674.0,17.05,43.0,0.0,0,0,0,1,0,0,0,0,0,0,0,1,0,0
345000.0,24.0,8.69,702.0,0.0,35.0,2.0,0,1,0,0,0,0,1,0,0,0,0,1,1,0
137000.0,240.0,10.13,636.0,4.42,41.0,4.0,0,1,0,0,0,0,0,0,0,1,0,0,0,0
560000.0,240.0,10.14,720.0,1.38,53.0,4.0,0,0,1,0,0,1,0,0,0,0,0,0,0,1
100000.0,60.0,8.58,694.0,3.18,64.0,3.0,0,0,0,1,0,1,0,0,0,0,1,0,0,0
273000.0,24.0,14.2,728.0,0.0,38.0,3.0,0,0,1,0,0,0,0,0,1,0,0,1,0,1
285000.0,24.0,7.46,731.0,1.9,62.0,4.0,0,1,0,0,0,0,0,0,0,1,1,0,0,0
456000.0,360.0,10.45,637.0,6.38,58.0,2.0,0,1,0,0,0,0,0,1,0,0,0,1,1,0
292000.0,120.0,10.28,707.0,14.41,63.0,1.0,0,0,0,1,0,1,0,0,0,0,0,1,1,0
281000.0,120.0,9.93,719.0,5.34,38.0,3.0,0,0,0,1,0,0,0,0,0,0,1,0,0,0
912000.0,24.0,9.19,685.0,19.48,58.0,4.0,0,0,0,1,0,1,0,0,0,0,0,0,0,1
755000.0,360.0,7.0,689.0,14.4,21.0,3.0,0,0,0,0,0,0,0,0,1,0,1,0,0,1
1151000.0,12.0,7.74,715.0,16.67,44.0,0.0,0,0,0,0,1,0,0,0,1,0,0,1,1,0
551000.0,60.0,13.07,691.0,1.59,58.0,4.0,0,1,0,0,0,0,0,0,0,0,1,0,0,0
548000.0,360.0,12.55,704.0,4.38,64.0,3.0,0,0,1,0,0,0,1,0,0,0,0,0,0,1
373000.0,24.0,9.19,673.0,3.36,62.0,2.0,0,0,0,1,0,0,0,0,0,1,0,0,0,0
831000.0,240.0,11.04,696.0,20.58,37.0,1.0,0,0,0,0,0,0,0,0,0,0,0,0,0,1
238000.0,12.0,8.72,624.0,0.25,62.0,2.0,0,0,1,0,0,0,0,0,0,1,0,0,0,0
806000.0,36.0,12.35,765.0,7.44,30.0,4.0,0,0,0,1,0,0,0,0,0,1,0,0,0,1
334000.0,360.0,10.83,668.0,10.42,59.0,2.0,0,0,0,1,0,0,0,0,1,0,0,1,0,1
720000.0,240.0,10.07,702.0,7.64,44.0,4.0,0,1,0,0,0,0,0,0,1,0,1,0,1,0
592000.0,360.0,10.26,711.0,1.85,59.0,1.0,0,1,0,0,0,0,0,0,0,0,1,0,0,1
100000.0,12.0,7.0,682.0,8.7,26.0,1.0,0,1,0,0,0,0,0,0,0,1,0,0,0,0
1163000.0,360.0,13.75,661.0,6.43,27.0,2.0,0,1,0,0,0,0,1,0,0,0,0,0,1,0
148000.0,36.0,9.51,627.0,14.36,33.0,2.0,0,0,0,0,1,0,0,0,1,0,0,1,1,0
308000.0,240.0,13.77,654.0,7.24,32.0,4.0,0,0,0,0,1,0,0,0,0,0,0,0,0,1
100000.0,12.0,9.25,742.0,5.53,60.0,0.0,1,1,0,0,0,1,0,0,0,0,1,0,1,0
613000.0,60.0,12.94,693.0,0.0,38.0,4.0,0,0,0,0,1,0,0,0,0,1,1,0,0,0
511000.0,360.0,11.54,673.0,0.0,28.0,1.0,0,1,0,0,0,0,1,0,0,0,0,0,0,0
546000.0,24.0,8.87,730.0,6.75,52.0,4.0,0,0,0,0,0,0,0,1,0,0,0,0,0,1
955000.0,120.0,11.25,697.0,7.1,31.0,1.0,0,0,0,0,0,0,0,1,0,0,0,0,0,0
100000.0,12.0,8.74,635.0,7.64,22.0,1.0,0,0,0,0,1,0,0,0,0,1,1,0,1,0
611000.0,120.0,10.99,648.0,7.23,40.0,3.0,1,0,0,1,0,0,0,0,0,0,1,0,0,0
411000.0,360.0,9.06,733.0,13.57,61.0,0.0,0,0,0,1,0,0,0,1,0,0,1,0,1,0
504000.0,12.0,10.24,733.0,13.1,36.0,4.0,0,1,0,0,0,0,0,1,0,0,0,0,0,0
1036000.0,60.0,7.68,662.0,0.0,62.0,1.0,0,1,0,0,0,0,0,0,0,1,0,1,1,0
497000.0,12.0,9.16,700.0,6.76,43.0,0.0,0,0,0,0,0,0,1,0,0,0,0,0,1,0
1168000.0,12.0,10.3,775.0,5.74,40.0,3.0,0,0,0,0,1,0,0,0,0,1,0,1,0,0
515000.0,60.0,7.07,734.0,0.0,45.0,1.0,0,1,0,0,0,0,0,0,0,1,0,1,1,0
134000.0,60.0,12.12,775.0,5.12,43.0,0.0,0,0,0,1,0,0,0,0,0,1,0,0,0,1
677000.0,12.0,8.04,691.0,9.29,51.0,0.0,0,1,0,0,0,0,0,0,0,1,1,0,0,0
1157000.0,360.0,11.81,702.0,7.01,30.0,2.0,0,0,0,0,0,0,0,1,0,0,1,0,0,0
477000.0,12.0,11.45,749.0,7.28,48.0,4.0,0,0,1,0,0,1,0,0,0,0,0,0,0,0
1207000.0,360.0,9.08,709.0,3.35,52.0,3.0,0,0,0,0,0,0,1,0,0,0,1,0,1,0
475000.0,360.0,7.34,705.0,4.14,51.0,3.0,0,0,0,1,0,0,0,1,0,0,0,1,0,0
636000.0,60.0,8.46,718.0,3.8,57.0,0.0,0,1,0,0,0,0,0,0,0,0,0,0,0,1
656000.0,24.0,11.75,711.0,3.83,41.0,3.0,0,0,1,0,0,0,0,0,0,1,1,0,0,1
787000.0,60.0,9.0,739.0,7.14,44.0,4.0,0,1,0,0,0,0,0,0,0,0,0,0,1,0
756000.0,24.0,12.29,692.0,18.44,52.0,1.0,0,0,0,0,0,0,1,0,0,0,0,0,0,1
629000.0,36.0,11.6,785.0,3.65,65.0,3.0,0,0,0,1,0,0,0,1,0,0,0,1,1,0
1171000.0,12.0,9.96,740.0,6.31,54.0,0.0,0,0,0,0,1,0,0,0,0,0,0,0,1,0
210000.0,36.0,10.04,685.0,1.87,27.0,4.0,0,1,0,0,0,0,0,0,0,0,0,0,1,0
467000.0,36.0,9.31,749.0,5.79,36.0,3.0,0,0,0,1,0,1,0,0,0,0,1,0,0,0
766000.0,24.0,11.7,734.0,2.69,40.0,3.0,0,1,0,0,0,0,0,0,0,0,1,0,1,0
421000.0,36.0,10.22,689.0,8.31,49.0,1.0,0,1,0,0,0,0,0,0,0,0,1,0,0,1
378000.0,24.0,10.16,700.0,0.0,41.0,2.0,0,0,0,0,1,0,0,0,0,0,1,0,0,0
576000.0,60.0,11.38,799.0,6.23,63.0,4.0,0,1,0,0,0,1,0,0,0,0,0,0,0,1
604000.0,12.0,7.6,813.0,15.43,38.0,0.0,0,0,1,0,0,0,0,0,0,1,0,1,0,1
869000.0,120.0,7.9,652.0,4.78,60.0,2.0,0,0,0,1,0,0,0,0,0,0,1,0,0,1
1047000.0,360.0,12.57,759.0,10.46,32.0,1.0,0,0,0,1,0,0,0,0,0,1,0,1,0,1
707000.0,24.0,9.47,684.0,6.8,44.0,2.0,0,0,0,1,0,0,0,0,1,0,1,0,0,0
800000.0,24.0,8.92,803.0,14.47,33.0,3.0,0,1,0,0,0,0,0,0,1,0,0,1,1,0
279000.0,60.0,13.35,705.0,16.48,54.0,0.0,0,0,1,0,0,0,1,0,0,0,0,0,1,0
661000.0,360.0,10.88,689.0,7.76,25.0,4.0,0,0,0,0,1,0,0,0,0,0,0,0,0,1
555000.0,36.0,11.16,656.0,12.0,62.0,1.0,0,1,0,0,0,0,0,0,0,0,1,0,0,1
835000.0,240.0,13.11,637.0,1.01,63.0,3.0,0,0,1,0,0,1,0,0,0,0,0,1,0,0
1003000.0,36.0,11.59,647.0,6.31,53.0,1.0,0,1,0,0,0,1,0,0,0,0,0,0,1,0
515000.0,12.0,11.94,702.0,1.83,29.0,3.0,0,0,0,1,0,0,1,0,0,0,0,0,0,1
429000.0,24.0,12.08,686.0,1.17,64.0,3.0,0,0,0,0,0,0,1,0,0,0,0,0,0,0
392000.0,12.0,8.41,697.0,15.3,58.0,3.0,0,0,1,0,0,0,1,0,0,0,0,0,0,0
474000.0,120.0,13.08,622.0,2.48,56.0,1.0,0,0,0,1,0,0,1,0,0,0,0,1,0,0
100000.0,60.0,11.6,711.0,12.73,46.0,2.0,0,1,0,0,0,0,0,0,0,1,0,1,0,1
325000.0,240.0,13.62,644.0,0.0,21.0,3.0,0,0,0,0,0,0,0,1,0,0,0,1,1,0
374000.0,360.0,8.34,609.0,3.15,37.0,2.0,0,0,1,0,0,0,0,0,0,0,0,1,0,1
859000.0,360.0,13.38,791.0,9.05,28.0,3.0,0,0,0,0,0,0,0,0,0,1,0,0,0,1
308000.0,36.0,11.09,656.0,2.71,36.0,4.0,0,0,0,1,0,0,1,0,0,0,0,1,0,1
100000.0,120.0,12.15,766.0,2.46,39.0,4.0,0,1,0,0,0,0,1,0,0,0,0,1,0,0
658000.0,36.0,12.44,648.0,8.36,32.0,2.0,0,1,0,0,0,0,0,0,0,0,0,1,0,0
409000.0,120.0,9.84,776.0,0.0,52.0,1.0,0,0,0,0,0,0,0,0,0,1,1,0,0,1
100000.0,24.0,10.15,715.0,10.7,37.0,0.0,0,0,1,0,0,0,0,1,0,0,0,0,1,0
509000.0,12.0,11.37,666.0,1.67,42.0,3.0,0,1,0,0,0,0,1,0,0,0,0,1,0,0
342000.0,60.0,10.34,749.0,4.58,37.0,2.0,0,0,1,0,0,0,0,1,0,0,0,1,1,0
534000.0,60.0,14.64,692.0,12.86,41.0,4.0,0,0,0,0,1,0,0,1,0,0,0,0,0,0
662000.0,24.0,10.28,721.0,7.21,23.0,2.0,0,0,0,0,0,1,0,0,0,0,1,0,1,0
100000.0,24.0,11.94,737.0,12.86,46.0,2.0,0,0,0,0,1,0,0,0,1,0,1,0,1,0
853000.0,360.0,8.84,611.0,6.08,36.0,3.0,0,0,0,0,0,0,0,1,0,0,0,0,1,0
657000.0,12.0,11.8,776.0,2.11,62.0,4.0,0,0,0,1,0,0,1,0,0,0,1,0,0,0
237000.0,24.0,14.1,699.0,3.67,28.0,3.0,0,0,1,0,0,0,0,0,0,1,0,0,1,0
176000.0,60.0,7.0,704.0,12.5,58.0,4.0,0,1,0,0,0,0,0,1,0,0,0,1,0,1
629000.0,12.0,12.93,705.0,2.96,29.0,2.0,0,0,1,0,0,0,0,0,0,1,0,1,1,0
1015000.0,240.0,7.61,732.0,3.1,50.0,1.0,0,1,0,0,0,0,0,0,1,0,1,0,0,1
325000.0,12.0,12.57,701.0,1.05,34.0,1.0,0,0,1,0,0,0,0,1,0,0,0,0,1,0
679000.0,120.0,10.12,725.0,0.96,30.0,1.0,0,0,0,0,1,0,0,0,1,0,1,0,0,0
981000.0,36.0,10.48,682.0,15.64,29.0,0.0,0,0,1,0,0,1,0,0,0,0,0,1,1,0
407000.0,360.0,12.3,709.0,13.0,38.0,0.0,0,0,1,0,0,0,1,0,0,0,0,0,0,1
244000.0,36.0,11.35,727.0,20.8,39.0,4.0,0,0,0,1,0,1,0,0,0,0,0,1,0,1
329000.0,60.0,10.08,709.0,4.6,57.0,1.0,0,0,0,0,1,0,0,0,0,0,0,0,0,1
343000.0,60.0,12.47,661.0,10.57,27.0,3.0,0,0,1,0,0,0,0,0,0,0,0,1,0,0
816000.0,360.0,9.15,712.0,11.35,64.0,2.0,0,0,1,0,0,0,0,0,0,0,0,1,0,1
886000.0,12.0,10.95,745.0,5.53,60.0,0.0,0,0,0,1,0,0,0,0,0,0,1,0,1,0
811000.0,240.0,9.6,733.0,10.84,61.0,1.0,0,0,1,0,0,0,1,0,0,0,0,0,0,0
223000.0,36.0,11.96,705.0,2.61,60.0,1.0,0,0,0,1,0,0,1,0,0,0,1,0,0,1
100000.0,120.0,9.62,715.0,2.57,53.0,1.0,0,1,0,0,0,0,0,0,0,1,0,1,0,1
261000.0,360.0,12.76,654.0,0.72,54.0,0.0,0,1,0,0,0,1,0,0,0,0,0,1,0,1
861000.0,60.0,8.43,668.0,5.83,65.0,4.0,0,1,0,0,0,0,0,1,0,0,1,0,0,1
380000.0,60.0,9.02,733.0,1.22,57.0,0.0,0,0,1,0,0,0,0,1,0,0,0,0,0,0
507000.0,60.0,14.97,701.0,1.43,33.0,2.0,0,1,0,0,0,1,0,0,0,0,0,1,0,1
247000.0,12.0,8.89,747.0,8.08,41.0,2.0,0,1,0,0,0,0,0,1,0,0,0,1,0,1
639000.0,24.0,12.15,657.0,9.12,53.0,1.0,0,0,0,0,0,0,0,0,0,1,1,0,1,0
333000.0,12.0,10.85,720.0,2.56,46.0,3.0,0,1,0,0,0,0,0,0,0,0,0,0,0,1
532000.0,24.0,12.06,681.0,0.0,25.0,1.0,0,1,0,0,0,0,0,0,0,1,1,0,0,1
1097000.0,360.0,10.92,706.0,3.65,56.0,3.0,0,0,0,0,1,0,0,1,0,0,1,0,0,0
703000.0,12.0,9.74,705.0,3.12,64.0,4.0,0,1,0,0,0,0,0,0,1,0,0,0,0,1
403000.0,24.0,11.52,714.0,0.0,65.0,2.0,0,0,0,0,0,0,0,0,0,1,0,1,0,0
100000.0,12.0,12.29,720.0,10.23,58.0,4.0,0,0,0,1,0,0,1,0,0,0,0,0,0,0
231000.0,12.0,13.91,731.0,5.12,63.0,2.0,0,0,1,0,0,0,0,0,1,0,0,1,0,1
610000.0,24.0,8.8,751.0,8.54,47.0,3.0,0,0,0,1,0,1,0,0,0,0,1,0,0,0
759000.0,360.0,8.08,743.0,4.23,46.0,1.0,1,0,0,1,0,1,0,0,0,0,1,0,1,0
537000.0,240.0,12.27,702.0,7.83,59.0,3.0,0,0,1,0,0,0,1,0,0,0,1,0,1,0
809000.0,240.0,9.05,700.0,6.37,40.0,4.0,0,0,0,0,0,0,0,0,0,1,0,1,0,1
321000.0,24.0,10.01,693.0,2.86,43.0,4.0,0,0,0,0,1,0,1,0,0,0,0,1,0,0
522000.0,60.0,14.16,667.0,3.73,49.0,1.0,0,0,0,0,1,0,1,0,0,0,0,1,0,0
450000.0,360.0,8.91,665.0,12.72,64.0,0.0,0,1,0,0,0,0,0,0,0,0,0,0,0,0
456000.0,120.0,8.74,666.0,3.09,47.0,2.0,0,1,0,0,0,0,0,1,0,0,1,0,0,1
302000.0,36.0,11.36,647.0,19.31,40.0,3.0,0,1,0,0,0,0,0,0,1,0,0,1,0,1
783000.0,240.0,11.34,632.0,4.4,39.0,1.0,0,0,0,1,0,0,1,0,0,0,0,0,0,0
996000.0,360.0,10.88,662.0,0.34,25.0,4.0,0,1,0,0,0,0,0,1,0,0,1,0,0,0
298000.0,240.0,9.93,785.0,9.67,64.0,1.0,0,0,0,0,1,0,0,1,0,0,0,0,0,1
415000.0,120.0,10.58,693.0,0.0,50.0,4.0,0,0,1,0,0,0,1,0,0,0,0,0,0,0
354000.0,36.0,11.87,731.0,1.83,30.0,0.0,0,0,0,0,0,0,0,0,0,0,0,1,1,0
633000.0,60.0,8.54,697.0,5.74,31.0,3.0,0,0,0,0,0,0,0,0,0,1,0,1,0,1
100000.0,120.0,14.1,744.0,12.11,41.0,0.0,0,0,0,1,0,0,1,0,0,0,1,0,1,0
1089000.0,12.0,11.0,622.0,11.02,62.0,3.0,0,0,0,1,0,0,0,0,0,1,1,0,1,0
789000.0,60.0,9.42,771.0,9.0,58.0,1.0,0,0,0,0,1,0,0,0,0,0,1,0,0,0
911000.0,36.0,11.38,616.0,1.3,54.0,1.0,0,0,0,1,0,0,0,0,1,0,1,0,0,0
1116000.0,360.0,11.61,616.0,9.2,21.0,2.0,0,0,0,0,1,0,1,0,0,0,0,0,0,1
941000.0,60.0,7.93,722.0,0.0,28.0,2.0,0,1,0,0,0,0,0,0,1,0,1,0,1,0
912000.0,120.0,11.49,722.0,1.17,38.0,3.0,0,1,0,0,0,1,0,0,0,0,1,0,0,0
592000.0,120.0,11.12,575.0,0.0,27.0,2.0,0,1,0,0,0,0,1,0,0,0,0,1,0,1
1111000.0,12.0,7.28,713.0,0.0,52.0,1.0,0,1,0,0,0,0,1,0,0,0,0,0,0,0
688000.0,12.0,9.53,736.0,11.93,27.0,0.0,0,0,0,0,1,0,0,0,0,0,0,1,1,0
738000.0,60.0,8.59,755.0,16.36,27.0,3.0,0,0,1,0,0,0,1,0,0,0,1,0,1,0
770000.0,240.0,9.22,682.0,11.92,51.0,1.0,0,0,0,1,0,0,0,1,0,0,0,0,0,0
506000.0,240.0,9.04,728.0,0.0,56.0,4.0,0,0,0,0,0,1,0,0,0,0,0,1,1,0
362000.0,12.0,9.84,751.0,2.77,44.0,1.0,0,0,0,0,0,0,1,0,0,0,0,0,0,1
743000.0,60.0,10.2,701.0,18.32,25.0,4.0,0,0,0,1,0,0,0,0,0,0,0,1,0,1
1065000.0,12.0,11.34,803.0,13.64,38.0,2.0,0,0,1,0,0,0,0,0,1,0,1,0,0,1
668000.0,360.0,12.84,740.0,6.32,51.0,0.0,0,0,0,1,0,0,0,0,1,0,0,1,0,1
650000.0,36.0,10.93,769.0,0.75,45.0,1.0,0,0,0,1,0,0,0,0,1,0,0,0,0,1
805000.0,360.0,11.72,642.0,11.08,55.0,0.0,0,0,0,0,0,0,0,0,1,0,1,0,0,0
1018000.0,240.0,9.39,683.0,5.5,65.0,4.0,0,0,0,1,0,0,0,1,0,0,0,1,0,1
458000.0,36.0,9.08,780.0,5.57,42.0,3.0,0,0,0,0,0,0,0,0,0,1,0,1,0,0
445000.0,360.0,9.42,674.0,2.83,24.0,3.0,0,0,1,0,0,0,0,0,0,1,0,1,1,0
350000.0,240.0,8.54,640.0,6.28,33.0,2.0,0,0,0,0,0,0,0,1,0,0,1,0,0,0
842000.0,24.0,11.32,684.0,8.76,42.0,2.0,0,1,0,0,0,1,0,0,0,0,1,0,0,0
100000.0,60.0,8.95,686.0,7.56,30.0,1.0,0,0,1,0,0,1,0,0,0,0,0,1,0,1
1181000.0,360.0,10.98,727.0,16.6,44.0,3.0,0,1,0,0,0,0,0,0,0,1,1,0,0,1
814000.0,120.0,9.64,755.0,7.69,53.0,2.0,0,0,0,0,1,0,0,1,0,0,1,0,0,1
100000.0,36.0,8.81,740.0,4.84,52.0,4.0,0,1,0,0,0,0,0,0,1,0,0,0,0,0
326000.0,24.0,10.6,696.0,1.93,47.0,1.0,0,0,0,0,1,0,0,1,0,0,0,1,0,1
100000.0,36.0,10.9,673.0,7.0,45.0,2.0,0,0,1,0,0,0,0,0,0,0,0,0,1,0
680000.0,360.0,7.69,764.0,4.94,26.0,3.0,0,0,0,0,1,0,0,0,0,1,0,0,0,0
329000.0,120.0,10.43,684.0,3.2,40.0,4.0,0,1,0,0,0,0,0,0,1,0,0,1,1,0
415000.0,24.0,10.98,680.0,0.0,33.0,3.0,0,0,0,0,1,0,0,0,0,1,0,0,1,0
424000.0,12.0,12.83,699.0,12.98,47.0,1.0,0,0,0,0,1,1,0,0,0,0,1,0,0,1
100000.0,60.0,9.51,677.0,11.78,64.0,3.0,0,0,0,0,0,1,0,0,0,0,0,1,0,0
779000.0,12.0,11.13,730.0,6.11,24.0,3.0,0,1,0,0,0,0,1,0,0,0,1,0,1,0
474000.0,36.0,9.27,593.0,6.68,60.0,0.0,0,0,0,0,0,0,0,0,1,0,0,1,0,0
100000.0,24.0,12.46,719.0,7.09,59.0,3.0,0,0,0,1,0,0,1,0,0,0,0,1,1,0
422000.0,60.0,11.19,742.0,3.36,49.0,3.0,0,0,1,0,0,0,0,1,0,0,0,0,0,1
628000.0,12.0,10.71,633.0,8.39,58.0,4.0,0,1,0,0,0,0,0,0,0,0,0,1,0,1
461000.0,120.0,11.24,740.0,1.15,41.0,0.0,0,1,0,0,0,0,1,0,0,0,0,0,1,0
591000.0,24.0,14.07,620.0,1.61,48.0,4.0,0,0,1,0,0,0,0,0,1,0,1,0,0,0
100000.0,360.0,10.51,678.0,14.44,23.0,2.0,0,0,1,0,0,0,0,0,0,0,1,0,1,0
376000.0,360.0,11.92,704.0,3.56,41.0,0.0,0,0,0,1,0,0,0,1,0,0,0,1,0,0
753000.0,36.0,7.37,721.0,12.03,31.0,4.0,0,0,0,1,0,0,0,0,0,1,0,0,1,0
535000.0,60.0,7.87,755.0,0.0,49.0,0.0,0,0,0,1,0,0,0,0,0,0,1,0,0,1
948000.0,12.0,9.4,625.0,4.09,57.0,4.0,0,0,1,0,0,0,0,0,0,0,0,1,0,1
930000.0,12.0,10.61,715.0,8.16,31.0,4.0,0,0,0,0,0,1,0,0,0,0,1,0,0,0
1099000.0,36.0,13.01,662.0,5.04,45.0,4.0,0,0,0,0,1,0,0,0,0,0,0,1,0,1
945000.0,60.0,9.73,686.0,0.0,36.0,4.0,0,0,1,0,0,0,1,0,0,0,1,0,1,0
1023000.0,12.0,9.89,661.0,7.27,49.0,1.0,0,0,0,0,1,0,1,0,0,0,1,0,1,0
478000.0,360.0,14.58,765.0,9.11,45.0,0.0,0,0,1,0,0,0,0,0,0,0,0,0,0,0
130000.0,60.0,12.34,647.0,5.07,24.0,3.0,0,1,0,0,0,0,0,0,0,1,0,1,1,0
103000.0,120.0,8.84,742.0,4.26,43.0,0.0,0,1,0,0,0,1,0,0,0,0,1,0,0,1
406000.0,360.0,11.09,744.0,11.9,59.0,2.0,0,0,0,1,0,1,0,0,0,0,0,1,0,0
614000.0,12.0,9.59,642.0,13.4,41.0,3.0,0,0,0,1,0,0,0,0,0,1,0,0,0,1
1106000.0,240.0,10.18,680.0,19.95,26.0,4.0,0,1,0,0,0,0,0,0,0,1,0,1,0,0
472000.0,240.0,13.15,685.0,5.0,49.0,2.0,0,0,0,0,0,0,0,0,0,0,0,1,0,0
529000.0,120.0,10.24,731.0,6.42,63.0,2.0,0,1,0,0,0,0,0,0,1,0,0,0,0,0
472000.0,60.0,7.0,707.0,1.05,40.0,4.0,0,1,0,0,0,1,0,0,0,0,1,0,1,0
100000.0,12.0,12.07,762.0,2.49,23.0,4.0,0,0,0,0,0,1,0,0,0,0,1,0,0,0
422000.0,12.0,8.72,621.0,12.37,47.0,2.0,0,0,0,0,0,0,0,0,0,0,0,1,1,0
674000.0,360.0,11.45,746.0,5.82,49.0,0.0,0,0,0,1,0,0,1,0,0,0,0,0,0,1
390000.0,360.0,9.03,719.0,5.94,30.0,4.0,0,1,0,0,0,0,0,0,1,0,0,0,0,1
633000.0,12.0,13.64,615.0,6.74,28.0,3.0,0,0,1,0,0,0,0,0,0,0,0,0,0,1
772000.0,24.0,10.05,774.0,3.05,38.0,2.0,0,1,0,0,0,0,0,1,0,0,0,1,1,0
538000.0,360.0,8.67,706.0,4.79,40.0,0.0,0,0,0,0,1,0,0,0,0,1,0,0,0,0
1018000.0,360.0,11.49,658.0,6.17,37.0,3.0,0,1,0,0,0,0,0,0,0,1,1,0,0,0
561000.0,12.0,7.0,727.0,13.42,49.0,4.0,0,0,0,1,0,1,0,0,0,0,0,0,1,0
608000.0,240.0,12.38,707.0,4.3,25.0,0.0,0,0,1,0,0,1,0,0,0,0,0,1,1,0
317000.0,360.0,8.69,642.0,0.3,44.0,2.0,0,0,1,0,0,0,0,0,0,1,0,1,0,1
706000.0,60.0,9.58,725.0,20.08,25.0,3.0,0,0,0,0,0,0,1,0,0,0,1,0,0,0
375000.0,120.0,12.0,782.0,8.01,26.0,1.0,0,0,0,1,0,0,0,0,0,1,0,1,1,0
100000.0,60.0,10.85,797.0,3.2,30.0,1.0,0,1,0,0,0,0,1,0,0,0,1,0,0,1
634000.0,36.0,10.79,708.0,16.07,26.0,0.0,0,0,0,0,0,0,1,0,0,0,0,0,0,1
691000.0,24.0,8.3,742.0,6.32,40.0,0.0,0,0,0,0,1,0,0,0,0,1,0,1,1,0
336000.0,36.0,10.82,742.0,0.0,42.0,1.0,0,0,0,0,1,0,1,0,0,0,0,1,0,0
264000.0,240.0,9.78,727.0,5.28,44.0,3.0,0,0,0,0,1,1,0,0,0,0,0,0,0,0
413000.0,12.0,12.56,712.0,8.73,50.0,2.0,0,0,0,1,0,0,0,0,1,0,0,0,1,0
582000.0,360.0,8.81,712.0,4.91,52.0,1.0,0,0,0,0,1,0,0,0,1,0,0,1,1,0
632000.0,60.0,10.56,791.0,0.0,30.0,2.0,0,0,1,0,0,0,0,1,0,0,0,0,0,0
164000.0,120.0,10.24,749.0,6.6,64.0,2.0,0,0,0,0,1,0,0,0,1,0,0,0,0,1
518000.0,120.0,9.96,655.0,0.0,64.0,1.0,0,0,0,0,0,0,1,0,0,0,0,0,0,0
436000.0,12.0,7.05,702.0,0.0,50.0,4.0,0,0,0,0,1,0,0,0,1,0,1,0,0,1
100000.0,24.0,8.17,704.0,4.49,50.0,3.0,0,0,0,0,1,0,0,0,0,0,0,0,0,0
417000.0,36.0,9.73,671.0,12.84,53.0,2.0,0,0,0,1,0,0,1,0,0,0,0,1,0,0
372000.0,240.0,11.79,659.0,0.0,63.0,1.0,1,0,1,0,0,0,0,1,0,0,1,0,0,1
1031000.0,36.0,10.47,608.0,14.8,49.0,1.0,0,0,0,0,1,0,0,0,0,0,0,1,0,1
384000.0,120.0,12.36,733.0,4.67,30.0,1.0,0,0,0,0,0,0,1,0,0,0,0,1,0,0
592000.0,120.0,10.15,735.0,13.04,24.0,0.0,1,0,0,0,1,0,1,0,0,0,0,1,0,0
789000.0,120.0,9.77,725.0,9.56,50.0,3.0,0,0,1,0,0,1,0,0,0,0,0,1,0,1
910000.0,120.0,7.77,661.0,0.0,61.0,1.0,0,0,0,0,0,0,1,0,0,0,1,0,0,0
400000.0,12.0,12.07,713.0,5.84,60.0,1.0,0,1,0,0,0,0,1,0,0,0,0,0,1,0
140000.0,12.0,12.37,786.0,11.07,56.0,4.0,0,0,0,1,0,1,0,0,0,0,0,1,0,1
790000.0,60.0,11.31,742.0,7.29,42.0,2.0,0,0,0,0,1,0,0,0,0,1,0,0,1,0
454000.0,240.0,9.63,566.0,1.4,33.0,3.0,0,0,1,0,0,0,0,1,0,0,0,0,1,0
373000.0,360.0,9.84,683.0,1.53,23.0,4.0,0,0,0,1,0,0,0,1,0,0,0,0,0,1
826000.0,60.0,12.97,685.0,19.65,42.0,2.0,0,0,0,1,0,0,0,0,1,0,0,1,0,1
324000.0,240.0,8.39,728.0,1.06,44.0,4.0,0,0,0,0,1,0,1,0,0,0,1,0,0,0
534000.0,360.0,10.17,725.0,17.08,62.0,1.0,0,0,0,0,1,0,0,0,1,0,0,0,1,0
553000.0,12.0,13.18,704.0,15.94,37.0,2.0,0,0,0,1,0,0,0,0,0,1,1,0,0,0
615000.0,24.0,12.65,739.0,8.55,63.0,3.0,0,1,0,0,0,0,1,0,0,0,0,1,0,1
759000.0,60.0,10.82,684.0,6.35,24.0,3.0,0,0,0,0,0,0,0,0,1,0,1,0,1,0
546000.0,60.0,9.48,674.0,8.89,61.0,2.0,0,0,0,0,1,0,1,0,0,0,1,0,0,0
324000.0,240.0,12.95,694.0,5.74,23.0,4.0,0,1,0,0,0,0,0,0,0,1,0,1,1,0
713000.0,240.0,9.33,755.0,15.82,39.0,3.0,0,0,0,0,1,0,0,0,0,1,1,0,0,0
713000.0,240.0,12.29,737.0,4.65,37.0,3.0,0,0,0,0,0,0,0,0,0,0,0,1,0,1
526000.0,24.0,10.5,733.0,0.3,38.0,0.0,0,0,0,1,0,1,0,0,0,0,0,1,1,0
713000.0,240.0,10.34,751.0,1.82,31.0,4.0,0,0,0,0,1,0,0,0,0,1,1,0,0,1
181000.0,240.0,12.57,680.0,6.84,48.0,2.0,0,0,0,0,0,1,0,0,0,0,0,0,0,1
771000.0,24.0,10.22,711.0,3.16,21.0,3.0,0,0,1,0,0,0,0,1,0,0,0,1,0,0
1261000.0,360.0,10.85,630.0,1.3,53.0,1.0,0,0,0,0,1,0,0,0,1,0,0,1,0,1
712000.0,60.0,7.46,743.0,3.59,30.0,3.0,0,0,0,1,0,0,0,0,1,0,1,0,0,1
434000.0,36.0,11.41,611.0,6.81,35.0,2.0,0,0,1,0,0,1,0,0,0,0,0,0,0,0
462000.0,12.0,7.25,640.0,8.0,39.0,3.0,0,1,0,0,0,0,0,0,1,0,1,0,1,0
565000.0,60.0,9.26,642.0,3.33,26.0,3.0,0,0,1,0,0,0,0,0,1,0,1,0,0,1
766000.0,36.0,12.0,716.0,12.05,56.0,2.0,0,1,0,0,0,0,0,0,0,0,0,1,0,0
1013000.0,24.0,7.0,736.0,4.74,24.0,1.0,0,0,0,1,0,1,0,0,0,0,0,0,1,0
100000.0,60.0,12.14,743.0,7.25,40.0,3.0,0,0,0,1,0,0,0,0,1,0,1,0,0,0
364000.0,360.0,8.93,719.0,4.82,42.0,4.0,0,0,1,0,0,0,0,0,1,0,1,0,0,1
747000.0,60.0,12.14,667.0,16.0,38.0,0.0,0,0,0,0,0,0,1,0,0,0,1,0,0,1
690000.0,36.0,9.73,723.0,1.25,54.0,3.0,0,0,1,0,0,1,0,0,0,0,1,0,1,0
302000.0,240.0,9.56,786.0,5.68,26.0,2.0,0,0,0,0,1,0,0,0,1,0,0,0,0,0
538000.0,60.0,13.3,637.0,8.73,53.0,3.0,0,0,0,0,0,1,0,0,0,0,0,1,0,0
962000.0,120.0,12.29,756.0,4.08,31.0,0.0,0,0,0,0,0,1,0,0,0,0,1,0,0,1
938000.0,60.0,10.88,747.0,5.58,31.0,0.0,0,0,0,0,0,0,0,0,1,0,0,0,0,1
228000.0,12.0,12.93,792.0,7.38,63.0,0.0,0,1,0,0,0,0,0,0,0,0,0,0,0,1
1243000.0,12.0,8.63,745.0,15.36,23.0,3.0,0,0,0,0,0,1,0,0,0,0,0,0,1,0
282000.0,24.0,7.82,763.0,2.33,21.0,1.0,0,0,0,1,0,0,0,0,1,0,0,0,0,0
100000.0,360.0,12.5,689.0,6.43,59.0,2.0,0,0,0,0,0,0,0,0,0,1,1,0,1,0
203000.0,24.0,8.13,768.0,0.93,23.0,1.0,0,1,0,0,0,0,1,0,0,0,0,1,1,0
542000.0,240.0,8.15,702.0,8.35,57.0,1.0,0,0,1,0,0,0,0,0,1,0,0,1,0,1
606000.0,240.0,14.16,616.0,0.0,48.0,1.0,0,0,1,0,0,0,0,0,0,0,0,1,0,1
814000.0,36.0,9.58,699.0,0.0,31.0,2.0,0,0,0,0,1,1,0,0,0,0,0,0,0,1
635000.0,36.0,11.76,676.0,8.33,57.0,1.0,0,0,1,0,0,0,0,0,0,0,0,1,1,0
727000.0,12.0,10.69,784.0,12.79,62.0,0.0,1,0,1,0,0,0,0,1,0,0,0,0,0,1
729000.0,240.0,10.56,761.0,6.89,31.0,1.0,0,0,1,0,0,0,0,0,1,0,0,0,0,0
790000.0,36.0,10.74,704.0,4.49,46.0,2.0,0,0,0,1,0,0,0,1,0,0,0,0,0,1
404000.0,120.0,12.5,695.0,2.12,24.0,3.0,0,0,0,0,1,0,0,0,1,0,0,1,0,0
564000.0,24.0,8.7,735.0,5.56,46.0,1.0,0,1,0,0,0,0,0,0,0,0,0,1,1,0
897000.0,36.0,10.93,688.0,3.44,25.0,3.0,0,0,1,0,0,0,0,1,0,0,0,1,0,1
570000.0,120.0,9.53,830.0,7.28,42.0,4.0,0,0,1,0,0,0,0,0,0,1,0,1,0,1
1069000.0,12.0,9.39,618.0,3.98,35.0,2.0,0,0,0,0,0,0,0,0,0,1,1,0,1,0
499000.0,360.0,11.33,717.0,12.11,21.0,3.0,0,0,0,0,0,0,1,0,0,0,1,0,1,0
100000.0,12.0,13.93,737.0,3.44,26.0,1.0,0,1,0,0,0,0,1,0,0,0,1,0,1,0
813000.0,12.0,11.85,729.0,20.0,30.0,2.0,0,0,1,0,0,0,0,0,0,0,0,0,0,1
381000.0,24.0,11.02,702.0,1.96,48.0,4.0,0,0,0,0,1,0,0,0,0,0,0,0,0,1
425000.0,120.0,9.48,750.0,9.92,26.0,0.0,0,0,1,0,0,0,0,0,0,0,0,0,1,0
366000.0,24.0,12.37,636.0,0.0,41.0,3.0,1,1,0,0,0,0,0,0,0,0,0,0,0,1
393000.0,240.0,9.06,639.0,4.17,32.0,4.0,0,0,0,0,0,0,1,0,0,0,1,0,0,1
479000.0,120.0,10.68,635.0,8.33,41.0,2.0,0,0,0,0,0,0,1,0,0,0,1,0,0,0
185000.0,60.0,10.27,675.0,3.91,29.0,3.0,0,0,0,0,0,0,0,0,1,0,0,1,1,0
1058000.0,120.0,11.93,657.0,10.78,41.0,0.0,0,0,0,0,0,0,0,1,0,0,0,1,0,1
100000.0,120.0,11.37,697.0,6.47,26.0,3.0,0,0,0,0,0,0,0,1,0,0,0,1,0,0
605000.0,360.0,9.21,799.0,3.05,45.0,4.0,0,0,0,0,0,0,0,0,0,1,0,0,0,0
683000.0,36.0,7.69,711.0,4.89,64.0,2.0,0,0,0,1,0,0,0,0,0,0,0,1,0,1
1154000.0,360.0,11.72,722.0,0.0,58.0,0.0,0,0,0,1,0,0,0,0,1,0,0,0,0,1
169000.0,240.0,12.51,746.0,0.44,37.0,1.0,0,0,1,0,0,0,0,0,1,0,0,1,0,1
